exception_id,source,table_name,record_id,record_key,order_id,check_name,reason,severity,purchase_date_key,state_code
1685,data_quality,orders,48832,396af24f9fbfbbb946c61236fa1cf895,396af24f9fbfbbb946c61236fa1cf895,carrier_before_approval,handed to carrier 2018-07-23 11:17:00 before approval 2018-07-23 12:31:38,low,20180722,SP
2254,data_quality,orders,87212,3c8c8b2ae428da4a2bd9c4547354630c,3c8c8b2ae428da4a2bd9c4547354630c,carrier_before_approval,handed to carrier 2018-07-05 10:43:00 before approval 2018-07-05 16:33:14,low,20180704,MG
923,data_quality,orders,1103,cee9f1845c95efd83885a0b2f7a22b83,cee9f1845c95efd83885a0b2f7a22b83,carrier_before_approval,handed to carrier 2018-07-31 15:00:00 before approval 2018-08-01 16:31:40,low,20180729,PR
2660,reconciliation,reconciliation,16941,501f63846d45f483acca1c6e89398610,501f63846d45f483acca1c6e89398610,recon_installment_interest,"sold 66.78 vs paid 75.49 BRL, gap 8.71",low,20170425,RS
1479,data_quality,orders,36278,b090db406a3c2b8c132d12115b575fa8,b090db406a3c2b8c132d12115b575fa8,carrier_before_approval,handed to carrier 2018-07-05 14:47:00 before approval 2018-07-05 16:41:02,low,20180704,SP
976,data_quality,orders,4062,26449e55a87a5c565d60238999c380ff,26449e55a87a5c565d60238999c380ff,carrier_before_approval,handed to carrier 2018-04-23 10:42:46 before approval 2018-04-24 18:55:14,low,20180422,SP
2468,data_quality,orders,99267,76a948cd55bf22799753720d4545dd2d,76a948cd55bf22799753720d4545dd2d,carrier_before_approval,handed to carrier 2018-01-31 18:11:58 before approval 2018-02-04 23:31:46,low,20180130,AL
1221,data_quality,orders,19013,472ef9d922172a83923731547a53978f,472ef9d922172a83923731547a53978f,carrier_before_approval,handed to carrier 2018-04-23 19:28:40 before approval 2018-04-24 19:02:00,low,20180422,RJ
2015,data_quality,orders,71140,f2af7540e2b81731609d138b17191794,f2af7540e2b81731609d138b17191794,carrier_before_approval,handed to carrier 2018-07-04 12:15:00 before approval 2018-07-05 16:32:46,low,20180703,SP
47,data_quality,order_payments,50050,e937de71316fb3186e4113977cb96741|2,e937de71316fb3186e4113977cb96741,payment_sequence_gap,payment_sequential jumps from 0 to 2,low,20180210,PA
1674,data_quality,orders,48225,5914b571e2efd1eca2e2d5dc0a50f155,5914b571e2efd1eca2e2d5dc0a50f155,carrier_before_approval,handed to carrier 2018-04-24 16:36:40 before approval 2018-04-24 18:22:56,low,20180423,BA
2425,data_quality,orders,97466,b2642502bf8864ede538c80b67275178,b2642502bf8864ede538c80b67275178,carrier_before_approval,handed to carrier 2018-07-05 14:30:00 before approval 2018-07-05 16:22:31,low,20180630,SP
1802,data_quality,orders,56721,af79819a5f90540c8d9a0eb9a4ed589c,af79819a5f90540c8d9a0eb9a4ed589c,carrier_before_approval,handed to carrier 2018-07-05 14:09:00 before approval 2018-07-05 16:33:00,low,20180703,SC
2315,data_quality,orders,90570,2583d08371c2662c10a4db6a9d158826,2583d08371c2662c10a4db6a9d158826,carrier_before_approval,handed to carrier 2018-04-23 21:26:37 before approval 2018-04-24 19:04:34,low,20180422,MG
2857,reconciliation,reconciliation,35600,1cd8d1567debd198821fe9d46d99b5b1,1cd8d1567debd198821fe9d46d99b5b1,recon_installment_interest,"sold 104.88 vs paid 130.00 BRL, gap 25.12",low,20170925,RJ
2087,data_quality,orders,75724,5bda85803d5b100f4a2c1aea2f89c40d,5bda85803d5b100f4a2c1aea2f89c40d,carrier_before_approval,handed to carrier 2018-07-05 15:07:00 before approval 2018-07-05 16:23:41,low,20180703,SP
2300,data_quality,orders,89951,6b66feb014823833433d386dad897fcd,6b66feb014823833433d386dad897fcd,carrier_before_approval,handed to carrier 2018-07-05 10:23:00 before approval 2018-07-05 16:25:46,low,20180703,MG
945,data_quality,orders,2266,e1489cb4d16876c628a2dadb8e675c9a,e1489cb4d16876c628a2dadb8e675c9a,carrier_before_approval,handed to carrier 2018-04-23 18:21:31 before approval 2018-04-24 19:04:58,low,20180422,MG
2116,data_quality,orders,78249,0668d086b3ae41adde3aed3dacbc8fae,0668d086b3ae41adde3aed3dacbc8fae,carrier_before_approval,handed to carrier 2018-07-04 10:59:00 before approval 2018-07-05 16:25:40,low,20180703,CE
1316,data_quality,orders,25219,36870d717737ef5f4b201e7787c3ea6f,36870d717737ef5f4b201e7787c3ea6f,carrier_before_approval,handed to carrier 2018-07-05 14:43:00 before approval 2018-07-05 16:35:32,low,20180704,MG
2364,data_quality,orders,93681,4f3a6e28d764cf896b1fceb0028422c8,4f3a6e28d764cf896b1fceb0028422c8,carrier_before_approval,handed to carrier 2018-07-03 16:52:00 before approval 2018-07-05 16:21:50,low,20180703,SP
1599,data_quality,orders,43972,f8d0d96aa37dec6d5889d28cf88574b5,f8d0d96aa37dec6d5889d28cf88574b5,carrier_before_approval,handed to carrier 2018-07-04 14:19:00 before approval 2018-07-05 16:14:44,low,20180630,RJ
70,data_quality,order_payments,74450,9e20564752c879d871ac6c809777e4d1|2,9e20564752c879d871ac6c809777e4d1,payment_sequence_gap,payment_sequential jumps from 0 to 2,low,20180123,SP
1451,data_quality,orders,34162,e3f0b406629d8e6309d61f34a2087d71,e3f0b406629d8e6309d61f34a2087d71,carrier_before_approval,handed to carrier 2018-04-23 19:04:00 before approval 2018-04-24 18:05:33,low,20180422,SP
1699,data_quality,orders,49741,afce0ce9c7f274fe0f46591b25e9d438,afce0ce9c7f274fe0f46591b25e9d438,carrier_before_approval,handed to carrier 2018-02-10 01:17:51 before approval 2018-02-10 10:18:48,low,20180208,SC
1730,data_quality,orders,51588,69aca49c98f05af05bec6fa1f87a3059,69aca49c98f05af05bec6fa1f87a3059,carrier_before_purchase,handed to carrier 2018-07-20 12:01:00 before purchase 2018-07-20 13:19:19,high,20180720,RJ
1957,data_quality,orders,67845,db090a16182b263b1e896bb26c6f66cf,db090a16182b263b1e896bb26c6f66cf,carrier_before_purchase,handed to carrier 2018-07-13 13:59:00 before purchase 2018-07-13 16:14:08,high,20180713,RS
2441,data_quality,orders,98173,f7780ea2807db31691e83f0013294035,f7780ea2807db31691e83f0013294035,carrier_before_purchase,handed to carrier 2018-07-30 15:00:00 before purchase 2018-07-30 15:22:15,high,20180730,SP
2430,data_quality,orders,97698,3b40ede283844ba0fbdd110f8a56792f,3b40ede283844ba0fbdd110f8a56792f,carrier_before_purchase,handed to carrier 2018-07-18 13:06:00 before purchase 2018-07-18 14:35:41,high,20180718,SP
1882,data_quality,orders,62065,c6f11a51ee3384a11e50cc55dc685c24,c6f11a51ee3384a11e50cc55dc685c24,carrier_before_purchase,handed to carrier 2018-08-15 13:56:00 before purchase 2018-08-15 14:02:44,high,20180815,SP
1365,data_quality,orders,27833,bb3164e0236b64b580d475215f1004d2,bb3164e0236b64b580d475215f1004d2,carrier_before_purchase,handed to carrier 2018-06-19 13:58:00 before purchase 2018-06-19 15:12:47,high,20180619,SP
2372,data_quality,orders,94036,2ef2818bc1477c39bc32b093812b85e8,2ef2818bc1477c39bc32b093812b85e8,carrier_before_purchase,handed to carrier 2018-05-28 14:33:00 before purchase 2018-05-28 14:33:54,high,20180528,DF
1323,data_quality,orders,25457,800bb72be8df9c5372c6a4235d38de9b,800bb72be8df9c5372c6a4235d38de9b,carrier_before_purchase,handed to carrier 2018-05-14 14:47:00 before purchase 2018-05-14 14:55:29,high,20180514,RJ
1050,data_quality,orders,8127,6c5d1e03493316b72304f07834a03325,6c5d1e03493316b72304f07834a03325,carrier_before_purchase,handed to carrier 2018-06-12 13:06:00 before purchase 2018-06-12 13:56:41,high,20180612,BA
1564,data_quality,orders,41619,1d54af1bf3179b54f046212de28f8bc7,1d54af1bf3179b54f046212de28f8bc7,carrier_before_purchase,handed to carrier 2018-08-09 08:33:00 before purchase 2018-08-09 08:37:26,high,20180809,ES
2435,data_quality,orders,98064,269ad8edf5c7dd6bfbe01dc68832f6ce,269ad8edf5c7dd6bfbe01dc68832f6ce,carrier_before_purchase,handed to carrier 2018-08-16 15:34:00 before purchase 2018-08-16 15:38:33,high,20180816,RJ
1115,data_quality,orders,12333,fb3cf8c9eb2412b0edc0a00a8f43a869,fb3cf8c9eb2412b0edc0a00a8f43a869,carrier_before_purchase,handed to carrier 2018-05-29 13:58:00 before purchase 2018-05-29 14:07:25,high,20180529,RJ
1997,data_quality,orders,70033,52a547866cd2082c600fb72eced19331,52a547866cd2082c600fb72eced19331,carrier_before_purchase,handed to carrier 2018-05-16 14:29:00 before purchase 2018-05-16 15:02:31,high,20180516,MG
2035,data_quality,orders,72545,5fc25db83662b2660bd61440ba3ec9b8,5fc25db83662b2660bd61440ba3ec9b8,carrier_before_purchase,handed to carrier 2018-07-31 13:43:00 before purchase 2018-07-31 14:50:52,high,20180731,RS
1549,data_quality,orders,41089,819c0a8de9efdc8a6886525a06dc7967,819c0a8de9efdc8a6886525a06dc7967,carrier_before_purchase,handed to carrier 2018-07-04 15:30:00 before purchase 2018-07-04 16:10:42,high,20180704,SP
1131,data_quality,orders,13405,28fb57d39d543fade1e8fa4804f7483e,28fb57d39d543fade1e8fa4804f7483e,carrier_before_purchase,handed to carrier 2018-06-07 14:09:00 before purchase 2018-06-07 14:47:17,high,20180607,SC
1239,data_quality,orders,20619,f5dd62b788049ad9fc0526e3ad11a097,f5dd62b788049ad9fc0526e3ad11a097,delivered_without_date,status is delivered but order_delivered_customer_date is empty,medium,20180620,SP
1709,data_quality,orders,50374,0922ee1619de7b995648e5a8407afb91,0922ee1619de7b995648e5a8407afb91,delivered_before_carrier,delivered 2017-07-12 20:49:42 before carrier pickup 2017-07-14 12:41:34,medium,20170711,SP
2137,data_quality,orders,79402,89d32b64af005178b318f76cd60f2c3c,89d32b64af005178b318f76cd60f2c3c,carrier_before_purchase,handed to carrier 2018-07-06 09:48:00 before purchase 2018-07-06 11:54:40,high,20180706,SP
1268,data_quality,orders,22249,9dafdbeb6a7b7240bc32fd6861c42f54,9dafdbeb6a7b7240bc32fd6861c42f54,carrier_before_purchase,handed to carrier 2018-06-07 12:02:00 before purchase 2018-06-07 13:02:12,high,20180607,MG
2213,data_quality,orders,85432,cab5ff5f1347330a7576a8aa80bd1774,cab5ff5f1347330a7576a8aa80bd1774,carrier_before_purchase,handed to carrier 2018-06-27 11:10:00 before purchase 2018-06-27 11:57:41,high,20180627,MG
1859,data_quality,orders,60309,129b63bc323d7b5b2965a143b2e72cc7,129b63bc323d7b5b2965a143b2e72cc7,carrier_before_purchase,handed to carrier 2018-05-30 14:33:00 before purchase 2018-05-30 14:33:24,high,20180530,MG
1001,data_quality,orders,5215,a5a9f45d795fafe0077043697f62fd4f,a5a9f45d795fafe0077043697f62fd4f,carrier_before_purchase,handed to carrier 2018-07-04 13:41:00 before purchase 2018-07-04 14:45:20,high,20180704,GO
1455,data_quality,orders,34434,fd58bdbb6cc5d7519e063c3ceb7e951b,fd58bdbb6cc5d7519e063c3ceb7e951b,carrier_before_purchase,handed to carrier 2018-04-25 12:36:00 before purchase 2018-04-25 13:02:26,high,20180425,MA
2433,data_quality,orders,98039,20edc82cf5400ce95e1afacc25798b31,20edc82cf5400ce95e1afacc25798b31,delivered_without_date,status is delivered but order_delivered_customer_date is empty,medium,20180627,SP
2202,data_quality,orders,84312,ba992a67b91b76a97c227e1ad48658f5,ba992a67b91b76a97c227e1ad48658f5,carrier_before_purchase,handed to carrier 2018-08-03 13:58:00 before purchase 2018-08-03 14:48:15,high,20180803,CE
1597,data_quality,orders,43835,2ebdfc4f15f23b91474edf87475f108e,2ebdfc4f15f23b91474edf87475f108e,delivered_without_date,status is delivered but order_delivered_customer_date is empty,medium,20180701,SP
77,data_quality,order_payments,79015,1a57108394169c0b47d8f876acc9ba2d|2,1a57108394169c0b47d8f876acc9ba2d,payment_sequence_gap,payment_sequential jumps from 0 to 2,low,20180515,BA
932,data_quality,orders,1373,a6b58794fd2ba533359a76c08df576e3,a6b58794fd2ba533359a76c08df576e3,carrier_before_purchase,handed to carrier 2018-05-14 13:46:00 before purchase 2018-05-14 15:18:23,high,20180514,RS
1294,data_quality,orders,23985,154029fef0e3e2f72ef09775cc9d1af1,154029fef0e3e2f72ef09775cc9d1af1,carrier_before_purchase,handed to carrier 2018-05-22 10:46:00 before purchase 2018-05-22 11:29:21,high,20180522,RJ
2113,data_quality,orders,77728,5fbe0933118a1dec4ac5424ef0ed0686,5fbe0933118a1dec4ac5424ef0ed0686,carrier_before_purchase,handed to carrier 2018-07-06 08:22:00 before purchase 2018-07-06 08:48:19,high,20180706,MG
1568,data_quality,orders,41925,48300f948ed1d70ff6e5f733e30e5816,48300f948ed1d70ff6e5f733e30e5816,carrier_before_purchase,handed to carrier 2018-06-21 13:09:00 before purchase 2018-06-21 14:37:50,high,20180621,GO
972,data_quality,orders,3662,2033a4586b5bec3229ebc1675a8ae092,2033a4586b5bec3229ebc1675a8ae092,carrier_before_purchase,handed to carrier 2018-06-12 10:09:00 before purchase 2018-06-12 10:10:25,high,20180612,RJ
2165,data_quality,orders,82045,9ddadedc86122b4be334ddb751017997,9ddadedc86122b4be334ddb751017997,carrier_before_purchase,handed to carrier 2018-07-05 15:29:00 before purchase 2018-07-05 16:06:25,high,20180705,DF
2078,data_quality,orders,75032,719beedd6c2193b3e1e1ea1d2706eaf1,719beedd6c2193b3e1e1ea1d2706eaf1,carrier_before_purchase,handed to carrier 2018-06-20 13:32:00 before purchase 2018-06-20 14:02:25,high,20180620,SP
1992,data_quality,orders,69602,9292a5004e4adeb999700abae47eb13b,9292a5004e4adeb999700abae47eb13b,carrier_before_purchase,handed to carrier 2018-05-30 13:40:00 before purchase 2018-05-30 14:32:46,high,20180530,SC
982,data_quality,orders,4160,dee6298ce7d1fb2645141ef9972157aa,dee6298ce7d1fb2645141ef9972157aa,carrier_before_purchase,handed to carrier 2018-04-30 12:59:00 before purchase 2018-04-30 14:06:12,high,20180430,GO
1065,data_quality,orders,9554,383aa8b2724fe452d9ccd9934a8c628b,383aa8b2724fe452d9ccd9934a8c628b,delivered_before_carrier,delivered 2017-07-06 14:27:51 before carrier pickup 2017-07-07 17:22:41,medium,20170702,MG
2204,data_quality,orders,84496,15e67a6eec264915cd81f8f57dbacd81,15e67a6eec264915cd81f8f57dbacd81,carrier_before_purchase,handed to carrier 2018-08-07 12:39:00 before purchase 2018-08-07 14:05:50,high,20180807,RJ
1369,data_quality,orders,28040,b39c24b97fedca1cb67932d9864957c6,b39c24b97fedca1cb67932d9864957c6,carrier_before_purchase,handed to carrier 2018-06-18 12:53:00 before purchase 2018-06-18 13:48:28,high,20180618,PR
1247,data_quality,orders,21339,8c78d01de3a9009e23d6877a7cc9be20,8c78d01de3a9009e23d6877a7cc9be20,delivered_before_carrier,delivered 2016-10-25 17:51:46 before carrier pickup 2016-10-26 11:41:53,medium,20161008,SP
925,data_quality,orders,1112,ad133696906f6a78826daa0911b7daec,ad133696906f6a78826daa0911b7daec,carrier_before_purchase,handed to carrier 2018-06-15 14:52:00 before purchase 2018-06-15 15:41:22,high,20180615,SC
1408,data_quality,orders,30803,d5b8231ec694904371f3efcd3450ee94,d5b8231ec694904371f3efcd3450ee94,carrier_before_purchase,handed to carrier 2018-06-06 14:34:00 before purchase 2018-06-06 14:58:22,high,20180606,PR
990,data_quality,orders,4661,d454d6650d375ebc3f9667a4d2fe161c,d454d6650d375ebc3f9667a4d2fe161c,carrier_before_purchase,handed to carrier 2018-05-10 09:11:00 before purchase 2018-05-10 09:12:16,high,20180510,SP
1658,data_quality,orders,47291,dadc329b35c6c0dcbe7c3ddb1923f51a,dadc329b35c6c0dcbe7c3ddb1923f51a,carrier_before_purchase,handed to carrier 2018-06-29 15:47:00 before purchase 2018-06-29 16:01:12,high,20180629,RS
1734,data_quality,orders,51833,7fb538147fab748faf726e6706589b74,7fb538147fab748faf726e6706589b74,carrier_before_purchase,handed to carrier 2018-08-16 14:19:00 before purchase 2018-08-16 14:26:06,high,20180816,SP
1227,data_quality,orders,19300,1046a71a57b33b4a92f9f932237f1ab0,1046a71a57b33b4a92f9f932237f1ab0,carrier_before_purchase,handed to carrier 2018-07-31 12:57:00 before purchase 2018-07-31 13:56:17,high,20180731,GO
1292,data_quality,orders,23967,e0017093576ff7e25777c2d023eb1cd9,e0017093576ff7e25777c2d023eb1cd9,carrier_before_purchase,handed to carrier 2018-06-26 14:50:00 before purchase 2018-06-26 14:57:28,high,20180626,RJ
1915,data_quality,orders,64702,70f814478ea3019fff8677f0aca6a54b,70f814478ea3019fff8677f0aca6a54b,carrier_before_purchase,handed to carrier 2018-08-23 15:31:00 before purchase 2018-08-23 15:58:16,high,20180823,SP
1560,data_quality,orders,41558,9ac6f439f70af60a204c7d47285fa099,9ac6f439f70af60a204c7d47285fa099,carrier_before_purchase,handed to carrier 2018-08-16 14:20:00 before purchase 2018-08-16 15:46:02,high,20180816,RS
2003,data_quality,orders,70112,514988a3e142461049264d74b768b365,514988a3e142461049264d74b768b365,carrier_before_purchase,handed to carrier 2018-07-31 16:18:00 before purchase 2018-07-31 16:20:05,high,20180731,PR
2039,data_quality,orders,72799,8e2180a4fcb4cc57d8e0737c95cd4d28,8e2180a4fcb4cc57d8e0737c95cd4d28,carrier_before_purchase,handed to carrier 2018-07-03 13:32:00 before purchase 2018-07-03 14:21:21,high,20180703,RS
1628,data_quality,orders,45522,0474da9403011efc4abd2bf594e9b68b,0474da9403011efc4abd2bf594e9b68b,carrier_before_purchase,handed to carrier 2018-08-08 12:19:00 before purchase 2018-08-08 13:18:36,high,20180808,MG
1823,data_quality,orders,58267,770d331c84e5b214bd9dc70a10b829d0,770d331c84e5b214bd9dc70a10b829d0,delivery_date_on_undelivered_order,status is canceled but a customer delivery date exists,medium,20161007,RJ
1074,data_quality,orders,9680,1227f9af3b2ddb0b95060aab8e5b3dc7,1227f9af3b2ddb0b95060aab8e5b3dc7,carrier_before_purchase,handed to carrier 2018-05-10 14:00:00 before purchase 2018-05-10 14:48:29,high,20180510,MT
2353,data_quality,orders,92924,a6f2940cae871bfd63ea94dd5c476a62,a6f2940cae871bfd63ea94dd5c476a62,carrier_before_purchase,handed to carrier 2018-08-07 09:48:00 before purchase 2018-08-07 09:53:58,high,20180807,SP
2389,data_quality,orders,94864,5d2360b577af310633223b53506dcfaa,5d2360b577af310633223b53506dcfaa,carrier_before_purchase,handed to carrier 2018-06-13 09:52:00 before purchase 2018-06-13 11:33:10,high,20180613,MA
1080,data_quality,orders,10048,2996234f359b5a3b99263b0f5b841d86,2996234f359b5a3b99263b0f5b841d86,carrier_before_purchase,handed to carrier 2018-08-15 14:16:00 before purchase 2018-08-15 15:48:50,high,20180815,RS
2336,data_quality,orders,91480,1d400d95c6669247200db54206a74b55,1d400d95c6669247200db54206a74b55,carrier_before_purchase,handed to carrier 2018-07-04 15:17:00 before purchase 2018-07-04 15:20:14,high,20180704,SP
1928,data_quality,orders,65905,6c28cf68e8389e5024135b3d33d8a987,6c28cf68e8389e5024135b3d33d8a987,carrier_before_purchase,handed to carrier 2018-05-09 11:09:00 before purchase 2018-05-09 12:23:00,high,20180509,SP
1508,data_quality,orders,38220,c3c86ecc0f7508ffce2a4662f49d9d8b,c3c86ecc0f7508ffce2a4662f49d9d8b,carrier_before_purchase,handed to carrier 2018-05-14 12:25:00 before purchase 2018-05-14 12:42:52,high,20180514,PR
1209,data_quality,orders,17832,fcb9ec0e86e6d326a21a96c2008c8610,fcb9ec0e86e6d326a21a96c2008c8610,carrier_before_purchase,handed to carrier 2018-08-16 16:27:00 before purchase 2018-08-16 16:28:13,high,20180816,SP
1495,data_quality,orders,37711,8c8005895f46f6c1bdf16697c70e645a,8c8005895f46f6c1bdf16697c70e645a,carrier_before_purchase,handed to carrier 2018-08-17 14:56:00 before purchase 2018-08-17 15:57:10,high,20180817,PI
1330,data_quality,orders,25884,7c48bb55e8e4f7e56d412e9653db37bc,7c48bb55e8e4f7e56d412e9653db37bc,carrier_before_purchase,handed to carrier 2018-01-26 13:35:00 before purchase 2018-07-16 18:40:53,high,20180716,SP
966,data_quality,orders,3474,b0c2a7d04b165525254254a728c50a4e,b0c2a7d04b165525254254a728c50a4e,carrier_before_purchase,handed to carrier 2018-06-07 13:22:00 before purchase 2018-06-07 13:28:30,high,20180607,RS
1630,data_quality,orders,45544,1cb3c680ddf904752646028ee22073a4,1cb3c680ddf904752646028ee22073a4,carrier_before_purchase,handed to carrier 2018-07-27 14:08:00 before purchase 2018-07-27 14:08:38,high,20180727,SP
2467,data_quality,orders,99231,78008d03bd8ef7fcf1568728b316553c,78008d03bd8ef7fcf1568728b316553c,carrier_before_purchase,handed to carrier 2018-07-03 12:57:00 before purchase 2018-07-03 13:11:13,high,20180703,SP
2304,data_quality,orders,90175,f379762648ae96c1d04844ca3308df86,f379762648ae96c1d04844ca3308df86,carrier_before_purchase,handed to carrier 2018-08-03 13:55:00 before purchase 2018-08-03 14:09:07,high,20180803,PR
1347,data_quality,orders,26898,ece7b7cba1247b9ac059fc6a6528a075,ece7b7cba1247b9ac059fc6a6528a075,carrier_before_purchase,handed to carrier 2018-05-15 15:05:00 before purchase 2018-05-15 15:17:06,high,20180515,RS
1642,data_quality,orders,46324,9e85367165bb242141b1f2638d6fc239,9e85367165bb242141b1f2638d6fc239,carrier_before_purchase,handed to carrier 2018-07-05 12:45:00 before purchase 2018-07-05 13:40:19,high,20180705,RS
1623,data_quality,orders,45303,29941903985f944b0ffc49c479c1547d,29941903985f944b0ffc49c479c1547d,delivered_before_carrier,delivered 2017-06-02 11:09:16 before carrier pickup 2017-06-09 15:07:29,medium,20170529,SP
1577,data_quality,orders,42159,eab659d04f2bba5abfe11a2e6ef92bd0,eab659d04f2bba5abfe11a2e6ef92bd0,carrier_before_purchase,handed to carrier 2018-06-05 12:34:00 before purchase 2018-06-05 13:24:11,high,20180605,MG
2132,data_quality,orders,79294,2ac520de90670f0cb695af6630a00c4a,2ac520de90670f0cb695af6630a00c4a,carrier_before_purchase,handed to carrier 2018-05-30 14:55:00 before purchase 2018-05-30 15:41:11,high,20180530,SP
2017,data_quality,orders,71228,19feb5627c41ea1b36a8e50a469b3644,19feb5627c41ea1b36a8e50a469b3644,delivered_before_carrier,delivered 2016-10-20 19:07:54 before carrier pickup 2016-10-26 11:42:05,medium,20161007,MG
2127,data_quality,orders,79121,9e6928e55ec6948338048d72ebdf2305,9e6928e55ec6948338048d72ebdf2305,carrier_before_purchase,handed to carrier 2018-04-27 15:08:00 before purchase 2018-04-27 15:12:36,high,20180427,SP
1013,data_quality,orders,5890,dab23a46abb860b6b4816df41eacd610,dab23a46abb860b6b4816df41eacd610,carrier_before_purchase,handed to carrier 2018-08-08 14:56:00 before purchase 2018-08-08 15:42:27,high,20180808,SP
1177,data_quality,orders,16176,33526a04c7941ab386cc410962b171a0,33526a04c7941ab386cc410962b171a0,carrier_before_purchase,handed to carrier 2018-07-24 13:03:00 before purchase 2018-07-24 13:43:20,high,20180724,MG
1212,data_quality,orders,18025,5b9075f2428968c2587dad5024af0f63,5b9075f2428968c2587dad5024af0f63,carrier_before_purchase,handed to carrier 2018-06-26 10:58:00 before purchase 2018-06-26 11:24:48,high,20180626,RJ
1900,data_quality,orders,63313,771e9bbd641d86a4ee75fe80bdf61d7b,771e9bbd641d86a4ee75fe80bdf61d7b,carrier_before_purchase,handed to carrier 2018-06-13 12:00:00 before purchase 2018-06-13 13:00:21,high,20180613,SC
985,data_quality,orders,4257,4e157a36ea9cf89bde6fff57a780b525,4e157a36ea9cf89bde6fff57a780b525,carrier_before_purchase,handed to carrier 2018-08-24 12:43:00 before purchase 2018-08-24 14:37:50,high,20180824,MG
2171,data_quality,orders,82243,978314826289d9ec86d6d6a627eaf810,978314826289d9ec86d6d6a627eaf810,carrier_before_purchase,handed to carrier 2018-05-05 09:38:00 before purchase 2018-05-05 10:58:56,high,20180505,MG
1258,data_quality,orders,21746,2ea06e4e577c7be86e2e35ab0d7e74b8,2ea06e4e577c7be86e2e35ab0d7e74b8,carrier_before_purchase,handed to carrier 2018-05-09 12:52:00 before purchase 2018-05-09 13:14:53,high,20180509,SP
2437,data_quality,orders,98073,46ac596698e8825788743fef0d54caca,46ac596698e8825788743fef0d54caca,carrier_before_purchase,handed to carrier 2018-05-16 13:36:00 before purchase 2018-05-16 15:09:03,high,20180516,MS
2453,data_quality,orders,98673,5ded8a3706eabd813685534724f066de,5ded8a3706eabd813685534724f066de,carrier_before_purchase,handed to carrier 2018-07-18 08:44:00 before purchase 2018-07-18 08:46:52,high,20180718,RS
1026,data_quality,orders,6438,a1abeb653a4d4cd1e142ccb8c82cd069,a1abeb653a4d4cd1e142ccb8c82cd069,delivered_before_carrier,delivered 2017-07-25 19:32:56 before carrier pickup 2017-07-28 16:57:58,medium,20170720,SP
1565,data_quality,orders,41637,b866af202be0692766081310cd4085e1,b866af202be0692766081310cd4085e1,delivered_before_carrier,delivered 2017-02-15 03:53:46 before carrier pickup 2017-02-20 02:32:08,medium,20170127,SP
1704,data_quality,orders,50087,1c723386781fca8d1e45ac747914962a,1c723386781fca8d1e45ac747914962a,carrier_before_purchase,handed to carrier 2018-08-06 15:06:00 before purchase 2018-08-06 15:47:47,high,20180806,ES
1139,data_quality,orders,13970,6192897f85cb2aff6dd1fca56fddb45e,6192897f85cb2aff6dd1fca56fddb45e,carrier_before_purchase,handed to carrier 2018-07-18 11:33:00 before purchase 2018-07-18 13:34:22,high,20180718,PR
1225,data_quality,orders,19269,5f9d46795c3126674e52becb3a1a517f,5f9d46795c3126674e52becb3a1a517f,delivered_before_carrier,delivered 2017-07-20 18:52:41 before carrier pickup 2017-07-20 23:03:42,medium,20170718,SP
1389,data_quality,orders,29269,b6ab1ce66f41dbbd8e998bfb0eab8bd5,b6ab1ce66f41dbbd8e998bfb0eab8bd5,carrier_before_purchase,handed to carrier 2018-06-26 13:53:00 before purchase 2018-06-26 14:14:25,high,20180626,SP
1824,data_quality,orders,58429,fbffbaaa30f4077e87ec6acdb835b278,fbffbaaa30f4077e87ec6acdb835b278,delivered_before_carrier,delivered 2017-08-03 20:30:00 before carrier pickup 2017-08-04 20:04:17,medium,20170730,SP
1786,data_quality,orders,55400,60f7dee462ea29c73d75c9dcccf5d870,60f7dee462ea29c73d75c9dcccf5d870,carrier_before_purchase,handed to carrier 2018-06-15 07:00:00 before purchase 2018-06-15 07:32:22,high,20180615,MG
1965,data_quality,orders,68154,42d23fff3eee93c6c3b0ac65d3ca1e93,42d23fff3eee93c6c3b0ac65d3ca1e93,carrier_before_purchase,handed to carrier 2018-06-30 08:58:00 before purchase 2018-06-30 09:11:46,high,20180630,SP
1429,data_quality,orders,32659,42a212a14fd3e3b7e9c8245a00e35369,42a212a14fd3e3b7e9c8245a00e35369,carrier_before_purchase,handed to carrier 2018-07-26 12:52:00 before purchase 2018-07-26 13:37:11,high,20180726,MS
1764,data_quality,orders,53856,64ff09b60c2714ff11ebcf304ed21fb6,64ff09b60c2714ff11ebcf304ed21fb6,carrier_before_purchase,handed to carrier 2018-07-31 13:34:00 before purchase 2018-07-31 14:04:37,high,20180731,RJ
2446,data_quality,orders,98431,d7646ffe8fdd9e7d9557f9f7cbf04530,d7646ffe8fdd9e7d9557f9f7cbf04530,carrier_before_purchase,handed to carrier 2018-05-04 14:48:00 before purchase 2018-05-04 14:50:37,high,20180504,MG
1326,data_quality,orders,25647,e37f11cae9985ca58f0b56f268720537,e37f11cae9985ca58f0b56f268720537,delivered_before_carrier,delivered 2017-07-31 17:49:56 before carrier pickup 2017-08-01 18:17:47,medium,20170726,SC
1969,data_quality,orders,68313,3ee6694bb99d5a6db0deceffcd099597,3ee6694bb99d5a6db0deceffcd099597,delivered_before_carrier,delivered 2017-07-11 17:41:26 before carrier pickup 2017-07-11 18:15:40,medium,20170707,SP
1893,data_quality,orders,62825,ed274ecbd297951203b23b1e071eb593,ed274ecbd297951203b23b1e071eb593,carrier_before_purchase,handed to carrier 2018-05-15 14:13:00 before purchase 2018-05-15 15:33:44,high,20180515,SP
2069,data_quality,orders,74447,71435a06cf53842e055368f881a38b61,71435a06cf53842e055368f881a38b61,carrier_before_purchase,handed to carrier 2018-07-25 14:38:00 before purchase 2018-07-25 15:40:26,high,20180725,MG
1805,data_quality,orders,57034,97d3870e43e40f4dcac70eec95a6b146,97d3870e43e40f4dcac70eec95a6b146,carrier_before_purchase,handed to carrier 2018-08-10 12:11:00 before purchase 2018-08-10 12:23:32,high,20180810,PI
956,data_quality,orders,2922,1950d777989f6a877539f53795b4c3c3,1950d777989f6a877539f53795b4c3c3,delivery_date_on_undelivered_order,status is canceled but a customer delivery date exists,medium,20180219,MG
2190,data_quality,orders,83322,4021cd7611d6d9ce5ffcd24817fc374f,4021cd7611d6d9ce5ffcd24817fc374f,carrier_before_purchase,handed to carrier 2018-08-14 06:22:00 before purchase 2018-08-18 11:49:40,high,20180818,SP
1742,data_quality,orders,52325,44dd8e3e7650c35a1973a42498626ded,44dd8e3e7650c35a1973a42498626ded,carrier_before_purchase,handed to carrier 2018-07-13 14:36:00 before purchase 2018-07-13 15:08:43,high,20180713,SP
1391,data_quality,orders,29303,4048feff4f2e6e394bcaf4981d27a9bd,4048feff4f2e6e394bcaf4981d27a9bd,carrier_before_purchase,handed to carrier 2018-06-25 11:56:00 before purchase 2018-06-25 11:59:16,high,20180625,SP
1161,data_quality,orders,15437,a103ca0d5926c0afb6a2892545f93a7c,a103ca0d5926c0afb6a2892545f93a7c,carrier_before_purchase,handed to carrier 2018-05-16 14:05:00 before purchase 2018-05-16 14:37:16,high,20180516,RJ
2268,data_quality,orders,88096,35ae091cd580f7c6dbb7f8c1552740fd,35ae091cd580f7c6dbb7f8c1552740fd,carrier_before_purchase,handed to carrier 2018-08-15 13:46:00 before purchase 2018-08-15 14:04:47,high,20180815,PR
958,data_quality,orders,3003,2d1e2d5bf4dc7227b3bfebb81328c15f,2d1e2d5bf4dc7227b3bfebb81328c15f,delivered_without_date,status is delivered but order_delivered_customer_date is empty,medium,20171128,SP
1355,data_quality,orders,27471,fa3e37584f4fdb1ded0e0de700dfcb4e,fa3e37584f4fdb1ded0e0de700dfcb4e,delivered_before_carrier,delivered 2017-08-01 21:13:01 before carrier pickup 2017-08-09 18:18:43,medium,20170730,SP
1174,data_quality,orders,16097,a14cb0a59ebadf133edc5ccb9ccfc0e7,a14cb0a59ebadf133edc5ccb9ccfc0e7,carrier_before_purchase,handed to carrier 2018-06-26 15:18:00 before purchase 2018-06-26 15:38:05,high,20180626,SP
2134,data_quality,orders,79355,385de16f1457125fdef85002bdc4f7d4,385de16f1457125fdef85002bdc4f7d4,carrier_before_purchase,handed to carrier 2018-08-16 15:17:00 before purchase 2018-08-16 16:45:08,high,20180816,GO
1231,data_quality,orders,19745,1388e91d7d43769d6bd71f89a48a2929,1388e91d7d43769d6bd71f89a48a2929,carrier_before_purchase,handed to carrier 2018-06-18 12:22:00 before purchase 2018-06-18 14:04:50,high,20180618,RJ
1775,data_quality,orders,54833,71fecd3061e596fd59e65e9d62886535,71fecd3061e596fd59e65e9d62886535,carrier_before_purchase,handed to carrier 2018-05-08 13:43:00 before purchase 2018-05-08 14:17:52,high,20180508,PA
938,data_quality,orders,1865,5792e0b1c8c8a2bf53af468c9a422c88,5792e0b1c8c8a2bf53af468c9a422c88,carrier_before_purchase,handed to carrier 2018-07-26 12:42:00 before purchase 2018-07-26 13:25:14,high,20180726,SP
1830,data_quality,orders,59333,8beb59392e21af5eb9547ae1a9938d06,8beb59392e21af5eb9547ae1a9938d06,delivery_date_on_undelivered_order,status is canceled but a customer delivery date exists,medium,20161008,RJ
1406,data_quality,orders,30772,995e90c3995e0f19a9579b90c6dcbad2,995e90c3995e0f19a9579b90c6dcbad2,carrier_before_purchase,handed to carrier 2018-07-04 14:51:00 before purchase 2018-07-04 14:52:16,high,20180704,SP
2311,data_quality,orders,90374,99ad48402644a3968f2481defdc57947,99ad48402644a3968f2481defdc57947,delivered_before_carrier,delivered 2017-08-10 21:22:31 before carrier pickup 2017-08-12 00:03:35,medium,20170807,SC
1782,data_quality,orders,55155,12052ac6aa067434388199224c0f11bc,12052ac6aa067434388199224c0f11bc,carrier_before_purchase,handed to carrier 2018-07-31 12:51:00 before purchase 2018-07-31 13:16:33,high,20180731,BA
1280,data_quality,orders,22944,e300c76076c4b56031abe6f3ff54817f,e300c76076c4b56031abe6f3ff54817f,carrier_before_purchase,handed to carrier 2018-08-15 10:27:00 before purchase 2018-08-15 10:59:22,high,20180815,RS
1542,data_quality,orders,40742,fe206005e41f89f9759ece7fe7acc9c3,fe206005e41f89f9759ece7fe7acc9c3,carrier_before_purchase,handed to carrier 2018-06-25 14:08:00 before purchase 2018-06-25 15:05:27,high,20180625,PR
2224,data_quality,orders,85876,f79be098ac7bd8ee0c272aa8f6b61d50,f79be098ac7bd8ee0c272aa8f6b61d50,carrier_before_purchase,handed to carrier 2018-07-10 14:35:00 before purchase 2018-07-10 15:33:31,high,20180710,MG
2348,data_quality,orders,92637,65d1e226dfaeb8cdc42f665422522d14,65d1e226dfaeb8cdc42f665422522d14,delivery_date_on_undelivered_order,status is canceled but a customer delivery date exists,medium,20161003,RJ
1071,data_quality,orders,9650,ede6a833580744e002b0ee65323a3006,ede6a833580744e002b0ee65323a3006,carrier_before_purchase,handed to carrier 2018-08-17 14:07:00 before purchase 2018-08-17 15:11:53,high,20180817,SP
1457,data_quality,orders,34540,0fa2c93bbfbce2c287bb56660c3998e3,0fa2c93bbfbce2c287bb56660c3998e3,carrier_before_purchase,handed to carrier 2018-06-18 14:06:00 before purchase 2018-06-18 14:54:21,high,20180618,RS
954,data_quality,orders,2761,c3eb293fd154223498b6551a728203e8,c3eb293fd154223498b6551a728203e8,carrier_before_purchase,handed to carrier 2018-07-19 13:49:00 before purchase 2018-07-19 14:06:04,high,20180719,SC
2403,data_quality,orders,95635,f688669f48063536e082bb32d634cd46,f688669f48063536e082bb32d634cd46,delivered_before_carrier,delivered 2016-10-20 20:33:27 before carrier pickup 2016-10-21 18:02:40,medium,20161007,RJ
2355,data_quality,orders,93114,a250092009e031f3162f9134a40261c2,a250092009e031f3162f9134a40261c2,carrier_before_purchase,handed to carrier 2018-06-25 13:07:00 before purchase 2018-06-25 13:29:12,high,20180625,ES
1156,data_quality,orders,15014,e1bea0700731c9179b4e7e2e0183aa14,e1bea0700731c9179b4e7e2e0183aa14,carrier_before_purchase,handed to carrier 2018-08-03 15:09:00 before purchase 2018-08-03 15:37:48,high,20180803,SP
2093,data_quality,orders,76121,771c4f1f521f462e4b95619e648aaeab,771c4f1f521f462e4b95619e648aaeab,delivered_before_carrier,delivered 2017-03-28 17:28:32 before carrier pickup 2017-03-30 13:14:34,medium,20170322,MG
2345,data_quality,orders,92456,13134fe6dc043430a875ece99381223b,13134fe6dc043430a875ece99381223b,carrier_before_purchase,handed to carrier 2018-06-13 13:28:00 before purchase 2018-06-13 14:48:16,high,20180613,SP
1253,data_quality,orders,21644,f2a150c813c1eb96fd1883c1ed8fd9e5,f2a150c813c1eb96fd1883c1ed8fd9e5,carrier_before_purchase,handed to carrier 2018-06-19 10:14:00 before purchase 2018-06-19 10:14:30,high,20180619,MT
1133,data_quality,orders,13488,cb1134f9010d242e9515ad1c78ec0c39,cb1134f9010d242e9515ad1c78ec0c39,delivered_before_carrier,delivered 2017-07-19 14:13:28 before carrier pickup 2017-07-20 19:22:02,medium,20170716,SP
1594,data_quality,orders,43658,3ed559dec69ab96d9074fedaf18650eb,3ed559dec69ab96d9074fedaf18650eb,carrier_before_purchase,handed to carrier 2018-06-15 11:22:00 before purchase 2018-06-15 13:20:09,high,20180615,ES
1832,data_quality,orders,59417,2d26e963bdb342dbdae1fad7ad2ea511,2d26e963bdb342dbdae1fad7ad2ea511,carrier_before_purchase,handed to carrier 2018-08-14 12:23:00 before purchase 2018-08-14 12:35:00,high,20180814,SP
1652,data_quality,orders,46854,6f09086a54ed13a7f152d6339e2ee5a3,6f09086a54ed13a7f152d6339e2ee5a3,carrier_before_purchase,handed to carrier 2018-06-26 09:08:00 before purchase 2018-06-26 09:51:04,high,20180626,MG
2207,data_quality,orders,84678,e4c540c341b9a50b1a1b28e71867eb5b,e4c540c341b9a50b1a1b28e71867eb5b,carrier_before_purchase,handed to carrier 2018-04-26 14:55:00 before purchase 2018-04-26 15:55:42,high,20180426,SP
1691,data_quality,orders,49016,00d2559e61b9a0744a0552c35c5ecccb,00d2559e61b9a0744a0552c35c5ecccb,carrier_before_purchase,handed to carrier 2018-06-11 12:05:00 before purchase 2018-06-11 12:24:48,high,20180611,MG
1839,data_quality,orders,59675,4381b4b79d51e72e0eb56a2fd1aea7b9,4381b4b79d51e72e0eb56a2fd1aea7b9,carrier_before_purchase,handed to carrier 2018-05-18 13:51:00 before purchase 2018-05-18 14:39:06,high,20180518,MG
1403,data_quality,orders,30695,55b653f93de6e994b6dda90f615c7a8f,55b653f93de6e994b6dda90f615c7a8f,carrier_before_purchase,handed to carrier 2018-04-30 13:01:00 before purchase 2018-04-30 13:05:23,high,20180430,PR
1526,data_quality,orders,39218,91be51c856a90d7efe86cf9d082d6ae3,91be51c856a90d7efe86cf9d082d6ae3,carrier_before_purchase,handed to carrier 2018-06-12 15:44:00 before purchase 2018-06-12 15:58:03,high,20180612,SP
1702,data_quality,orders,49934,76458889992169d3135b264dc13aec67,76458889992169d3135b264dc13aec67,delivered_before_carrier,delivered 2016-10-20 18:03:17 before carrier pickup 2016-10-26 11:43:06,medium,20161007,SP
1669,data_quality,orders,47765,0a84606bdb8331708400882d2e921524,0a84606bdb8331708400882d2e921524,carrier_before_purchase,handed to carrier 2018-06-29 14:47:00 before purchase 2018-06-29 16:28:41,high,20180629,SP
2072,data_quality,orders,74504,119060af27b04f5fae8b2b0e27eef7f9,119060af27b04f5fae8b2b0e27eef7f9,carrier_before_purchase,handed to carrier 2018-06-11 12:45:00 before purchase 2018-06-11 14:34:47,high,20180611,RJ
2161,data_quality,orders,81902,972976cb62fb977bfbc253219799e486,972976cb62fb977bfbc253219799e486,carrier_before_purchase,handed to carrier 2018-07-20 10:27:00 before purchase 2018-07-20 11:15:51,high,20180720,SP
2006,data_quality,orders,70550,df9a83542974f3a48afb63552d2f4bc5,df9a83542974f3a48afb63552d2f4bc5,carrier_before_purchase,handed to carrier 2018-08-21 14:36:00 before purchase 2018-08-21 15:19:04,high,20180821,SC
2120,data_quality,orders,78557,ea1dcb4757a844d2642547797bd5feb0,ea1dcb4757a844d2642547797bd5feb0,delivered_before_carrier,delivered 2017-07-25 19:43:10 before carrier pickup 2017-07-27 19:21:31,medium,20170718,RS
2307,data_quality,orders,90237,51e0e77bc0b6eb43fc25286a873ceac6,51e0e77bc0b6eb43fc25286a873ceac6,carrier_before_purchase,handed to carrier 2018-04-30 14:41:00 before purchase 2018-04-30 14:55:34,high,20180430,SP
1572,data_quality,orders,42000,f0755c7d99a4a7f0bfa967f87d657855,f0755c7d99a4a7f0bfa967f87d657855,carrier_before_purchase,handed to carrier 2018-07-05 12:23:00 before purchase 2018-07-05 12:26:16,high,20180705,SP
1143,data_quality,orders,14217,c76b75e541b06461ec9cf363fd962ee3,c76b75e541b06461ec9cf363fd962ee3,carrier_before_purchase,handed to carrier 2018-05-23 14:51:00 before purchase 2018-05-23 15:50:05,high,20180523,RJ
2229,data_quality,orders,86132,ac284fb15053d666dfb6128354f0e662,ac284fb15053d666dfb6128354f0e662,carrier_before_purchase,handed to carrier 2018-08-22 13:46:00 before purchase 2018-08-22 14:14:50,high,20180822,ES
2222,data_quality,orders,85759,12e4fbad3ebed6412967a3fd5818c456,12e4fbad3ebed6412967a3fd5818c456,carrier_before_purchase,handed to carrier 2018-06-13 11:43:00 before purchase 2018-06-13 11:43:43,high,20180613,BA
1153,data_quality,orders,14864,d19e65e88e48b013c91b0e77c852d06e,d19e65e88e48b013c91b0e77c852d06e,carrier_before_purchase,handed to carrier 2018-06-08 15:31:00 before purchase 2018-06-08 16:40:18,high,20180608,PE
1146,data_quality,orders,14475,dceb62e8fa94b46006c9554fed743df0,dceb62e8fa94b46006c9554fed743df0,delivered_before_carrier,delivered 2017-07-26 18:09:10 before carrier pickup 2017-08-01 18:23:30,medium,20170720,MG
2457,data_quality,orders,98781,d10046876c7d9f01613da59ffa6cb07f,d10046876c7d9f01613da59ffa6cb07f,carrier_before_purchase,handed to carrier 2018-07-18 15:34:00 before purchase 2018-07-18 16:14:16,high,20180718,DF
1111,data_quality,orders,12285,9b087af1d905d8987ae126797c9d15b1,9b087af1d905d8987ae126797c9d15b1,carrier_before_purchase,handed to carrier 2018-08-01 13:31:00 before purchase 2018-08-01 13:47:04,high,20180801,SP
1088,data_quality,orders,10585,108c3238d247dead3fd7423cf8990c5b,108c3238d247dead3fd7423cf8990c5b,carrier_before_purchase,handed to carrier 2018-08-14 13:17:00 before purchase 2018-08-14 13:49:12,high,20180814,SC
1017,data_quality,orders,6015,b4180badf3ac49892e23d6e0276f1e84,b4180badf3ac49892e23d6e0276f1e84,carrier_before_purchase,handed to carrier 2018-04-26 13:51:00 before purchase 2018-04-26 14:44:05,high,20180426,RJ
2177,data_quality,orders,82578,4e3cc1c522e0aef1e726d2f9eaeb8807,4e3cc1c522e0aef1e726d2f9eaeb8807,carrier_before_purchase,handed to carrier 2018-07-04 14:40:00 before purchase 2018-07-04 14:47:12,high,20180704,RJ
1888,data_quality,orders,62275,07f770114a6de1a65f865bf22d8bb20a,07f770114a6de1a65f865bf22d8bb20a,carrier_before_purchase,handed to carrier 2018-08-06 08:44:00 before purchase 2018-08-06 09:17:53,high,20180806,SP
1847,data_quality,orders,59990,8b5512b2679b86761e6aadc28ed91762,8b5512b2679b86761e6aadc28ed91762,carrier_before_purchase,handed to carrier 2018-08-03 13:57:00 before purchase 2018-08-03 14:39:54,high,20180803,BA
2381,data_quality,orders,94400,2c45c33d2f9cb8ff8b1c86cc28c11c30,2c45c33d2f9cb8ff8b1c86cc28c11c30,delivery_date_on_undelivered_order,status is canceled but a customer delivery date exists,medium,20161009,SC
1723,data_quality,orders,51068,e65f1eeee1f52024ad1dcd03447f7482,e65f1eeee1f52024ad1dcd03447f7482,carrier_before_purchase,handed to carrier 2018-05-18 15:00:00 before purchase 2018-05-18 15:03:19,high,20180518,SP
2067,data_quality,orders,74386,7f01243bfbb619e73796571192245fce,7f01243bfbb619e73796571192245fce,carrier_before_purchase,handed to carrier 2018-08-23 14:10:00 before purchase 2018-08-23 14:14:37,high,20180823,SP
1057,data_quality,orders,8792,dabf2b0e35b423f94618bf965fcb7514,dabf2b0e35b423f94618bf965fcb7514,delivery_date_on_undelivered_order,status is canceled but a customer delivery date exists,medium,20161009,SP
2324,data_quality,orders,91106,ffc0249fed109d5d056d7c79b7fa7dd9,ffc0249fed109d5d056d7c79b7fa7dd9,carrier_before_purchase,handed to carrier 2018-08-13 13:55:00 before purchase 2018-08-13 14:32:07,high,20180813,SP
1683,data_quality,orders,48612,1c958182f10d6fcbac7728c8d3a151f1,1c958182f10d6fcbac7728c8d3a151f1,carrier_before_purchase,handed to carrier 2018-07-23 14:52:00 before purchase 2018-07-23 15:09:44,high,20180723,MA
929,data_quality,orders,1330,74e033208dc13a7b8127eb8e73d09b76,74e033208dc13a7b8127eb8e73d09b76,carrier_before_purchase,handed to carrier 2018-05-02 09:49:00 before purchase 2018-05-02 10:48:44,high,20180502,PR
1905,data_quality,orders,63783,744bade1fcf9ff3f31d860ace076d422,744bade1fcf9ff3f31d860ace076d422,carrier_before_approval,handed to carrier 2018-04-24 03:14:34 before approval 2018-04-24 19:04:46,low,20180422,SP
1962,data_quality,orders,68079,8c3ef96e828b5894ec632ba10985867d,8c3ef96e828b5894ec632ba10985867d,carrier_before_purchase,handed to carrier 2018-08-23 15:31:00 before purchase 2018-08-23 15:50:07,high,20180823,SP
2103,data_quality,orders,76826,9546aa638d07ac340a91c59b0b2dee96,9546aa638d07ac340a91c59b0b2dee96,carrier_before_purchase,handed to carrier 2018-08-10 15:18:00 before purchase 2018-08-10 16:05:40,high,20180810,MG
1701,data_quality,orders,49784,8299066c13f491b4cf9bdb486d2058c2,8299066c13f491b4cf9bdb486d2058c2,carrier_before_purchase,handed to carrier 2018-05-14 12:43:00 before purchase 2018-05-14 12:53:23,high,20180514,SP
1665,data_quality,orders,47605,cf5c8d9f52807cb2d2f0a0ff54c478da,cf5c8d9f52807cb2d2f0a0ff54c478da,carrier_before_purchase,handed to carrier 2018-08-24 12:00:00 before purchase 2018-08-24 13:04:05,high,20180824,MT
2236,data_quality,orders,86379,a0c98bdda8405aeaa4b87bdcdd25da22,a0c98bdda8405aeaa4b87bdcdd25da22,carrier_before_purchase,handed to carrier 2018-08-17 12:37:00 before purchase 2018-08-17 12:39:50,high,20180817,GO
2100,data_quality,orders,76758,35c66e9b12fe72dbb0b8d34af424c3cf,35c66e9b12fe72dbb0b8d34af424c3cf,carrier_before_purchase,handed to carrier 2018-08-01 14:09:00 before purchase 2018-08-01 14:19:23,high,20180801,SP
918,data_quality,orders,616,b9afddbdcfadc9a87b41a83271c3e888,b9afddbdcfadc9a87b41a83271c3e888,carrier_before_purchase,handed to carrier 2018-08-16 13:27:00 before purchase 2018-08-16 13:50:48,high,20180816,RJ
1093,data_quality,orders,10878,0150004d4d8eb63f9948de164da34e34,0150004d4d8eb63f9948de164da34e34,carrier_before_purchase,handed to carrier 2018-05-15 14:58:00 before purchase 2018-05-15 15:13:06,high,20180515,SP
1270,data_quality,orders,22521,b27af682321527a6349f1761eb3f360c,b27af682321527a6349f1761eb3f360c,delivered_before_carrier,delivered 2017-06-26 15:45:35 before carrier pickup 2017-06-27 14:51:54,medium,20170614,SP
1792,data_quality,orders,55868,10251da35626072605d693e816f297ca,10251da35626072605d693e816f297ca,carrier_before_purchase,handed to carrier 2018-08-13 14:45:00 before purchase 2018-08-13 15:27:36,high,20180813,MG
2428,data_quality,orders,97648,ab7c89dc1bf4a1ead9d6ec1ec8968a84,ab7c89dc1bf4a1ead9d6ec1ec8968a84,delivered_without_date,status is delivered but order_delivered_customer_date is empty,medium,20180608,SP
2056,data_quality,orders,73780,7a23cfcc5fcb50ed8cfd257506a5e84b,7a23cfcc5fcb50ed8cfd257506a5e84b,carrier_before_purchase,handed to carrier 2018-05-04 13:50:00 before purchase 2018-05-04 15:07:26,high,20180504,PR
2145,data_quality,orders,80018,421deffec215845f8632fb3543789f86,421deffec215845f8632fb3543789f86,carrier_before_purchase,handed to carrier 2018-08-24 13:46:00 before purchase 2018-08-24 14:05:59,high,20180824,SC
2130,data_quality,orders,79264,e69f75a717d64fc5ecdfae42b2e8e086,e69f75a717d64fc5ecdfae42b2e8e086,delivered_without_date,status is delivered but order_delivered_customer_date is empty,medium,20180701,SP
1506,data_quality,orders,38185,ba6a0a51f6852a4e562acc5feb6ca75e,ba6a0a51f6852a4e562acc5feb6ca75e,carrier_before_purchase,handed to carrier 2018-06-12 13:50:00 before purchase 2018-06-12 14:14:08,high,20180612,SC
2238,data_quality,orders,86433,852d591ac66808ba170d243164600420,852d591ac66808ba170d243164600420,carrier_before_purchase,handed to carrier 2018-06-01 13:28:00 before purchase 2018-06-01 13:48:45,high,20180601,SP
979,data_quality,orders,4115,08adcddad19d3acf37d1fa01cb9ded1e,08adcddad19d3acf37d1fa01cb9ded1e,carrier_before_purchase,handed to carrier 2018-06-27 10:57:00 before purchase 2018-06-27 11:16:44,high,20180627,MG
1261,data_quality,orders,21911,e23c9dcc304042fa90d538be679fa68d,e23c9dcc304042fa90d538be679fa68d,carrier_before_purchase,handed to carrier 2018-06-13 09:53:00 before purchase 2018-06-13 11:41:23,high,20180613,SE
1712,data_quality,orders,50590,c45408df26d1ce2b64518a9a9d65fd04,c45408df26d1ce2b64518a9a9d65fd04,carrier_before_purchase,handed to carrier 2018-08-16 16:13:00 before purchase 2018-08-16 17:11:46,high,20180816,SP
2183,data_quality,orders,82869,0d3268bad9b086af767785e3f0fc0133,0d3268bad9b086af767785e3f0fc0133,delivered_without_date,status is delivered but order_delivered_customer_date is empty,medium,20180701,SP
1443,data_quality,orders,33628,6f27ae84e8f6ee63438f59c04830b28a,6f27ae84e8f6ee63438f59c04830b28a,carrier_before_purchase,handed to carrier 2018-06-19 14:26:00 before purchase 2018-06-19 14:58:59,high,20180619,ES
1921,data_quality,orders,65453,9711d975b961355b4b5d636857e48498,9711d975b961355b4b5d636857e48498,carrier_before_purchase,handed to carrier 2018-06-13 13:15:00 before purchase 2018-06-13 15:23:50,high,20180613,RJ
1850,data_quality,orders,60052,bd47f29a1a6ede24f9dd4d5ca6027dd4,bd47f29a1a6ede24f9dd4d5ca6027dd4,carrier_before_purchase,handed to carrier 2018-07-16 14:29:00 before purchase 2018-07-16 15:34:37,high,20180716,RS
1727,data_quality,orders,51374,7ce4e38f4eadd993bb5b2e60bb7f7bec,7ce4e38f4eadd993bb5b2e60bb7f7bec,carrier_before_purchase,handed to carrier 2018-08-08 13:29:00 before purchase 2018-08-08 14:46:45,high,20180808,TO
1188,data_quality,orders,16654,31baa0ae964c43e70c451e1928483669,31baa0ae964c43e70c451e1928483669,carrier_before_purchase,handed to carrier 2018-08-23 08:54:00 before purchase 2018-08-23 10:13:22,high,20180823,RJ
2013,data_quality,orders,70887,448a4837b41e7f24ad7dabafe574c842,448a4837b41e7f24ad7dabafe574c842,carrier_before_purchase,handed to carrier 2018-06-14 14:20:00 before purchase 2018-06-14 14:28:01,high,20180614,GO
1123,data_quality,orders,12797,0cf80be143500050973f324c3e068196,0cf80be143500050973f324c3e068196,carrier_before_purchase,handed to carrier 2018-07-26 13:32:00 before purchase 2018-07-26 14:33:26,high,20180726,MG
1857,data_quality,orders,60295,692f4207d359fbf24d641b1470721130,692f4207d359fbf24d641b1470721130,carrier_before_purchase,handed to carrier 2018-06-04 11:04:00 before purchase 2018-06-04 12:10:06,high,20180604,RS
1315,data_quality,orders,25194,ab815320404ada153a9d06f166c961dc,ab815320404ada153a9d06f166c961dc,carrier_before_purchase,handed to carrier 2018-05-17 09:45:00 before purchase 2018-05-17 09:48:09,high,20180517,PI
1320,data_quality,orders,25394,1cc3ae63caffff2d6c3ee3e78e074acf,1cc3ae63caffff2d6c3ee3e78e074acf,delivered_before_carrier,delivered 2017-08-10 18:05:38 before carrier pickup 2017-08-10 18:28:56,medium,20170807,SP
1106,data_quality,orders,12065,da383ff6aa9558f3bd909b1d76789381,da383ff6aa9558f3bd909b1d76789381,carrier_before_purchase,handed to carrier 2018-08-20 13:55:00 before purchase 2018-08-20 13:56:52,high,20180820,RS
2397,data_quality,orders,95249,5a339130640419f9e00ab4b6ff61dc22,5a339130640419f9e00ab4b6ff61dc22,carrier_before_purchase,handed to carrier 2018-04-27 14:35:00 before purchase 2018-04-27 15:59:23,high,20180427,SC
2349,data_quality,orders,92644,2d858f451373b04fb5c984a1cc2defaf,2d858f451373b04fb5c984a1cc2defaf,delivered_without_date,status is delivered but order_delivered_customer_date is empty,medium,20170525,RS
2076,data_quality,orders,74968,d5558a097766363b8e76b38c43332e8a,d5558a097766363b8e76b38c43332e8a,delivered_before_carrier,delivered 2017-02-10 07:58:32 before carrier pickup 2017-02-15 08:55:26,medium,20170204,SP
1462,data_quality,orders,34940,c1e2bf2b7dd3309f2f5356c6b63968fa,c1e2bf2b7dd3309f2f5356c6b63968fa,delivered_before_carrier,delivered 2017-02-14 15:15:57 before carrier pickup 2017-03-02 17:34:26,medium,20170210,MG
1529,data_quality,orders,39290,ffcc17a2f3331d4d25cf692060921690,ffcc17a2f3331d4d25cf692060921690,carrier_before_purchase,handed to carrier 2018-06-29 14:40:00 before purchase 2018-06-29 14:41:28,high,20180629,MG
2801,reconciliation,reconciliation,30711,bfbd0f9bdef84302105ad712db648a6c,bfbd0f9bdef84302105ad712db648a6c,recon_missing_payment,"sold 143.46 vs paid none BRL, gap -143.46",high,20160915,SP
2994,reconciliation,reconciliation,47906,6e98de3a85c84ead6689189b825d35b5,6e98de3a85c84ead6689189b825d35b5,recon_missing_items,"sold none vs paid 73.16 BRL, gap 73.16",medium,20180315,MG
2736,reconciliation,reconciliation,24322,df8c077268f7f3baaac0892eb3143642,df8c077268f7f3baaac0892eb3143642,recon_missing_items,"sold none vs paid 174.54 BRL, gap 174.54",medium,20170201,SP
2827,reconciliation,reconciliation,33004,c609f82bcf7a90292a5940205ebd7e93,c609f82bcf7a90292a5940205ebd7e93,recon_missing_items,"sold none vs paid 117.78 BRL, gap 117.78",medium,20180513,RJ
3247,reconciliation,reconciliation,71972,cb4a79c1e6c9ae44302861e7602cc449,cb4a79c1e6c9ae44302861e7602cc449,recon_missing_items,"sold none vs paid 66.02 BRL, gap 66.02",medium,20171206,PR
3539,reconciliation,reconciliation,97983,af264f3527e94e431f0dcd56cd6b406d,af264f3527e94e431f0dcd56cd6b406d,recon_missing_items,"sold none vs paid 46.69 BRL, gap 46.69",medium,20170712,BA
3151,reconciliation,reconciliation,63290,31f935babbc97f5990e0ffd128e19541,31f935babbc97f5990e0ffd128e19541,recon_missing_items,"sold none vs paid 74.70 BRL, gap 74.70",medium,20171111,SC
2774,reconciliation,reconciliation,27910,08ee9c1b1da47ffd2a7c7163aa134b16,08ee9c1b1da47ffd2a7c7163aa134b16,recon_missing_items,"sold none vs paid 82.92 BRL, gap 82.92",medium,20170804,RJ
2733,reconciliation,reconciliation,23983,410d704bdcbe2893fd5ad73fe8166f43,410d704bdcbe2893fd5ad73fe8166f43,recon_missing_items,"sold none vs paid 213.91 BRL, gap 213.91",medium,20171210,SP
3164,reconciliation,reconciliation,64874,eb278cfbeefc0a9180876153de58d693,eb278cfbeefc0a9180876153de58d693,recon_missing_items,"sold none vs paid 95.32 BRL, gap 95.32",medium,20180209,RJ
3420,reconciliation,reconciliation,85832,bc99558709784e3ae0b9f8dbff8c06f0,bc99558709784e3ae0b9f8dbff8c06f0,recon_missing_items,"sold none vs paid 27.77 BRL, gap 27.77",medium,20171101,SP
2536,reconciliation,reconciliation,5433,85e05c3c9aa9834518f35d4f286014be,85e05c3c9aa9834518f35d4f286014be,recon_missing_items,"sold none vs paid 612.98 BRL, gap 612.98",medium,20180828,CE
2651,reconciliation,reconciliation,16367,bd35b677fd239386e9861d11ae98ab56,bd35b677fd239386e9861d11ae98ab56,recon_missing_items,"sold none vs paid 84.58 BRL, gap 84.58",medium,20180917,MG
2540,reconciliation,reconciliation,5748,2dd5bcfb8c66b22a80ffe45078eb2a99,2dd5bcfb8c66b22a80ffe45078eb2a99,recon_missing_items,"sold none vs paid 43.94 BRL, gap 43.94",medium,20170306,MS
2731,reconciliation,reconciliation,23735,232674aa2334edfdd9c2dbe346291712,232674aa2334edfdd9c2dbe346291712,recon_missing_items,"sold none vs paid 40.77 BRL, gap 40.77",medium,20171109,SP
2896,reconciliation,reconciliation,39080,6dd0cc64fed627388bf95943af884f70,6dd0cc64fed627388bf95943af884f70,recon_missing_items,"sold none vs paid 48.00 BRL, gap 48.00",medium,20170710,RS
3015,reconciliation,reconciliation,49908,b2fc127731e4fc8f7bd2d2c1898e59ca,b2fc127731e4fc8f7bd2d2c1898e59ca,recon_missing_items,"sold none vs paid 152.41 BRL, gap 152.41",medium,20170614,SP
2537,reconciliation,reconciliation,5519,38a86eb53c2309d6234fc9bad96331ac,38a86eb53c2309d6234fc9bad96331ac,recon_missing_items,"sold none vs paid 412.64 BRL, gap 412.64",medium,20180818,PR
2895,reconciliation,reconciliation,39009,9cb560230b18aed833770219fd165e16,9cb560230b18aed833770219fd165e16,recon_missing_items,"sold none vs paid 82.50 BRL, gap 82.50",medium,20170712,SP
2541,reconciliation,reconciliation,5755,d1b4fc9a8c1207433519a8ec52e2d03f,d1b4fc9a8c1207433519a8ec52e2d03f,recon_missing_items,"sold none vs paid 87.16 BRL, gap 87.16",medium,20180508,SP
2551,reconciliation,reconciliation,6747,50428fc6ef58fd5cebf433ef7f06be0d,50428fc6ef58fd5cebf433ef7f06be0d,recon_missing_items,"sold none vs paid 64.62 BRL, gap 64.62",medium,20171204,SP
2802,reconciliation,reconciliation,30727,19d3484384a0e1eef23357b8c193bd86,19d3484384a0e1eef23357b8c193bd86,recon_missing_items,"sold none vs paid 104.35 BRL, gap 104.35",medium,20171102,SP
3158,reconciliation,reconciliation,63845,4188e271c401875d724b4e9ee6fe7206,4188e271c401875d724b4e9ee6fe7206,recon_missing_items,"sold none vs paid 302.79 BRL, gap 302.79",medium,20171210,SP
2936,reconciliation,reconciliation,42376,0f3b2951a363f6a201ad23e3ce2c0313,0f3b2951a363f6a201ad23e3ce2c0313,recon_missing_items,"sold none vs paid 90.26 BRL, gap 90.26",medium,20171123,MG
3243,reconciliation,reconciliation,71604,b17fd4c033b06e8d888de8ea6105ef9d,b17fd4c033b06e8d888de8ea6105ef9d,recon_missing_items,"sold none vs paid 103.10 BRL, gap 103.10",medium,20170320,RJ
3260,reconciliation,reconciliation,72937,afed0d88ec7753e7be8744bb66e860d1,afed0d88ec7753e7be8744bb66e860d1,recon_missing_items,"sold none vs paid 164.32 BRL, gap 164.32",medium,20180802,SP
3014,reconciliation,reconciliation,49889,cbce204b327a87445b6e6c28e0c5bfb3,cbce204b327a87445b6e6c28e0c5bfb3,recon_missing_items,"sold none vs paid 33.68 BRL, gap 33.68",medium,20170924,SP
3297,reconciliation,reconciliation,75908,d8716a985f69a46751cc046b0fea0d98,d8716a985f69a46751cc046b0fea0d98,recon_missing_items,"sold none vs paid 87.08 BRL, gap 87.08",medium,20171006,SP
3003,reconciliation,reconciliation,48464,675b0980a1c53e959dc721b6e608997f,675b0980a1c53e959dc721b6e608997f,recon_missing_items,"sold none vs paid 386.35 BRL, gap 386.35",medium,20170816,SP
2635,reconciliation,reconciliation,14013,ebcb685bc1704615fc22e5a0b73f2dc7,ebcb685bc1704615fc22e5a0b73f2dc7,recon_missing_items,"sold none vs paid 367.56 BRL, gap 367.56",medium,20170524,SP
2908,reconciliation,reconciliation,40077,7fd4b0e047195ca197c3660772a8d8c0,7fd4b0e047195ca197c3660772a8d8c0,recon_missing_items,"sold none vs paid 110.92 BRL, gap 110.92",medium,20161008,RJ
2640,reconciliation,reconciliation,14587,5d9e1e0e7084f2f9e90a7069e64cba61,5d9e1e0e7084f2f9e90a7069e64cba61,recon_missing_items,"sold none vs paid 36.68 BRL, gap 36.68",medium,20171105,SP
3298,reconciliation,reconciliation,75952,3716cd16bc2a97768309209eb4d4c6a7,3716cd16bc2a97768309209eb4d4c6a7,recon_missing_items,"sold none vs paid 142.02 BRL, gap 142.02",medium,20171129,DF
2547,reconciliation,reconciliation,6357,2bb02fdf5637a68cd5d13c78c37c3376,2bb02fdf5637a68cd5d13c78c37c3376,recon_missing_items,"sold none vs paid 27.62 BRL, gap 27.62",medium,20180809,MG
3094,reconciliation,reconciliation,57286,dd8532619e81337caf4ddc77fb34d981,dd8532619e81337caf4ddc77fb34d981,recon_missing_items,"sold none vs paid 43.10 BRL, gap 43.10",medium,20170515,RJ
2859,reconciliation,reconciliation,35666,582fd4fa596ee1af88f153a5ba0523f2,582fd4fa596ee1af88f153a5ba0523f2,recon_missing_items,"sold none vs paid 61.79 BRL, gap 61.79",medium,20171109,SE
3475,reconciliation,reconciliation,91957,24cee263ae15271412b77854eb10b840,24cee263ae15271412b77854eb10b840,recon_missing_items,"sold none vs paid 607.43 BRL, gap 607.43",medium,20171101,MA
3186,reconciliation,reconciliation,66821,30a3bac324f40459c6d1a739bc811506,30a3bac324f40459c6d1a739bc811506,recon_missing_items,"sold none vs paid 117.93 BRL, gap 117.93",medium,20171017,MG
3347,reconciliation,reconciliation,80278,67b0f3d0a405fc007841f73f2792323b,67b0f3d0a405fc007841f73f2792323b,recon_missing_items,"sold none vs paid 23.29 BRL, gap 23.29",medium,20180730,SP
2957,reconciliation,reconciliation,44701,2e287cee637969033ec9ab49602e61ef,2e287cee637969033ec9ab49602e61ef,recon_missing_items,"sold none vs paid 128.00 BRL, gap 128.00",medium,20170130,RS
2661,reconciliation,reconciliation,16948,93274b931b5771bd02154c9b716168ba,93274b931b5771bd02154c9b716168ba,recon_missing_items,"sold none vs paid 62.93 BRL, gap 62.93",medium,20180508,MG
2647,reconciliation,reconciliation,15953,9a209e12ca9ee385ad1ce1510ecfd6fc,9a209e12ca9ee385ad1ce1510ecfd6fc,recon_missing_items,"sold none vs paid 32.29 BRL, gap 32.29",medium,20180512,SP
3235,reconciliation,reconciliation,70546,f3988a6f6afe000b1617ab4429c5396c,f3988a6f6afe000b1617ab4429c5396c,recon_missing_items,"sold none vs paid 249.14 BRL, gap 249.14",medium,20170711,MG
2967,reconciliation,reconciliation,45647,8c6e16dc21c114e69bdf0d21386241eb,8c6e16dc21c114e69bdf0d21386241eb,recon_missing_items,"sold none vs paid 294.90 BRL, gap 294.90",medium,20171114,GO
3185,reconciliation,reconciliation,66726,85a22eb264ad44ff56c4955a66876fed,85a22eb264ad44ff56c4955a66876fed,recon_missing_items,"sold none vs paid 68.53 BRL, gap 68.53",medium,20171120,RJ
3535,reconciliation,reconciliation,97523,52fd8c890356febe4f78b653ef130cd2,52fd8c890356febe4f78b653ef130cd2,recon_missing_items,"sold none vs paid 39.96 BRL, gap 39.96",medium,20170208,SP
3103,reconciliation,reconciliation,59064,463270aee6f932c94319683e66e7e59d,463270aee6f932c94319683e66e7e59d,recon_missing_items,"sold none vs paid 201.45 BRL, gap 201.45",medium,20180417,GO
3381,reconciliation,reconciliation,82660,b7c0d5af4a5a6374adedc4dd9ab21923,b7c0d5af4a5a6374adedc4dd9ab21923,recon_missing_items,"sold none vs paid 32.68 BRL, gap 32.68",medium,20180101,SP
3452,reconciliation,reconciliation,89009,e58fb7bfd033514475ab0883ded704f4,e58fb7bfd033514475ab0883ded704f4,recon_missing_items,"sold none vs paid 18.37 BRL, gap 18.37",medium,20171020,SP
2518,reconciliation,reconciliation,3548,534a0fbe91a806a1dc6bf09b497e3d6f,534a0fbe91a806a1dc6bf09b497e3d6f,recon_missing_items,"sold none vs paid 158.30 BRL, gap 158.30",medium,20180122,SP
2844,reconciliation,reconciliation,34182,9a7e2fda18922ba60aba4f140aead4dd,9a7e2fda18922ba60aba4f140aead4dd,recon_missing_items,"sold none vs paid 224.29 BRL, gap 224.29",medium,20170505,SP
2652,reconciliation,reconciliation,16450,b642a3e08bfd10119c9b7e948c936e93,b642a3e08bfd10119c9b7e948c936e93,recon_missing_items,"sold none vs paid 35.95 BRL, gap 35.95",medium,20170203,PR
2599,reconciliation,reconciliation,10815,04770bff63a120fbf0eea1f62b84f8f0,04770bff63a120fbf0eea1f62b84f8f0,recon_missing_items,"sold none vs paid 74.83 BRL, gap 74.83",medium,20170201,MG
3330,reconciliation,reconciliation,79486,ceb533871105f7cda81fafc19e1ee38e,ceb533871105f7cda81fafc19e1ee38e,recon_missing_items,"sold none vs paid 18.37 BRL, gap 18.37",medium,20171020,SP
2744,reconciliation,reconciliation,24611,4a44e928d587e7cd7068ea354471c477,4a44e928d587e7cd7068ea354471c477,recon_missing_items,"sold none vs paid 23.29 BRL, gap 23.29",medium,20180605,SP
3153,reconciliation,reconciliation,63477,e28fb6cbf050a8cde2b9af4ae94f3241,e28fb6cbf050a8cde2b9af4ae94f3241,recon_missing_items,"sold none vs paid 799.23 BRL, gap 799.23",medium,20170711,SP
3308,reconciliation,reconciliation,76963,d69fcef5a5fe3a3db60ea65c6ee499cc,d69fcef5a5fe3a3db60ea65c6ee499cc,recon_missing_items,"sold none vs paid 69.38 BRL, gap 69.38",medium,20171202,AL
3182,reconciliation,reconciliation,66425,d8b293a9c747dbce4a60f6c0bca37dd7,d8b293a9c747dbce4a60f6c0bca37dd7,recon_missing_items,"sold none vs paid 82.78 BRL, gap 82.78",medium,20180209,SP
3368,reconciliation,reconciliation,81747,3e7ca74af2e30d9f16183f5c9d65ef85,3e7ca74af2e30d9f16183f5c9d65ef85,recon_missing_items,"sold none vs paid 101.12 BRL, gap 101.12",medium,20170813,SP
2879,reconciliation,reconciliation,37676,99b492e774feb838a15101dc48ecb6f0,99b492e774feb838a15101dc48ecb6f0,recon_missing_items,"sold none vs paid 88.08 BRL, gap 88.08",medium,20170803,SP
2550,reconciliation,reconciliation,6612,f2a335c81aebf64a9a4309436e7af4a8,f2a335c81aebf64a9a4309436e7af4a8,recon_missing_items,"sold none vs paid 382.39 BRL, gap 382.39",medium,20170605,MG
2625,reconciliation,reconciliation,13104,186d3cd768be1890d832106f914ba37c,186d3cd768be1890d832106f914ba37c,recon_missing_items,"sold none vs paid 53.01 BRL, gap 53.01",medium,20170609,MG
3515,reconciliation,reconciliation,95598,ef3b75eae01e343f3d7c05e88a9cc496,ef3b75eae01e343f3d7c05e88a9cc496,recon_missing_items,"sold none vs paid 33.01 BRL, gap 33.01",medium,20171203,RJ
3131,reconciliation,reconciliation,61609,fddbd183387b5c9bcbafbd0fe965301f,fddbd183387b5c9bcbafbd0fe965301f,recon_missing_items,"sold none vs paid 40.00 BRL, gap 40.00",medium,20170923,PR
2696,reconciliation,reconciliation,20327,eb3c2af8fb549b98c453e7bfb641da91,eb3c2af8fb549b98c453e7bfb641da91,recon_missing_items,"sold none vs paid 127.92 BRL, gap 127.92",medium,20170509,MG
3181,reconciliation,reconciliation,66424,dbe1de9b04777a1c1bf05fd0aeebde9a,dbe1de9b04777a1c1bf05fd0aeebde9a,recon_missing_items,"sold none vs paid 173.58 BRL, gap 173.58",medium,20170607,SP
2813,reconciliation,reconciliation,31329,34cea4a1fdf5fefdf4d48d7dafe53911,34cea4a1fdf5fefdf4d48d7dafe53911,recon_missing_items,"sold none vs paid 54.69 BRL, gap 54.69",medium,20171015,RJ
3116,reconciliation,reconciliation,60143,c8de7faa920cdcbe41252449a3fd36c0,c8de7faa920cdcbe41252449a3fd36c0,recon_missing_items,"sold none vs paid 170.48 BRL, gap 170.48",medium,20170706,SP
3372,reconciliation,reconciliation,82007,8d7e1e66103b85e9ab12cb65dafdf0e3,8d7e1e66103b85e9ab12cb65dafdf0e3,recon_missing_items,"sold none vs paid 187.47 BRL, gap 187.47",medium,20170325,RJ
3510,reconciliation,reconciliation,95270,a6d4e95420d65bd5f299dc95d3493e0d,a6d4e95420d65bd5f299dc95d3493e0d,recon_missing_items,"sold none vs paid 58.28 BRL, gap 58.28",medium,20180723,PR
3412,reconciliation,reconciliation,85127,7644fdc557b95c452791b3c1791efc08,7644fdc557b95c452791b3c1791efc08,recon_missing_items,"sold none vs paid 121.30 BRL, gap 121.30",medium,20171124,PR
3265,reconciliation,reconciliation,73228,9e99d220ca1057d22b317d36cf203620,9e99d220ca1057d22b317d36cf203620,recon_missing_items,"sold none vs paid 160.76 BRL, gap 160.76",medium,20180103,RJ
2849,reconciliation,reconciliation,34544,896fbd78a9ef3839b34b893f48f6bc67,896fbd78a9ef3839b34b893f48f6bc67,recon_missing_items,"sold none vs paid 45.69 BRL, gap 45.69",medium,20180512,SP
3246,reconciliation,reconciliation,71783,ae60d8ce9aa713ec6cc02a1b15e6759e,ae60d8ce9aa713ec6cc02a1b15e6759e,recon_missing_items,"sold none vs paid 120.49 BRL, gap 120.49",medium,20170530,AM
2484,reconciliation,reconciliation,267,8e24261a7e58791d10cb1bf9da94df5c,8e24261a7e58791d10cb1bf9da94df5c,recon_missing_items,"sold none vs paid 84.00 BRL, gap 84.00",medium,20171116,SC
3290,reconciliation,reconciliation,75280,3b4b5ec89dc09c7aedc74199be65fef7,3b4b5ec89dc09c7aedc74199be65fef7,recon_missing_items,"sold none vs paid 143.07 BRL, gap 143.07",medium,20171018,BA
2807,reconciliation,reconciliation,31037,0b398dbb3e7c81005f3c69b01488c4c9,0b398dbb3e7c81005f3c69b01488c4c9,recon_missing_items,"sold none vs paid 107.84 BRL, gap 107.84",medium,20170927,PR
2970,reconciliation,reconciliation,45810,7622da48f027d5659a0d7b0a43597354,7622da48f027d5659a0d7b0a43597354,recon_missing_items,"sold none vs paid 16.97 BRL, gap 16.97",medium,20170709,SP
2645,reconciliation,reconciliation,15618,03227bf7c543bbee4efa38bb6c6763c8,03227bf7c543bbee4efa38bb6c6763c8,recon_missing_items,"sold none vs paid 248.80 BRL, gap 248.80",medium,20170908,SP
2955,reconciliation,reconciliation,44572,69c49491c1300f416d32e8bedc9f8907,69c49491c1300f416d32e8bedc9f8907,recon_missing_items,"sold none vs paid 97.79 BRL, gap 97.79",medium,20171026,SP
2834,reconciliation,reconciliation,33543,e9e56ab7d8e993bda2988ed430524126,e9e56ab7d8e993bda2988ed430524126,recon_missing_items,"sold none vs paid 124.73 BRL, gap 124.73",medium,20170305,RS
3529,reconciliation,reconciliation,97160,eb2dc067ee1a4eac77e2d045f01cf7f0,eb2dc067ee1a4eac77e2d045f01cf7f0,recon_missing_items,"sold none vs paid 161.00 BRL, gap 161.00",medium,20171204,SP
3442,reconciliation,reconciliation,87844,66cb680674721f9816e366a15a93633f,66cb680674721f9816e366a15a93633f,recon_missing_items,"sold none vs paid 211.91 BRL, gap 211.91",medium,20170328,MG
3354,reconciliation,reconciliation,81011,998b90bcfc77ff711912c1c14dcff885,998b90bcfc77ff711912c1c14dcff885,recon_missing_items,"sold none vs paid 49.17 BRL, gap 49.17",medium,20170705,SP
2798,reconciliation,reconciliation,30406,e3911e9d71dfe83390a806612556c49b,e3911e9d71dfe83390a806612556c49b,recon_missing_items,"sold none vs paid 43.60 BRL, gap 43.60",medium,20171113,MG
2894,reconciliation,reconciliation,38959,ee8e24472be0999597648d72577ae895,ee8e24472be0999597648d72577ae895,recon_missing_items,"sold none vs paid 51.68 BRL, gap 51.68",medium,20180211,SP
2784,reconciliation,reconciliation,28993,a3777b94ef07749f031ade4ae824ddb2,a3777b94ef07749f031ade4ae824ddb2,recon_missing_items,"sold none vs paid 117.07 BRL, gap 117.07",medium,20170530,BA
3161,reconciliation,reconciliation,64187,f62f01ec64c6b221f926ba560907d8f7,f62f01ec64c6b221f926ba560907d8f7,recon_missing_items,"sold none vs paid 327.19 BRL, gap 327.19",medium,20170214,SP
3215,reconciliation,reconciliation,69375,65df8539acbce2e41ba3a4a3ce0a3470,65df8539acbce2e41ba3a4a3ce0a3470,recon_missing_items,"sold none vs paid 257.21 BRL, gap 257.21",medium,20170607,SP
2667,reconciliation,reconciliation,17208,e7e4ea34d176d9efab560f0db16925fb,e7e4ea34d176d9efab560f0db16925fb,recon_missing_items,"sold none vs paid 173.68 BRL, gap 173.68",medium,20171130,SP
3120,reconciliation,reconciliation,60707,9bd5312d12f48b04a460f702baff3d8c,9bd5312d12f48b04a460f702baff3d8c,recon_missing_items,"sold none vs paid 221.84 BRL, gap 221.84",medium,20161006,RJ
3301,reconciliation,reconciliation,76207,261e56a43de07e1b1bc9e8615c8e8aa9,261e56a43de07e1b1bc9e8615c8e8aa9,recon_missing_items,"sold none vs paid 87.01 BRL, gap 87.01",medium,20170830,SP
2743,reconciliation,reconciliation,24570,9bc5c73ed95bec088ff04d924946fa45,9bc5c73ed95bec088ff04d924946fa45,recon_missing_items,"sold none vs paid 427.90 BRL, gap 427.90",medium,20180114,SP
3025,reconciliation,reconciliation,51254,36cde427894b4797db8316e92b8e58f2,36cde427894b4797db8316e92b8e58f2,recon_missing_items,"sold none vs paid 2116.01 BRL, gap 2116.01",medium,20170323,SP
2748,reconciliation,reconciliation,24744,115b01b1f77f0e02812425b6f5cd8f2f,115b01b1f77f0e02812425b6f5cd8f2f,recon_missing_items,"sold none vs paid 213.59 BRL, gap 213.59",medium,20180119,SP
3146,reconciliation,reconciliation,62956,01cb6d702e5233235f4125309d184bf4,01cb6d702e5233235f4125309d184bf4,recon_missing_items,"sold none vs paid 94.21 BRL, gap 94.21",medium,20170131,MA
3358,reconciliation,reconciliation,81162,27b7289530871ba2c68509ec562b1544,27b7289530871ba2c68509ec562b1544,recon_missing_items,"sold none vs paid 86.78 BRL, gap 86.78",medium,20170131,SP
3193,reconciliation,reconciliation,67641,1dbe2e0c5594a384eac781a7e46c6011,1dbe2e0c5594a384eac781a7e46c6011,recon_missing_items,"sold none vs paid 72.08 BRL, gap 72.08",medium,20171027,SP
2854,reconciliation,reconciliation,35139,0010dedd556712d7bb69a19cb7bbd37a,0010dedd556712d7bb69a19cb7bbd37a,recon_missing_items,"sold none vs paid 111.12 BRL, gap 111.12",medium,20171021,SP
3124,reconciliation,reconciliation,61028,a4f71a0d584883f990018a219bb7dfb4,a4f71a0d584883f990018a219bb7dfb4,recon_missing_items,"sold none vs paid 211.48 BRL, gap 211.48",medium,20171103,BA
3169,reconciliation,reconciliation,65248,7dfff541b2a848ecb18ceb83d02bfa6a,7dfff541b2a848ecb18ceb83d02bfa6a,recon_missing_items,"sold none vs paid 145.69 BRL, gap 145.69",medium,20180323,SP
2767,reconciliation,reconciliation,26549,a2621d414c9c28d85816bbc9f2e8980d,a2621d414c9c28d85816bbc9f2e8980d,recon_missing_items,"sold none vs paid 90.26 BRL, gap 90.26",medium,20170922,MG
2904,reconciliation,reconciliation,39900,19bb130ea3cc2dab25b3bcf2097aa462,19bb130ea3cc2dab25b3bcf2097aa462,recon_missing_items,"sold none vs paid 358.94 BRL, gap 358.94",medium,20170719,BA
2940,reconciliation,reconciliation,42485,9c77f06d1dbb94007e708e9aba680a03,9c77f06d1dbb94007e708e9aba680a03,recon_missing_items,"sold none vs paid 91.66 BRL, gap 91.66",medium,20180210,SP
2719,reconciliation,reconciliation,22728,798738fb83403d78d10892ac46cf8065,798738fb83403d78d10892ac46cf8065,recon_missing_items,"sold none vs paid 112.80 BRL, gap 112.80",medium,20180124,SP
3113,reconciliation,reconciliation,59988,2f5124f516a7f5e4095ef4325d67c511,2f5124f516a7f5e4095ef4325d67c511,recon_missing_items,"sold none vs paid 135.46 BRL, gap 135.46",medium,20171219,SP
2511,reconciliation,reconciliation,2708,f56dc9034c3962e36d49fb73baa12800,f56dc9034c3962e36d49fb73baa12800,recon_missing_items,"sold none vs paid 205.81 BRL, gap 205.81",medium,20170810,MA
2578,reconciliation,reconciliation,9082,127f8f54e84665683a3c9bde5b3e768c,127f8f54e84665683a3c9bde5b3e768c,recon_missing_items,"sold none vs paid 94.21 BRL, gap 94.21",medium,20180208,SP
2631,reconciliation,reconciliation,13433,c038b4c610ae79ae8e3d191f7293fbae,c038b4c610ae79ae8e3d191f7293fbae,recon_missing_items,"sold none vs paid 240.99 BRL, gap 240.99",medium,20170201,SP
2672,reconciliation,reconciliation,17771,8c8527960c6b98fe66936cff2603d394,8c8527960c6b98fe66936cff2603d394,recon_missing_items,"sold none vs paid 58.78 BRL, gap 58.78",medium,20170703,RJ
3547,reconciliation,reconciliation,98620,1ce8144d59eef2763c0fbaf8ffd26d31,1ce8144d59eef2763c0fbaf8ffd26d31,recon_missing_items,"sold none vs paid 65.00 BRL, gap 65.00",medium,20170810,SP
2821,reconciliation,reconciliation,32179,16b8c07980cc1e47a31ebb35d9222807,16b8c07980cc1e47a31ebb35d9222807,recon_missing_items,"sold none vs paid 580.07 BRL, gap 580.07",medium,20170531,SP
2790,reconciliation,reconciliation,29561,abfacef50a27d7cea3f2c7aa60c08245,abfacef50a27d7cea3f2c7aa60c08245,recon_missing_items,"sold none vs paid 45.00 BRL, gap 45.00",medium,20170929,PR
2703,reconciliation,reconciliation,21128,7c496cea7613c2efe6033e93e573347f,7c496cea7613c2efe6033e93e573347f,recon_missing_items,"sold none vs paid 64.55 BRL, gap 64.55",medium,20171123,MG
3513,reconciliation,reconciliation,95343,52f308ce830731bfdfea4539e140073f,52f308ce830731bfdfea4539e140073f,recon_missing_items,"sold none vs paid 465.18 BRL, gap 465.18",medium,20170802,MG
2494,reconciliation,reconciliation,1580,ee0db22a8e742b752914016708470ec8,ee0db22a8e742b752914016708470ec8,recon_missing_items,"sold none vs paid 167.82 BRL, gap 167.82",medium,20170824,RJ
3067,reconciliation,reconciliation,55037,b3154d5a5a7c0b01993f0768a1fd4b8a,b3154d5a5a7c0b01993f0768a1fd4b8a,recon_missing_items,"sold none vs paid 72.90 BRL, gap 72.90",medium,20170704,RS
3276,reconciliation,reconciliation,74301,df5f65d2dec68b07404b0aa6f09aee32,df5f65d2dec68b07404b0aa6f09aee32,recon_missing_items,"sold none vs paid 84.23 BRL, gap 84.23",medium,20170717,MG
2989,reconciliation,reconciliation,47642,1fda9a8d1632a5964c43fb8e64dbe3e3,1fda9a8d1632a5964c43fb8e64dbe3e3,recon_missing_items,"sold none vs paid 158.90 BRL, gap 158.90",medium,20171107,SP
2734,reconciliation,reconciliation,24116,33fe1cb532ac16a48902980e00c26da6,33fe1cb532ac16a48902980e00c26da6,recon_missing_items,"sold none vs paid 65.00 BRL, gap 65.00",medium,20170725,PR
2922,reconciliation,reconciliation,41107,33e13c48e5883f2a3ae2269bf57650c7,33e13c48e5883f2a3ae2269bf57650c7,recon_missing_items,"sold none vs paid 839.97 BRL, gap 839.97",medium,20171222,MG
2724,reconciliation,reconciliation,23096,f1ee3463a2c0ddd328a63ac9db6af746,f1ee3463a2c0ddd328a63ac9db6af746,recon_missing_items,"sold none vs paid 95.43 BRL, gap 95.43",medium,20180315,SP
3086,reconciliation,reconciliation,56822,5ca9d935dd5306bf85a2f1e263d058f1,5ca9d935dd5306bf85a2f1e263d058f1,recon_missing_items,"sold none vs paid 216.05 BRL, gap 216.05",medium,20180206,PR
3110,reconciliation,reconciliation,59623,65f87722388463aa7d02023c8f5b11ab,65f87722388463aa7d02023c8f5b11ab,recon_missing_items,"sold none vs paid 285.85 BRL, gap 285.85",medium,20171205,MG
2752,reconciliation,reconciliation,25069,6c16d886be4fe03174a289a4ca70a775,6c16d886be4fe03174a289a4ca70a775,recon_missing_items,"sold none vs paid 107.55 BRL, gap 107.55",medium,20180605,SP
2824,reconciliation,reconciliation,32692,1a5d21f44c73693b9930d0ca33a9d0b1,1a5d21f44c73693b9930d0ca33a9d0b1,recon_missing_items,"sold none vs paid 236.39 BRL, gap 236.39",medium,20180816,SP
3553,reconciliation,reconciliation,99148,6cf5c427fb11bc5fe8abefa86aa7ba0b,6cf5c427fb11bc5fe8abefa86aa7ba0b,recon_missing_items,"sold none vs paid 131.78 BRL, gap 131.78",medium,20171017,SP
3089,reconciliation,reconciliation,56998,74f833bf7c70ce8c3f820f725c213e1c,74f833bf7c70ce8c3f820f725c213e1c,recon_missing_items,"sold none vs paid 101.56 BRL, gap 101.56",medium,20170630,BA
2556,reconciliation,reconciliation,7245,5226f1a731e8a1215da5e1bea64e2130,5226f1a731e8a1215da5e1bea64e2130,recon_missing_items,"sold none vs paid 113.32 BRL, gap 113.32",medium,20161010,RJ
3313,reconciliation,reconciliation,77240,30e0a586733725ef792f50d33720b961,30e0a586733725ef792f50d33720b961,recon_missing_items,"sold none vs paid 68.01 BRL, gap 68.01",medium,20170302,SP
2534,reconciliation,reconciliation,5304,79563470c891926bb9507d1ad1ff661d,79563470c891926bb9507d1ad1ff661d,recon_missing_items,"sold none vs paid 172.85 BRL, gap 172.85",medium,20170705,RJ
3055,reconciliation,reconciliation,53892,f88685f89f0fc651c3e767c64a23192c,f88685f89f0fc651c3e767c64a23192c,recon_missing_items,"sold none vs paid 123.90 BRL, gap 123.90",medium,20171124,SP
2585,reconciliation,reconciliation,9977,87ae60ef8b08ae0e5f903cacb53a6904,87ae60ef8b08ae0e5f903cacb53a6904,recon_missing_items,"sold none vs paid 258.67 BRL, gap 258.67",medium,20180911,SP
3367,reconciliation,reconciliation,81667,51bda649419be0084a39cb53e9c6f262,51bda649419be0084a39cb53e9c6f262,recon_missing_items,"sold none vs paid 67.55 BRL, gap 67.55",medium,20171117,SP
3292,reconciliation,reconciliation,75359,2b68bb35779189904b0cd730eaba3d1d,2b68bb35779189904b0cd730eaba3d1d,recon_missing_items,"sold none vs paid 207.24 BRL, gap 207.24",medium,20180508,MG
3081,reconciliation,reconciliation,56153,72fa449394ed9dc9093819f93ca563af,72fa449394ed9dc9093819f93ca563af,recon_missing_items,"sold none vs paid 138.92 BRL, gap 138.92",medium,20170526,SP
3264,reconciliation,reconciliation,73099,dc7a419b3cd13b51c38ff9442dfd4009,dc7a419b3cd13b51c38ff9442dfd4009,recon_missing_items,"sold none vs paid 76.11 BRL, gap 76.11",medium,20170321,RS
2666,reconciliation,reconciliation,17095,8c0ba0ee5bf1417ede40de0a3621f727,8c0ba0ee5bf1417ede40de0a3621f727,recon_missing_items,"sold none vs paid 368.39 BRL, gap 368.39",medium,20170929,SP
3499,reconciliation,reconciliation,94608,93942353ebd22541194b59e590c0d7de,93942353ebd22541194b59e590c0d7de,recon_missing_items,"sold none vs paid 83.11 BRL, gap 83.11",medium,20170208,MG
2893,reconciliation,reconciliation,38929,8b564962527dd053cfc85c8fc98ad1df,8b564962527dd053cfc85c8fc98ad1df,recon_missing_items,"sold none vs paid 58.11 BRL, gap 58.11",medium,20171009,RS
2498,reconciliation,reconciliation,1827,6ad57aecbae806a7e9cc2cdb6b380711,6ad57aecbae806a7e9cc2cdb6b380711,recon_missing_items,"sold none vs paid 161.47 BRL, gap 161.47",medium,20171130,SP
2638,reconciliation,reconciliation,14402,498081e5523106ea57b698fb881fb1c8,498081e5523106ea57b698fb881fb1c8,recon_missing_items,"sold none vs paid 107.07 BRL, gap 107.07",medium,20170516,SP
3212,reconciliation,reconciliation,69145,e5812a30b6ae5ceaae29fdb7920e7853,e5812a30b6ae5ceaae29fdb7920e7853,recon_missing_items,"sold none vs paid 53.48 BRL, gap 53.48",medium,20180730,SP
3478,reconciliation,reconciliation,92195,a20244bef3bafb6f4d37e3603539336d,a20244bef3bafb6f4d37e3603539336d,recon_missing_items,"sold none vs paid 1173.44 BRL, gap 1173.44",medium,20171214,MG
3528,reconciliation,reconciliation,97101,b34369ee8397436dd7ceb8bb7783671d,b34369ee8397436dd7ceb8bb7783671d,recon_missing_items,"sold none vs paid 83.50 BRL, gap 83.50",medium,20170607,SP
2674,reconciliation,reconciliation,17984,0a472c47d928bf4cd8b6a7a30345eeb7,0a472c47d928bf4cd8b6a7a30345eeb7,recon_missing_items,"sold none vs paid 490.99 BRL, gap 490.99",medium,20180830,SP
2643,reconciliation,reconciliation,15562,e2a5a9157ae607d38cdb1593f74c0686,e2a5a9157ae607d38cdb1593f74c0686,recon_missing_items,"sold none vs paid 107.96 BRL, gap 107.96",medium,20171124,SP
3523,reconciliation,reconciliation,96597,02de1e44936e56ddc1621c46d86bf91e,02de1e44936e56ddc1621c46d86bf91e,recon_missing_items,"sold none vs paid 268.74 BRL, gap 268.74",medium,20180821,SP
3143,reconciliation,reconciliation,62704,dadc23575c27fa7a66ce0310807865ba,dadc23575c27fa7a66ce0310807865ba,recon_missing_items,"sold none vs paid 51.96 BRL, gap 51.96",medium,20180508,MT
3232,reconciliation,reconciliation,70385,dbe2d1c6c34f5c31bb6736e1720c9b7e,dbe2d1c6c34f5c31bb6736e1720c9b7e,recon_missing_items,"sold none vs paid 34.83 BRL, gap 34.83",medium,20180828,SP
3227,reconciliation,reconciliation,70017,c49e86b525c30f1b55eaf9abbc9837a6,c49e86b525c30f1b55eaf9abbc9837a6,recon_missing_items,"sold none vs paid 110.24 BRL, gap 110.24",medium,20171206,MG
2870,reconciliation,reconciliation,37059,8e96b092573364fa542b5c5fb3a9d9a3,8e96b092573364fa542b5c5fb3a9d9a3,recon_missing_items,"sold none vs paid 718.88 BRL, gap 718.88",medium,20171102,SP
3435,reconciliation,reconciliation,86938,553fee3c21ab4328508c8e467806613e,553fee3c21ab4328508c8e467806613e,recon_missing_items,"sold none vs paid 148.90 BRL, gap 148.90",medium,20180112,BA
3509,reconciliation,reconciliation,95254,d49363a0cc2a1915a5a11f85ea08ea48,d49363a0cc2a1915a5a11f85ea08ea48,recon_missing_items,"sold none vs paid 102.66 BRL, gap 102.66",medium,20180207,PR
3083,reconciliation,reconciliation,56403,801bda1bc87e8484430a1ad75f51f128,801bda1bc87e8484430a1ad75f51f128,recon_missing_items,"sold none vs paid 192.63 BRL, gap 192.63",medium,20170206,SP
2699,reconciliation,reconciliation,20608,ad9a8214948a5bbd4fa03af2ea598a20,ad9a8214948a5bbd4fa03af2ea598a20,recon_missing_items,"sold none vs paid 340.20 BRL, gap 340.20",medium,20170507,SC
3557,reconciliation,reconciliation,99253,aaab15da689073f8f9aa978a390a69d1,aaab15da689073f8f9aa978a390a69d1,recon_missing_items,"sold none vs paid 210.09 BRL, gap 210.09",medium,20180116,SP
3364,reconciliation,reconciliation,81396,4bd0d8aa4756f78245bd56015d4ddcc0,4bd0d8aa4756f78245bd56015d4ddcc0,recon_missing_items,"sold none vs paid 36.83 BRL, gap 36.83",medium,20180811,SP
3544,reconciliation,reconciliation,98416,227c804e2a44760671a6a5697ea549e4,227c804e2a44760671a6a5697ea549e4,recon_missing_items,"sold none vs paid 280.20 BRL, gap 280.20",medium,20170928,SP
2624,reconciliation,reconciliation,12979,2636a02ee7de9590df86a4c24b739c49,2636a02ee7de9590df86a4c24b739c49,recon_missing_items,"sold none vs paid 142.09 BRL, gap 142.09",medium,20170629,ES
3440,reconciliation,reconciliation,87515,bbdef4b5ecad947f721ab789db1dd57f,bbdef4b5ecad947f721ab789db1dd57f,recon_missing_items,"sold none vs paid 128.80 BRL, gap 128.80",medium,20180304,SP
2665,reconciliation,reconciliation,17087,a0c1b0545665f839199e53177bc639f7,a0c1b0545665f839199e53177bc639f7,recon_missing_items,"sold none vs paid 32.09 BRL, gap 32.09",medium,20171123,PR
3489,reconciliation,reconciliation,93866,236e6ec6171c1870d4bcf4ccfad87f49,236e6ec6171c1870d4bcf4ccfad87f49,recon_missing_items,"sold none vs paid 107.13 BRL, gap 107.13",medium,20180821,SP
2653,reconciliation,reconciliation,16535,0cafd6a7576a6aae0f891008a87f1546,0cafd6a7576a6aae0f891008a87f1546,recon_missing_items,"sold none vs paid 42.02 BRL, gap 42.02",medium,20170120,MG
3422,reconciliation,reconciliation,85927,ee234bfd26ca588915483995d811c1d0,ee234bfd26ca588915483995d811c1d0,recon_missing_items,"sold none vs paid 619.86 BRL, gap 619.86",medium,20171129,SP
3049,reconciliation,reconciliation,53495,81997644995458a01126899a96832353,81997644995458a01126899a96832353,recon_missing_items,"sold none vs paid 162.45 BRL, gap 162.45",medium,20180226,SP
2841,reconciliation,reconciliation,34095,46ac809c6b319398df696f5668806fee,46ac809c6b319398df696f5668806fee,recon_missing_items,"sold none vs paid 93.39 BRL, gap 93.39",medium,20180403,GO
2833,reconciliation,reconciliation,33523,9c2e92a11614b3b94ef257a4eb8540d7,9c2e92a11614b3b94ef257a4eb8540d7,recon_missing_items,"sold none vs paid 53.00 BRL, gap 53.00",medium,20171118,RS
2842,reconciliation,reconciliation,34123,0ea5760bfbfe671160e0599cf68f1981,0ea5760bfbfe671160e0599cf68f1981,recon_missing_items,"sold none vs paid 173.58 BRL, gap 173.58",medium,20180718,RS
3098,reconciliation,reconciliation,58232,793c05f561c41e8fb6599c92be8d0afd,793c05f561c41e8fb6599c92be8d0afd,recon_missing_items,"sold none vs paid 132.97 BRL, gap 132.97",medium,20170811,PA
3472,reconciliation,reconciliation,91432,0da43144c61f413957a7e7c8b2555dad,0da43144c61f413957a7e7c8b2555dad,recon_missing_items,"sold none vs paid 59.11 BRL, gap 59.11",medium,20171013,MG
2570,reconciliation,reconciliation,8513,3438960569bf3e42fa63f8e7bab0ac03,3438960569bf3e42fa63f8e7bab0ac03,recon_missing_items,"sold none vs paid 113.58 BRL, gap 113.58",medium,20180802,SP
2768,reconciliation,reconciliation,26619,02e723e8edb4a123d414f56cc9c4665e,02e723e8edb4a123d414f56cc9c4665e,recon_missing_items,"sold none vs paid 117.85 BRL, gap 117.85",medium,20170818,SP
3482,reconciliation,reconciliation,92622,9b95554e4a79777fcb0168932c4a9522,9b95554e4a79777fcb0168932c4a9522,recon_missing_items,"sold none vs paid 1641.51 BRL, gap 1641.51",medium,20170324,SE
2676,reconciliation,reconciliation,18251,569d43a54c364df5b367ab33e96eacf0,569d43a54c364df5b367ab33e96eacf0,recon_missing_items,"sold none vs paid 61.73 BRL, gap 61.73",medium,20171031,SP
3501,reconciliation,reconciliation,94844,fcdcf0cd9b77731f38b0c97a27038042,fcdcf0cd9b77731f38b0c97a27038042,recon_missing_items,"sold none vs paid 28.17 BRL, gap 28.17",medium,20170706,SP
3331,reconciliation,reconciliation,79491,47282cfe5747c1c19920f090e491d285,47282cfe5747c1c19920f090e491d285,recon_missing_items,"sold none vs paid 92.76 BRL, gap 92.76",medium,20180823,SP
3302,reconciliation,reconciliation,76430,33c4ff80921c70a563083f3e317f7247,33c4ff80921c70a563083f3e317f7247,recon_missing_items,"sold none vs paid 84.23 BRL, gap 84.23",medium,20171218,SP
3527,reconciliation,reconciliation,96997,5a14c8b3d919a4ef3f3428b0459c47b2,5a14c8b3d919a4ef3f3428b0459c47b2,recon_missing_items,"sold none vs paid 50.09 BRL, gap 50.09",medium,20170529,SC
2681,reconciliation,reconciliation,18881,c47e4de55f6735f7ddc4c6026769d569,c47e4de55f6735f7ddc4c6026769d569,recon_missing_items,"sold none vs paid 61.19 BRL, gap 61.19",medium,20180228,SP
2656,reconciliation,reconciliation,16766,aeef968fdf13e92d3b80306d114ed681,aeef968fdf13e92d3b80306d114ed681,recon_missing_items,"sold none vs paid 123.27 BRL, gap 123.27",medium,20170302,SP
3248,reconciliation,reconciliation,71975,6e7f938e1ebc4eb4b205b2ad66c5525d,6e7f938e1ebc4eb4b205b2ad66c5525d,recon_missing_items,"sold none vs paid 402.06 BRL, gap 402.06",medium,20170912,MG
2933,reconciliation,reconciliation,42073,c83eba0508195fff1529210cfe30385a,c83eba0508195fff1529210cfe30385a,recon_missing_items,"sold none vs paid 35.00 BRL, gap 35.00",medium,20170712,RS
2806,reconciliation,reconciliation,31018,845f40bea2ead3894b6d95b621e108c0,845f40bea2ead3894b6d95b621e108c0,recon_missing_items,"sold none vs paid 80.33 BRL, gap 80.33",medium,20170206,SP
3437,reconciliation,reconciliation,87198,cfbf015b7e4efd77c1a2ee7e337aea60,cfbf015b7e4efd77c1a2ee7e337aea60,recon_missing_items,"sold none vs paid 68.04 BRL, gap 68.04",medium,20171107,RJ
3423,reconciliation,reconciliation,86023,6f3772f092a98dfbb37265f3186ba374,6f3772f092a98dfbb37265f3186ba374,recon_missing_items,"sold none vs paid 46.28 BRL, gap 46.28",medium,20170526,SP
3147,reconciliation,reconciliation,63006,d2da7d77b85e86faeb4bcdcf929f27fb,d2da7d77b85e86faeb4bcdcf929f27fb,recon_missing_items,"sold none vs paid 144.31 BRL, gap 144.31",medium,20180502,RJ
2916,reconciliation,reconciliation,40508,fc20b8e282da6f3fbcdd3a3cedecb723,fc20b8e282da6f3fbcdd3a3cedecb723,recon_missing_items,"sold none vs paid 3782.19 BRL, gap 3782.19",medium,20170301,SC
2629,reconciliation,reconciliation,13366,208edba34ba9cf8d8f603672e1966b75,208edba34ba9cf8d8f603672e1966b75,recon_missing_items,"sold none vs paid 127.92 BRL, gap 127.92",medium,20170508,RS
3107,reconciliation,reconciliation,59325,870a3cfbe4dab0f499a636a9fdeef87d,870a3cfbe4dab0f499a636a9fdeef87d,recon_missing_items,"sold none vs paid 96.18 BRL, gap 96.18",medium,20171008,SP
3033,reconciliation,reconciliation,52124,d859b40b1d9bb3cdd347358688bc3272,d859b40b1d9bb3cdd347358688bc3272,recon_missing_items,"sold none vs paid 95.76 BRL, gap 95.76",medium,20171010,RS
3220,reconciliation,reconciliation,69500,5d80dfb48f5c62fe1cbd194b1b6f57bd,5d80dfb48f5c62fe1cbd194b1b6f57bd,recon_missing_items,"sold none vs paid 31.93 BRL, gap 31.93",medium,20171204,RS
3142,reconciliation,reconciliation,62656,8e1e331cb2701fc82849ab614e8ff240,8e1e331cb2701fc82849ab614e8ff240,recon_missing_items,"sold none vs paid 179.35 BRL, gap 179.35",medium,20170527,PE
3548,reconciliation,reconciliation,98854,2d57932a94a64e0729ec5b88b4860d0d,2d57932a94a64e0729ec5b88b4860d0d,recon_missing_items,"sold none vs paid 68.23 BRL, gap 68.23",medium,20180331,SP
3267,reconciliation,reconciliation,73351,2636c69e57fce1b3a556b70f1acd1192,2636c69e57fce1b3a556b70f1acd1192,recon_missing_items,"sold none vs paid 224.42 BRL, gap 224.42",medium,20170301,PE
3306,reconciliation,reconciliation,76848,1e4dc51447faa970879bb120932eebb6,1e4dc51447faa970879bb120932eebb6,recon_missing_items,"sold none vs paid 24.52 BRL, gap 24.52",medium,20180122,SP
2927,reconciliation,reconciliation,41438,ef32bb24f4e81a29a305e5285c8d3d34,ef32bb24f4e81a29a305e5285c8d3d34,recon_missing_items,"sold none vs paid 224.31 BRL, gap 224.31",medium,20171219,SP
2926,reconciliation,reconciliation,41420,e8e186c0ebe18282aada53c56e7da34f,e8e186c0ebe18282aada53c56e7da34f,recon_missing_items,"sold none vs paid 50.64 BRL, gap 50.64",medium,20170502,ES
3289,reconciliation,reconciliation,75020,f81e71dd7c044a9ee7c1d6e37d68d64f,f81e71dd7c044a9ee7c1d6e37d68d64f,recon_missing_items,"sold none vs paid 785.20 BRL, gap 785.20",medium,20180815,SP
2602,reconciliation,reconciliation,11080,0e6dbbc7484dc1ee0392c9ca801035c2,0e6dbbc7484dc1ee0392c9ca801035c2,recon_missing_items,"sold none vs paid 312.49 BRL, gap 312.49",medium,20180301,MG
3296,reconciliation,reconciliation,75719,6d97e3d5d9043bb4fa4f8fd0b4d9f230,6d97e3d5d9043bb4fa4f8fd0b4d9f230,recon_missing_items,"sold none vs paid 38.68 BRL, gap 38.68",medium,20170920,SP
3042,reconciliation,reconciliation,52951,834550696228970ef03d30419db216e1,834550696228970ef03d30419db216e1,recon_missing_items,"sold none vs paid 116.94 BRL, gap 116.94",medium,20171029,RS
2779,reconciliation,reconciliation,28610,a229af912d66e534353b1fa59daef44b,a229af912d66e534353b1fa59daef44b,recon_missing_items,"sold none vs paid 258.03 BRL, gap 258.03",medium,20171027,SP
2935,reconciliation,reconciliation,42331,4b3b5fc7398939e35a47fe5a8c0be5cb,4b3b5fc7398939e35a47fe5a8c0be5cb,recon_missing_items,"sold none vs paid 30.27 BRL, gap 30.27",medium,20171124,SP
2560,reconciliation,reconciliation,7458,9380c59012c11f49c549ef8dffef1367,9380c59012c11f49c549ef8dffef1367,recon_missing_items,"sold none vs paid 109.40 BRL, gap 109.40",medium,20180815,RS
2878,reconciliation,reconciliation,37582,b635cbb9f7c2bc5de438f7429b8490e5,b635cbb9f7c2bc5de438f7429b8490e5,recon_missing_items,"sold none vs paid 1147.97 BRL, gap 1147.97",medium,20180731,RJ
2805,reconciliation,reconciliation,30870,869eb48662057e0341d47dae5334b693,869eb48662057e0341d47dae5334b693,recon_missing_items,"sold none vs paid 74.46 BRL, gap 74.46",medium,20171031,MG
2792,reconciliation,reconciliation,29916,2663ce3526465b7ee9809428adabdc45,2663ce3526465b7ee9809428adabdc45,recon_missing_items,"sold none vs paid 71.61 BRL, gap 71.61",medium,20180830,SP
3463,reconciliation,reconciliation,90317,ed1acc924e85e293849485a9d5dc3498,ed1acc924e85e293849485a9d5dc3498,recon_missing_items,"sold none vs paid 86.15 BRL, gap 86.15",medium,20170515,MG
2735,reconciliation,reconciliation,24123,b6d6730512437da0a234e99ea7885212,b6d6730512437da0a234e99ea7885212,recon_missing_items,"sold none vs paid 145.64 BRL, gap 145.64",medium,20170904,SP
2607,reconciliation,reconciliation,11626,68664ce4c84bcf1e6682d90992c7504d,68664ce4c84bcf1e6682d90992c7504d,recon_missing_items,"sold none vs paid 245.66 BRL, gap 245.66",medium,20180301,BA
3294,reconciliation,reconciliation,75686,8d6342c5d498f0042ad00193ce3038c8,8d6342c5d498f0042ad00193ce3038c8,recon_missing_items,"sold none vs paid 386.81 BRL, gap 386.81",medium,20171002,MS
2529,reconciliation,reconciliation,4940,b13ea375fe9c728832688264638f84cf,b13ea375fe9c728832688264638f84cf,recon_missing_items,"sold none vs paid 139.22 BRL, gap 139.22",medium,20180822,SP
2642,reconciliation,reconciliation,14660,0e64b89242bbb62b8ea29c57fc8073fb,0e64b89242bbb62b8ea29c57fc8073fb,recon_missing_items,"sold none vs paid 166.99 BRL, gap 166.99",medium,20171123,SP
2641,reconciliation,reconciliation,14639,2c44ef48e157c9a43e9998da9a3248bd,2c44ef48e157c9a43e9998da9a3248bd,recon_missing_items,"sold none vs paid 107.03 BRL, gap 107.03",medium,20170717,RO
2791,reconciliation,reconciliation,29843,1ddedd282e921efe5e3e931f5a1369d9,1ddedd282e921efe5e3e931f5a1369d9,recon_missing_items,"sold none vs paid 198.20 BRL, gap 198.20",medium,20170525,MG
3114,reconciliation,reconciliation,60019,c12a72f72509bcc1317ee119c5ade35b,c12a72f72509bcc1317ee119c5ade35b,recon_missing_items,"sold none vs paid 163.19 BRL, gap 163.19",medium,20171128,RJ
2639,reconciliation,reconciliation,14461,2e9d8db9e132a9b5e1236618b7e8ef4a,2e9d8db9e132a9b5e1236618b7e8ef4a,recon_missing_items,"sold none vs paid 87.17 BRL, gap 87.17",medium,20180809,PA
3188,reconciliation,reconciliation,67004,ea3a810bd6c5d5c071b28fcb8e39b9e7,ea3a810bd6c5d5c071b28fcb8e39b9e7,recon_missing_items,"sold none vs paid 158.30 BRL, gap 158.30",medium,20180122,SP
3234,reconciliation,reconciliation,70477,9710f97e7fb3ccd742ef8b5270d8d78f,9710f97e7fb3ccd742ef8b5270d8d78f,recon_missing_items,"sold none vs paid 70.43 BRL, gap 70.43",medium,20180723,MG
3088,reconciliation,reconciliation,56970,3ccf1aa4144993ddec8287ef8ee0a107,3ccf1aa4144993ddec8287ef8ee0a107,recon_missing_items,"sold none vs paid 138.26 BRL, gap 138.26",medium,20170408,MA
3421,reconciliation,reconciliation,85902,b102b42cde7719ae4b7c0163cf4d7dbe,b102b42cde7719ae4b7c0163cf4d7dbe,recon_missing_items,"sold none vs paid 468.11 BRL, gap 468.11",medium,20180829,SP
2903,reconciliation,reconciliation,39776,edefc0fa09c98cc491e9d2cf95ee4a5f,edefc0fa09c98cc491e9d2cf95ee4a5f,recon_missing_items,"sold none vs paid 35.96 BRL, gap 35.96",medium,20170212,SP
2589,reconciliation,reconciliation,10181,feae5ecdf2cc16c1007741be785fe3cd,feae5ecdf2cc16c1007741be785fe3cd,recon_missing_items,"sold none vs paid 68.53 BRL, gap 68.53",medium,20171111,SP
3350,reconciliation,reconciliation,80512,3a40d639b7d8167f255bbb2b7372cddd,3a40d639b7d8167f255bbb2b7372cddd,recon_missing_items,"sold none vs paid 21.95 BRL, gap 21.95",medium,20171017,SP
2839,reconciliation,reconciliation,33980,5aac76cf7b07dd06fa4d50bf461d2f40,5aac76cf7b07dd06fa4d50bf461d2f40,recon_missing_items,"sold none vs paid 221.54 BRL, gap 221.54",medium,20180925,MG
3460,reconciliation,reconciliation,90129,3c3df3dd2afaabb39a53131f9ce98116,3c3df3dd2afaabb39a53131f9ce98116,recon_missing_items,"sold none vs paid 463.90 BRL, gap 463.90",medium,20180125,SP
3285,reconciliation,reconciliation,74916,a805d7a514bcde0719f99ddf2a3bb31d,a805d7a514bcde0719f99ddf2a3bb31d,recon_missing_items,"sold none vs paid 49.31 BRL, gap 49.31",medium,20180817,GO
3008,reconciliation,reconciliation,49076,49c5132b03e35ffa18fdca050d1f8e33,49c5132b03e35ffa18fdca050d1f8e33,recon_missing_items,"sold none vs paid 108.20 BRL, gap 108.20",medium,20171030,SP
2925,reconciliation,reconciliation,41419,95e6053477d7169c64e6a34a3e329cb7,95e6053477d7169c64e6a34a3e329cb7,recon_missing_items,"sold none vs paid 862.41 BRL, gap 862.41",medium,20180521,SP
2924,reconciliation,reconciliation,41287,5bd5f0a2e24b51f1d1d6e855f9f03e3d,5bd5f0a2e24b51f1d1d6e855f9f03e3d,recon_missing_items,"sold none vs paid 141.53 BRL, gap 141.53",medium,20170905,SP
3250,reconciliation,reconciliation,72227,80f0181edc2f4a5bd3384a3c39a83cee,80f0181edc2f4a5bd3384a3c39a83cee,recon_missing_items,"sold none vs paid 61.19 BRL, gap 61.19",medium,20180114,SP
2750,reconciliation,reconciliation,24877,842784b3b697f1dbb51781a20352709a,842784b3b697f1dbb51781a20352709a,recon_missing_items,"sold none vs paid 70.67 BRL, gap 70.67",medium,20170905,SP
2953,reconciliation,reconciliation,44414,a7e225997eea4fd0df0db35b52bd9d0e,a7e225997eea4fd0df0db35b52bd9d0e,recon_missing_items,"sold none vs paid 115.35 BRL, gap 115.35",medium,20171202,SC
2678,reconciliation,reconciliation,18458,95251874fe384d74df990ccb85bea4ab,95251874fe384d74df990ccb85bea4ab,recon_missing_items,"sold none vs paid 162.27 BRL, gap 162.27",medium,20170705,SP
2737,reconciliation,reconciliation,24362,fa5dc4c3b8326a0da88dc49b20e0ed27,fa5dc4c3b8326a0da88dc49b20e0ed27,recon_missing_items,"sold none vs paid 190.48 BRL, gap 190.48",medium,20171117,RJ
3051,reconciliation,reconciliation,53518,27667a063cb59b5d987a5a71c192cce5,27667a063cb59b5d987a5a71c192cce5,recon_missing_items,"sold none vs paid 118.35 BRL, gap 118.35",medium,20180827,SP
3311,reconciliation,reconciliation,77156,b465e6231fb8411e534acc602cff4adb,b465e6231fb8411e534acc602cff4adb,recon_missing_items,"sold none vs paid 2125.19 BRL, gap 2125.19",medium,20170611,SP
3087,reconciliation,reconciliation,56855,c94821db10df06a6d17a8054d3a0b919,c94821db10df06a6d17a8054d3a0b919,recon_missing_items,"sold none vs paid 717.11 BRL, gap 717.11",medium,20171122,RS
2711,reconciliation,reconciliation,21924,d6bf93d827293f0b9a1582be0719a1e3,d6bf93d827293f0b9a1582be0719a1e3,recon_missing_items,"sold none vs paid 63.53 BRL, gap 63.53",medium,20170920,MG
3538,reconciliation,reconciliation,97937,73d6d096aaef87398a0321fc1acc5a54,73d6d096aaef87398a0321fc1acc5a54,recon_missing_items,"sold none vs paid 61.19 BRL, gap 61.19",medium,20171017,SP
3277,reconciliation,reconciliation,74309,82492ccd735c628d8a98d08d7ffbe501,82492ccd735c628d8a98d08d7ffbe501,recon_missing_items,"sold none vs paid 68.53 BRL, gap 68.53",medium,20171018,SP
2969,reconciliation,reconciliation,45793,7b862ac7558f536ca1c6f388f21d22d5,7b862ac7558f536ca1c6f388f21d22d5,recon_missing_items,"sold none vs paid 69.73 BRL, gap 69.73",medium,20171006,SP
3002,reconciliation,reconciliation,48405,8ab4ca9525e1f61c67972a13885d3b96,8ab4ca9525e1f61c67972a13885d3b96,recon_missing_items,"sold none vs paid 123.94 BRL, gap 123.94",medium,20170509,SP
3062,reconciliation,reconciliation,54538,74e198a81e758ec637a42e8f2e856927,74e198a81e758ec637a42e8f2e856927,recon_missing_items,"sold none vs paid 584.33 BRL, gap 584.33",medium,20180818,GO
2753,reconciliation,reconciliation,25291,47bd649b812fd8ecc28320c466974088,47bd649b812fd8ecc28320c466974088,recon_missing_items,"sold none vs paid 82.97 BRL, gap 82.97",medium,20171127,MG
3443,reconciliation,reconciliation,88071,3b090f7fe6e2cf01b468a154dc9c546a,3b090f7fe6e2cf01b468a154dc9c546a,recon_missing_items,"sold none vs paid 43.58 BRL, gap 43.58",medium,20171206,SP
3159,reconciliation,reconciliation,63898,b9fffd14dc2869d69f441ff3c8f34bab,b9fffd14dc2869d69f441ff3c8f34bab,recon_missing_items,"sold none vs paid 98.90 BRL, gap 98.90",medium,20170408,SP
3479,reconciliation,reconciliation,92262,fbd87e9a66a24294c9f8deb5efca45a1,fbd87e9a66a24294c9f8deb5efca45a1,recon_missing_items,"sold none vs paid 42.84 BRL, gap 42.84",medium,20170706,SP
2738,reconciliation,reconciliation,24411,0d3adebce4bebc1f80a7f36e9833f497,0d3adebce4bebc1f80a7f36e9833f497,recon_missing_items,"sold none vs paid 94.63 BRL, gap 94.63",medium,20180903,RJ
2530,reconciliation,reconciliation,4966,bcd65d5c97ac448bb3efc90b759909fd,bcd65d5c97ac448bb3efc90b759909fd,recon_missing_items,"sold none vs paid 69.16 BRL, gap 69.16",medium,20180720,SP
3287,reconciliation,reconciliation,75002,f434066a90c729686966ab151fa4c7ec,f434066a90c729686966ab151fa4c7ec,recon_missing_items,"sold none vs paid 55.60 BRL, gap 55.60",medium,20180119,PR
3497,reconciliation,reconciliation,94311,1f0a1cc0dc294f24707a0167df26c94b,1f0a1cc0dc294f24707a0167df26c94b,recon_missing_items,"sold none vs paid 73.43 BRL, gap 73.43",medium,20170803,SP
2902,reconciliation,reconciliation,39738,c306eca42d32507b970739b5b6a5a33a,c306eca42d32507b970739b5b6a5a33a,recon_missing_items,"sold none vs paid 122.07 BRL, gap 122.07",medium,20180813,BA
3213,reconciliation,reconciliation,69289,9eb45b0aa6ff6baf71a20c68414f8089,9eb45b0aa6ff6baf71a20c68414f8089,recon_missing_items,"sold none vs paid 260.49 BRL, gap 260.49",medium,20170719,BA
3469,reconciliation,reconciliation,91210,0cfc5b8b63bf71f738f96e68adb96b3d,0cfc5b8b63bf71f738f96e68adb96b3d,recon_missing_items,"sold none vs paid 246.19 BRL, gap 246.19",medium,20171205,RS
3459,reconciliation,reconciliation,89825,d7198cce0076c5cefda313c12776334c,d7198cce0076c5cefda313c12776334c,recon_missing_items,"sold none vs paid 158.13 BRL, gap 158.13",medium,20170512,SP
2825,reconciliation,reconciliation,32734,4641a7999ca05850ee60509c213dc8ac,4641a7999ca05850ee60509c213dc8ac,recon_missing_items,"sold none vs paid 162.88 BRL, gap 162.88",medium,20171120,SP
2574,reconciliation,reconciliation,8615,12e5a909c18964acada1ce9a760d9afe,12e5a909c18964acada1ce9a760d9afe,recon_missing_items,"sold none vs paid 1620.77 BRL, gap 1620.77",medium,20170323,SP
3173,reconciliation,reconciliation,65543,779078ac80552fa400b11c285d16e4fa,779078ac80552fa400b11c285d16e4fa,recon_missing_items,"sold none vs paid 293.40 BRL, gap 293.40",medium,20170613,RJ
3406,reconciliation,reconciliation,84667,d8a40a1358d3b2dca231abdaa566b054,d8a40a1358d3b2dca231abdaa566b054,recon_missing_items,"sold none vs paid 94.12 BRL, gap 94.12",medium,20170125,MA
3056,reconciliation,reconciliation,53901,ade919610216d8fcd6333ce3696449a4,ade919610216d8fcd6333ce3696449a4,recon_missing_items,"sold none vs paid 160.37 BRL, gap 160.37",medium,20170924,SP
3064,reconciliation,reconciliation,54705,02bfe71c2bbd56f6de9c2c357adff45c,02bfe71c2bbd56f6de9c2c357adff45c,recon_missing_items,"sold none vs paid 137.32 BRL, gap 137.32",medium,20171203,PR
2677,reconciliation,reconciliation,18335,6d928ae5792f61a71bb3e3e528bf4a28,6d928ae5792f61a71bb3e3e528bf4a28,recon_missing_items,"sold none vs paid 510.99 BRL, gap 510.99",medium,20170506,MS
3468,reconciliation,reconciliation,91168,51192863a004d47d0e4f5bf5384bf88f,51192863a004d47d0e4f5bf5384bf88f,recon_missing_items,"sold none vs paid 51.75 BRL, gap 51.75",medium,20180213,SP
2851,reconciliation,reconciliation,34604,503e8daafed23dbae78ff210f2d41f0f,503e8daafed23dbae78ff210f2d41f0f,recon_missing_items,"sold none vs paid 84.46 BRL, gap 84.46",medium,20180820,SP
2941,reconciliation,reconciliation,42498,51b00c5a9b0224f467f74d55424b4235,51b00c5a9b0224f467f74d55424b4235,recon_missing_items,"sold none vs paid 89.63 BRL, gap 89.63",medium,20170709,RJ
2991,reconciliation,reconciliation,47785,0d2c1a413f6aa3a36b8bb940b028f930,0d2c1a413f6aa3a36b8bb940b028f930,recon_missing_items,"sold none vs paid 175.26 BRL, gap 175.26",medium,20171123,BA
2822,reconciliation,reconciliation,32447,6a91f55a2fad58d1b580326cd07f5795,6a91f55a2fad58d1b580326cd07f5795,recon_missing_items,"sold none vs paid 35.00 BRL, gap 35.00",medium,20170814,RJ
3073,reconciliation,reconciliation,55231,69fd1a4dd8b96b9ab0dc82b95be21efd,69fd1a4dd8b96b9ab0dc82b95be21efd,recon_missing_items,"sold none vs paid 101.88 BRL, gap 101.88",medium,20180731,RJ
3000,reconciliation,reconciliation,48392,33f11b444d480cee508b54f3cf17b079,33f11b444d480cee508b54f3cf17b079,recon_missing_items,"sold none vs paid 176.78 BRL, gap 176.78",medium,20180302,RJ
3066,reconciliation,reconciliation,55034,43c8d05a1478e794217ad3b39398022a,43c8d05a1478e794217ad3b39398022a,recon_missing_items,"sold none vs paid 474.56 BRL, gap 474.56",medium,20170814,SP
3385,reconciliation,reconciliation,82989,259fe605870f08ddf83ebb61f204b9e1,259fe605870f08ddf83ebb61f204b9e1,recon_missing_items,"sold none vs paid 52.59 BRL, gap 52.59",medium,20170817,SP
3283,reconciliation,reconciliation,74734,642b39405abba96bc0e134680e8ceb02,642b39405abba96bc0e134680e8ceb02,recon_missing_items,"sold none vs paid 214.10 BRL, gap 214.10",medium,20170305,SC
3010,reconciliation,reconciliation,49412,3f6509ff22303ff04b9bf1b2c8bf69c6,3f6509ff22303ff04b9bf1b2c8bf69c6,recon_missing_items,"sold none vs paid 288.71 BRL, gap 288.71",medium,20180813,SP
2959,reconciliation,reconciliation,44832,8cacf6d8c088e18ca96ee6d5a138461b,8cacf6d8c088e18ca96ee6d5a138461b,recon_missing_items,"sold none vs paid 96.80 BRL, gap 96.80",medium,20170527,RS
3394,reconciliation,reconciliation,83284,fd01599ab4ac4b1c1f5a5d16a7871d72,fd01599ab4ac4b1c1f5a5d16a7871d72,recon_missing_items,"sold none vs paid 56.01 BRL, gap 56.01",medium,20171208,SP
2565,reconciliation,reconciliation,7678,35dc5c3a87f9e9cf93676b98d4bc35a2,35dc5c3a87f9e9cf93676b98d4bc35a2,recon_missing_items,"sold none vs paid 208.63 BRL, gap 208.63",medium,20170214,MG
2526,reconciliation,reconciliation,4540,c2ccb6c2af36d8492e83ecf528f2755c,c2ccb6c2af36d8492e83ecf528f2755c,recon_missing_items,"sold none vs paid 91.56 BRL, gap 91.56",medium,20180521,SP
3155,reconciliation,reconciliation,63546,4493ce8729200aed0eca9d3ae8bcc57c,4493ce8729200aed0eca9d3ae8bcc57c,recon_missing_items,"sold none vs paid 192.77 BRL, gap 192.77",medium,20170202,SP
3035,reconciliation,reconciliation,52294,e5882de2409ffb5a26782367e95b91ba,e5882de2409ffb5a26782367e95b91ba,recon_missing_items,"sold none vs paid 1384.73 BRL, gap 1384.73",medium,20170630,PE
3101,reconciliation,reconciliation,58777,e731304a0fda25d2138155bbfe558bd7,e731304a0fda25d2138155bbfe558bd7,recon_missing_items,"sold none vs paid 65.23 BRL, gap 65.23",medium,20171128,SP
2611,reconciliation,reconciliation,11965,ecb1a8e8b5c6316fe7891f7b556fee28,ecb1a8e8b5c6316fe7891f7b556fee28,recon_missing_items,"sold none vs paid 86.78 BRL, gap 86.78",medium,20170207,SP
2617,reconciliation,reconciliation,12361,607cf95d7f8a8c1590f421fecdf0d95c,607cf95d7f8a8c1590f421fecdf0d95c,recon_missing_items,"sold none vs paid 137.08 BRL, gap 137.08",medium,20171115,SC
2762,reconciliation,reconciliation,26373,cdf36cd4632fe33085adec5cf3d6b306,cdf36cd4632fe33085adec5cf3d6b306,recon_missing_items,"sold none vs paid 113.87 BRL, gap 113.87",medium,20170225,MG
2759,reconciliation,reconciliation,25954,bb8edfe0742a6a0279b7dff848289568,bb8edfe0742a6a0279b7dff848289568,recon_missing_items,"sold none vs paid 72.98 BRL, gap 72.98",medium,20180830,SP
2693,reconciliation,reconciliation,20183,e9f308c243d53135de5a481bf3a9cb86,e9f308c243d53135de5a481bf3a9cb86,recon_missing_items,"sold none vs paid 56.78 BRL, gap 56.78",medium,20180210,SP
3549,reconciliation,reconciliation,98910,e49e7ce1471b4693482d40c2bd3ad196,e49e7ce1471b4693482d40c2bd3ad196,recon_missing_items,"sold none vs paid 54.42 BRL, gap 54.42",medium,20180807,SP
3259,reconciliation,reconciliation,72838,9a31fd9d697e9670777501f720773fd9,9a31fd9d697e9670777501f720773fd9,recon_missing_items,"sold none vs paid 1191.50 BRL, gap 1191.50",medium,20180215,RO
3204,reconciliation,reconciliation,68699,1768e7971ac449abce2917f608c8a69f,1768e7971ac449abce2917f608c8a69f,recon_missing_items,"sold none vs paid 148.98 BRL, gap 148.98",medium,20170315,SP
3540,reconciliation,reconciliation,98132,6c4e764954bc530adac8b0842d8f1647,6c4e764954bc530adac8b0842d8f1647,recon_missing_items,"sold none vs paid 27.01 BRL, gap 27.01",medium,20170812,RJ
3150,reconciliation,reconciliation,63288,4b03319a5a065c83d4fcc4f18f8cb257,4b03319a5a065c83d4fcc4f18f8cb257,recon_missing_items,"sold none vs paid 145.50 BRL, gap 145.50",medium,20171020,SP
3145,reconciliation,reconciliation,62931,7e6bd960caf2346257183fd4b6079a65,7e6bd960caf2346257183fd4b6079a65,recon_missing_items,"sold none vs paid 253.80 BRL, gap 253.80",medium,20180128,SP
2873,reconciliation,reconciliation,37443,aaf3ed5d59c660ed5b94eb2dd4103ea0,aaf3ed5d59c660ed5b94eb2dd4103ea0,recon_missing_items,"sold none vs paid 100.00 BRL, gap 100.00",medium,20171007,RJ
2497,reconciliation,reconciliation,1802,ed3efbd3a87bea76c2812c66a0b32219,ed3efbd3a87bea76c2812c66a0b32219,recon_missing_items,"sold none vs paid 191.46 BRL, gap 191.46",medium,20180920,MG
3534,reconciliation,reconciliation,97500,2e3c6e30c69763a7dfe40f11a19ed3da,2e3c6e30c69763a7dfe40f11a19ed3da,recon_missing_items,"sold none vs paid 20.00 BRL, gap 20.00",medium,20171023,RJ
2888,reconciliation,reconciliation,38688,f86d7bc39aab05299691322044b63bb2,f86d7bc39aab05299691322044b63bb2,recon_missing_items,"sold none vs paid 1302.42 BRL, gap 1302.42",medium,20180813,RO
2637,reconciliation,reconciliation,14383,9566b36fbba7756a79b5d2cba4e058d9,9566b36fbba7756a79b5d2cba4e058d9,recon_missing_items,"sold none vs paid 85.52 BRL, gap 85.52",medium,20170710,SP
2697,reconciliation,reconciliation,20432,60d7d8686099e4682199966963c66ae2,60d7d8686099e4682199966963c66ae2,recon_missing_items,"sold none vs paid 105.85 BRL, gap 105.85",medium,20180713,SP
3476,reconciliation,reconciliation,91987,cbc0f78d9e0d7cd99582cd7552cfd64f,cbc0f78d9e0d7cd99582cd7552cfd64f,recon_missing_items,"sold none vs paid 282.46 BRL, gap 282.46",medium,20170214,RJ
3345,reconciliation,reconciliation,80204,c021ea4a80ce0d1bce358a2f831c34db,c021ea4a80ce0d1bce358a2f831c34db,recon_missing_items,"sold none vs paid 209.48 BRL, gap 209.48",medium,20180807,CE
3046,reconciliation,reconciliation,53229,4608a27e9e60c05b054631def491e7af,4608a27e9e60c05b054631def491e7af,recon_missing_items,"sold none vs paid 447.68 BRL, gap 447.68",medium,20180828,DF
3326,reconciliation,reconciliation,78979,09f541f117ac3f665dc3aad6d3bb8fc9,09f541f117ac3f665dc3aad6d3bb8fc9,recon_missing_items,"sold none vs paid 190.91 BRL, gap 190.91",medium,20170420,RJ
2758,reconciliation,reconciliation,25740,b87fe28d8d70119601f63b7b131e7af0,b87fe28d8d70119601f63b7b131e7af0,recon_missing_items,"sold none vs paid 1520.77 BRL, gap 1520.77",medium,20170401,SP
2687,reconciliation,reconciliation,19544,d8198b1933966d7baf7a7d758bdde142,d8198b1933966d7baf7a7d758bdde142,recon_missing_items,"sold none vs paid 31.75 BRL, gap 31.75",medium,20170809,SP
3170,reconciliation,reconciliation,65358,1aba68837cfafa9cc4bba58efee87d4a,1aba68837cfafa9cc4bba58efee87d4a,recon_missing_items,"sold none vs paid 69.78 BRL, gap 69.78",medium,20171023,MT
2881,reconciliation,reconciliation,38104,f747f82cd6f4094876b1df81c7a50145,f747f82cd6f4094876b1df81c7a50145,recon_missing_items,"sold none vs paid 35.90 BRL, gap 35.90",medium,20170222,PR
3485,reconciliation,reconciliation,93135,6900ba78f72feb30643f7c2e2ebb3aa1,6900ba78f72feb30643f7c2e2ebb3aa1,recon_missing_items,"sold none vs paid 28.86 BRL, gap 28.86",medium,20170423,SP
3545,reconciliation,reconciliation,98418,269507123b136cce3d2f6c5915f11bad,269507123b136cce3d2f6c5915f11bad,recon_missing_items,"sold none vs paid 217.61 BRL, gap 217.61",medium,20180212,PR
2964,reconciliation,reconciliation,45490,342505ef4323f0572eda009be6080f6c,342505ef4323f0572eda009be6080f6c,recon_missing_items,"sold none vs paid 88.65 BRL, gap 88.65",medium,20170911,SP
2913,reconciliation,reconciliation,40361,e40d0c72305e1f0be6925df1e4378221,e40d0c72305e1f0be6925df1e4378221,recon_missing_items,"sold none vs paid 665.62 BRL, gap 665.62",medium,20171103,BA
2740,reconciliation,reconciliation,24494,930f7f40db5f938e56fbc1bdcd1bb28b,930f7f40db5f938e56fbc1bdcd1bb28b,recon_missing_items,"sold none vs paid 114.35 BRL, gap 114.35",medium,20180216,SP
3414,reconciliation,reconciliation,85361,dc69158eb223d2e98bbaaba4c9f81c87,dc69158eb223d2e98bbaaba4c9f81c87,recon_missing_items,"sold none vs paid 231.26 BRL, gap 231.26",medium,20180113,SP
2486,reconciliation,reconciliation,587,c272bcd21c287498b4883c7512019702,c272bcd21c287498b4883c7512019702,recon_missing_items,"sold none vs paid 97.68 BRL, gap 97.68",medium,20180131,SP
3082,reconciliation,reconciliation,56154,e8df0b08b2d6162f2a109f931d0774b6,e8df0b08b2d6162f2a109f931d0774b6,recon_missing_items,"sold none vs paid 236.03 BRL, gap 236.03",medium,20171008,DF
2848,reconciliation,reconciliation,34539,ebb921d271b8b17989e08220637b921f,ebb921d271b8b17989e08220637b921f,recon_missing_items,"sold none vs paid 172.10 BRL, gap 172.10",medium,20180103,SP
3288,reconciliation,reconciliation,75011,858f8fbff9d717450f931fc6e9d15029,858f8fbff9d717450f931fc6e9d15029,recon_missing_items,"sold none vs paid 69.85 BRL, gap 69.85",medium,20171010,MT
2897,reconciliation,reconciliation,39166,ccb48770165d34335e1d156d6d2c6ec7,ccb48770165d34335e1d156d6d2c6ec7,recon_missing_items,"sold none vs paid 82.73 BRL, gap 82.73",medium,20180215,MA
2531,reconciliation,reconciliation,5030,46f36d95da75ced0462d57df904d36d0,46f36d95da75ced0462d57df904d36d0,recon_missing_items,"sold none vs paid 34.51 BRL, gap 34.51",medium,20170302,MG
2877,reconciliation,reconciliation,37489,91663de20f19686d62e4dbc0087fcf62,91663de20f19686d62e4dbc0087fcf62,recon_missing_items,"sold none vs paid 104.28 BRL, gap 104.28",medium,20170708,RJ
3167,reconciliation,reconciliation,64909,f0eadb6ba0382197c2f94afe7d95e60e,f0eadb6ba0382197c2f94afe7d95e60e,recon_missing_items,"sold none vs paid 32.00 BRL, gap 32.00",medium,20171124,RS
3102,reconciliation,reconciliation,58959,90ab3e7d52544ec7bc3363c82689965f,90ab3e7d52544ec7bc3363c82689965f,recon_missing_items,"sold none vs paid 245.85 BRL, gap 245.85",high,20171106,PR
3402,reconciliation,reconciliation,83919,ddb580e0827e6b997875e7b5612b8093,ddb580e0827e6b997875e7b5612b8093,recon_missing_items,"sold none vs paid 48.75 BRL, gap 48.75",medium,20170717,SP
2520,reconciliation,reconciliation,3685,03310aa823a66056268a3bab36e827fb,03310aa823a66056268a3bab36e827fb,recon_missing_items,"sold none vs paid 3184.34 BRL, gap 3184.34",medium,20180807,SC
2723,reconciliation,reconciliation,23040,736dca37c6d52d16556556bdd7d208ff,736dca37c6d52d16556556bdd7d208ff,recon_missing_items,"sold none vs paid 112.14 BRL, gap 112.14",medium,20171204,RJ
2584,reconciliation,reconciliation,9703,8347204e1ae41b2ad30899fa41a0a889,8347204e1ae41b2ad30899fa41a0a889,recon_missing_items,"sold none vs paid 92.43 BRL, gap 92.43",medium,20170303,MG
3374,reconciliation,reconciliation,82209,2ec030d65d7742d4afb8df93dd86ba76,2ec030d65d7742d4afb8df93dd86ba76,recon_missing_items,"sold none vs paid 105.04 BRL, gap 105.04",medium,20170306,SE
3359,reconciliation,reconciliation,81182,e22f8395265cb423def2d5c028f0f34b,e22f8395265cb423def2d5c028f0f34b,recon_missing_items,"sold none vs paid 107.02 BRL, gap 107.02",medium,20171201,RJ
3117,reconciliation,reconciliation,60161,aed488062a3d349252ffe2961e214551,aed488062a3d349252ffe2961e214551,recon_missing_items,"sold none vs paid 204.76 BRL, gap 204.76",medium,20171016,RJ
2971,reconciliation,reconciliation,45922,2429083883078c31cf2337ce0dd425ee,2429083883078c31cf2337ce0dd425ee,recon_missing_items,"sold none vs paid 453.59 BRL, gap 453.59",medium,20170706,MG
3307,reconciliation,reconciliation,76922,3bb3f7783f2e72ad6c1baacfdc807994,3bb3f7783f2e72ad6c1baacfdc807994,recon_missing_items,"sold none vs paid 70.92 BRL, gap 70.92",medium,20171130,SP
3119,reconciliation,reconciliation,60320,0cb3c0cb279f04b99a10ac141fa8586f,0cb3c0cb279f04b99a10ac141fa8586f,recon_missing_items,"sold none vs paid 245.27 BRL, gap 245.27",medium,20170306,SP
2775,reconciliation,reconciliation,28331,f5e0327c97a90df59977a815f6e4453c,f5e0327c97a90df59977a815f6e4453c,recon_missing_items,"sold none vs paid 93.55 BRL, gap 93.55",medium,20171206,ES
3418,reconciliation,reconciliation,85736,0667c8670e40ad2783c71d45ceb361e0,0667c8670e40ad2783c71d45ceb361e0,recon_missing_items,"sold none vs paid 31.69 BRL, gap 31.69",medium,20170827,SC
2644,reconciliation,reconciliation,15566,8ad27f298f11ab1248784468b3fa24e0,8ad27f298f11ab1248784468b3fa24e0,recon_missing_items,"sold none vs paid 108.07 BRL, gap 108.07",medium,20180507,MG
3037,reconciliation,reconciliation,52350,52ffca67c47f7bc4350f82b1d2c20dec,52ffca67c47f7bc4350f82b1d2c20dec,recon_missing_items,"sold none vs paid 107.87 BRL, gap 107.87",medium,20171126,MG
3446,reconciliation,reconciliation,88265,42202323e8e5319c107e361d55ad0de6,42202323e8e5319c107e361d55ad0de6,recon_missing_items,"sold none vs paid 73.71 BRL, gap 73.71",medium,20171030,SP
2918,reconciliation,reconciliation,40658,adba6d04acdb64b6df4751a0e639dfd9,adba6d04acdb64b6df4751a0e639dfd9,recon_missing_items,"sold none vs paid 279.18 BRL, gap 279.18",medium,20170620,RJ
3395,reconciliation,reconciliation,83330,5517dcebf1ab177978bae7e7c66de1b6,5517dcebf1ab177978bae7e7c66de1b6,recon_missing_items,"sold none vs paid 64.21 BRL, gap 64.21",medium,20170427,SP
2782,reconciliation,reconciliation,28838,ba2821b49c92e278db491d3e19fa0556,ba2821b49c92e278db491d3e19fa0556,recon_missing_items,"sold none vs paid 110.30 BRL, gap 110.30",medium,20170502,SP
3383,reconciliation,reconciliation,82806,cb903ba48840fca21bc4c8a7382b4960,cb903ba48840fca21bc4c8a7382b4960,recon_missing_items,"sold none vs paid 97.79 BRL, gap 97.79",medium,20170913,MS
3222,reconciliation,reconciliation,69712,4a42846a6eed9d15714fe30181399f2a,4a42846a6eed9d15714fe30181399f2a,recon_missing_items,"sold none vs paid 34.37 BRL, gap 34.37",medium,20170217,RJ
2502,reconciliation,reconciliation,2149,9f3458f0433d4cfa472f4682654b8d49,9f3458f0433d4cfa472f4682654b8d49,recon_missing_items,"sold none vs paid 78.18 BRL, gap 78.18",medium,20170718,PR
2552,reconciliation,reconciliation,6781,8a20e2954602a0738f264299255fd5af,8a20e2954602a0738f264299255fd5af,recon_missing_items,"sold none vs paid 46.78 BRL, gap 46.78",medium,20171227,SP
2809,reconciliation,reconciliation,31171,21a00b08cbeb5716bbb66105e3dbd850,21a00b08cbeb5716bbb66105e3dbd850,recon_missing_items,"sold none vs paid 51.17 BRL, gap 51.17",medium,20180910,RJ
3464,reconciliation,reconciliation,90327,a8ebe927b1b85cc950bba001cac770f7,a8ebe927b1b85cc950bba001cac770f7,recon_missing_items,"sold none vs paid 101.73 BRL, gap 101.73",medium,20171206,SP
2745,reconciliation,reconciliation,24689,b837d07aca063bfa379766bb6740fdf9,b837d07aca063bfa379766bb6740fdf9,recon_missing_items,"sold none vs paid 105.08 BRL, gap 105.08",medium,20180506,SP
2523,reconciliation,reconciliation,4249,2411e5019928e883d049f7242362c23b,2411e5019928e883d049f7242362c23b,recon_missing_items,"sold none vs paid 22.38 BRL, gap 22.38",medium,20170917,MG
2503,reconciliation,reconciliation,2162,7a9d4c7f9b068337875b95465330f2fc,7a9d4c7f9b068337875b95465330f2fc,recon_missing_items,"sold none vs paid 72.90 BRL, gap 72.90",medium,20170501,SP
2963,reconciliation,reconciliation,45143,2982a4a9b9ff0bf9a4f5b88a45a6fa67,2982a4a9b9ff0bf9a4f5b88a45a6fa67,recon_missing_items,"sold none vs paid 163.52 BRL, gap 163.52",medium,20170306,CE
3458,reconciliation,reconciliation,89647,bd7585a77f0aa76b3775bb68fb293356,bd7585a77f0aa76b3775bb68fb293356,recon_missing_items,"sold none vs paid 30.81 BRL, gap 30.81",medium,20170208,MG
2871,reconciliation,reconciliation,37191,c9e893d2e32f6ca9988b30669eb71e5a,c9e893d2e32f6ca9988b30669eb71e5a,recon_missing_items,"sold none vs paid 39.96 BRL, gap 39.96",medium,20170206,SP
2831,reconciliation,reconciliation,33390,a2bcbea8668a0d93334cf7f7fafe921d,a2bcbea8668a0d93334cf7f7fafe921d,recon_missing_items,"sold none vs paid 93.30 BRL, gap 93.30",medium,20180212,RJ
3092,reconciliation,reconciliation,57062,2b25bdbc985fdd953cced7c3fdf0a2fe,2b25bdbc985fdd953cced7c3fdf0a2fe,recon_missing_items,"sold none vs paid 663.72 BRL, gap 663.72",medium,20171118,RN
2984,reconciliation,reconciliation,46972,402e0a2ad64d2f2b8f0d06d436789aca,402e0a2ad64d2f2b8f0d06d436789aca,recon_missing_items,"sold none vs paid 317.88 BRL, gap 317.88",medium,20171021,SP
2788,reconciliation,reconciliation,29420,d9f0325894bf21440caaed1e42006eaa,d9f0325894bf21440caaed1e42006eaa,recon_missing_items,"sold none vs paid 61.19 BRL, gap 61.19",medium,20171112,SP
2942,reconciliation,reconciliation,42658,f4a8cf5dcabdbe8dd7e65e1674db3015,f4a8cf5dcabdbe8dd7e65e1674db3015,recon_missing_items,"sold none vs paid 158.30 BRL, gap 158.30",medium,20180121,SP
3465,reconciliation,reconciliation,90543,c037dd9db2ac27aa44381219612e91ba,c037dd9db2ac27aa44381219612e91ba,recon_missing_items,"sold none vs paid 73.13 BRL, gap 73.13",medium,20171110,DF
2702,reconciliation,reconciliation,20779,4d59cc2a2e7bb6c0a851725f5888a9b5,4d59cc2a2e7bb6c0a851725f5888a9b5,recon_missing_items,"sold none vs paid 69.46 BRL, gap 69.46",medium,20180906,SP
2692,reconciliation,reconciliation,20048,940018724d5c0c1847f642dc1d8d0ea2,940018724d5c0c1847f642dc1d8d0ea2,recon_missing_items,"sold none vs paid 454.31 BRL, gap 454.31",medium,20180419,SP
2590,reconciliation,reconciliation,10184,651a89e11653d8df43a624a903fe0f5e,651a89e11653d8df43a624a903fe0f5e,recon_missing_items,"sold none vs paid 215.55 BRL, gap 215.55",medium,20170606,SP
3502,reconciliation,reconciliation,94996,2867faaa7a912bbc2bf8d8e40d7a0354,2867faaa7a912bbc2bf8d8e40d7a0354,recon_missing_items,"sold none vs paid 138.35 BRL, gap 138.35",medium,20170122,SP
3320,reconciliation,reconciliation,78192,1c851b2d3587fe02888b58c64fbc1ab0,1c851b2d3587fe02888b58c64fbc1ab0,recon_missing_items,"sold none vs paid 33.11 BRL, gap 33.11",medium,20180109,SP
3324,reconciliation,reconciliation,78844,a3b14686446d3401d67a3421891c34a3,a3b14686446d3401d67a3421891c34a3,recon_missing_items,"sold none vs paid 55.80 BRL, gap 55.80",medium,20180209,ES
2977,reconciliation,reconciliation,46415,48f2d0b950703bfb145b7c3c0641b4bb,48f2d0b950703bfb145b7c3c0641b4bb,recon_missing_items,"sold none vs paid 87.01 BRL, gap 87.01",medium,20170830,SP
3427,reconciliation,reconciliation,86203,ac446e82125c862fbe4c638d69f807bb,ac446e82125c862fbe4c638d69f807bb,recon_missing_items,"sold none vs paid 1620.77 BRL, gap 1620.77",medium,20170406,SP
3519,reconciliation,reconciliation,96316,ae443cb420061bab1f2c5e3ad279fde8,ae443cb420061bab1f2c5e3ad279fde8,recon_missing_items,"sold none vs paid 132.37 BRL, gap 132.37",medium,20180303,SP
3198,reconciliation,reconciliation,68229,1982a20c2a9d116da964e488d59eebe7,1982a20c2a9d116da964e488d59eebe7,recon_missing_items,"sold none vs paid 34.37 BRL, gap 34.37",medium,20170208,RJ
3105,reconciliation,reconciliation,59226,b6777988359768bf8f2390aa6d072be4,b6777988359768bf8f2390aa6d072be4,recon_missing_items,"sold none vs paid 69.46 BRL, gap 69.46",medium,20171030,RJ
3441,reconciliation,reconciliation,87601,ecae73914f65a01db35cc609281364ef,ecae73914f65a01db35cc609281364ef,recon_missing_items,"sold none vs paid 154.63 BRL, gap 154.63",medium,20170531,RJ
3201,reconciliation,reconciliation,68320,489b43fc6f7840318ee5d83ee35b86c1,489b43fc6f7840318ee5d83ee35b86c1,recon_missing_items,"sold none vs paid 70.16 BRL, gap 70.16",medium,20170306,SP
3561,reconciliation,reconciliation,99349,a69ba794cc7deb415c3e15a0a3877e69,a69ba794cc7deb415c3e15a0a3877e69,recon_missing_items,"sold none vs paid 195.91 BRL, gap 195.91",medium,20170823,RJ
2906,reconciliation,reconciliation,39999,33d8795f04dd631f3480d7aaf90da3dc,33d8795f04dd631f3480d7aaf90da3dc,recon_missing_items,"sold none vs paid 59.69 BRL, gap 59.69",medium,20170707,SP
3224,reconciliation,reconciliation,69935,92fca7ed7b7df4695007bd7f227e3333,92fca7ed7b7df4695007bd7f227e3333,recon_missing_items,"sold none vs paid 52.57 BRL, gap 52.57",medium,20170201,RJ
3044,reconciliation,reconciliation,53043,b93ffbad842670470ec41f35a317ee65,b93ffbad842670470ec41f35a317ee65,recon_missing_items,"sold none vs paid 83.11 BRL, gap 83.11",medium,20170208,MG
2515,reconciliation,reconciliation,3085,84b8ba39037606b7b30a39d02e9e4154,84b8ba39037606b7b30a39d02e9e4154,recon_missing_items,"sold none vs paid 414.97 BRL, gap 414.97",medium,20180627,SP
2513,reconciliation,reconciliation,3057,ddaec6fff982b13e7e048b627a11d6da,ddaec6fff982b13e7e048b627a11d6da,recon_missing_items,"sold none vs paid 116.99 BRL, gap 116.99",medium,20161004,SP
2506,reconciliation,reconciliation,2317,86f0bcd9b426a2c1022ae317c7f27be6,86f0bcd9b426a2c1022ae317c7f27be6,recon_missing_items,"sold none vs paid 177.59 BRL, gap 177.59",medium,20170308,PR
3106,reconciliation,reconciliation,59300,b2e2410ac54dcb51230fd94aef5bcd2c,b2e2410ac54dcb51230fd94aef5bcd2c,recon_missing_items,"sold none vs paid 25.00 BRL, gap 25.00",medium,20170731,SP
2836,reconciliation,reconciliation,33723,298b961b82fd30c53433ae821ba75aa9,298b961b82fd30c53433ae821ba75aa9,recon_missing_items,"sold none vs paid 121.86 BRL, gap 121.86",medium,20180710,RS
3274,reconciliation,reconciliation,74041,baec85e7fa005a17b89b8bf93300cb5f,baec85e7fa005a17b89b8bf93300cb5f,recon_missing_items,"sold none vs paid 16.95 BRL, gap 16.95",medium,20180112,SP
3180,reconciliation,reconciliation,66296,94bce2ab6f38b41d29ebbd9d755677bf,94bce2ab6f38b41d29ebbd9d755677bf,recon_missing_items,"sold none vs paid 464.59 BRL, gap 464.59",medium,20170709,RJ
3059,reconciliation,reconciliation,54282,04b8c60eb3cceaecde917716daa30bde,04b8c60eb3cceaecde917716daa30bde,recon_missing_items,"sold none vs paid 77.80 BRL, gap 77.80",medium,20171127,DF
3054,reconciliation,reconciliation,53689,e5215415bb6f76fe3b7cb68103a0d1c0,e5215415bb6f76fe3b7cb68103a0d1c0,recon_missing_items,"sold none vs paid 61.99 BRL, gap 61.99",medium,20161022,CE
2776,reconciliation,reconciliation,28468,7aec7711c4f60453a59bf2f85d18187f,7aec7711c4f60453a59bf2f85d18187f,recon_missing_items,"sold none vs paid 234.29 BRL, gap 234.29",medium,20171011,MG
3266,reconciliation,reconciliation,73342,cfdfd7862e532c4ec1ed1c6a1b56d320,cfdfd7862e532c4ec1ed1c6a1b56d320,recon_missing_items,"sold none vs paid 197.55 BRL, gap 197.55",medium,20180903,SP
2934,reconciliation,reconciliation,42098,54b56f2389dee113344da742da7890c9,54b56f2389dee113344da742da7890c9,recon_missing_items,"sold none vs paid 37.68 BRL, gap 37.68",medium,20180212,SP
3355,reconciliation,reconciliation,81015,91427fef1ca1431d3d86d7bcd0b51ebc,91427fef1ca1431d3d86d7bcd0b51ebc,recon_missing_items,"sold none vs paid 248.80 BRL, gap 248.80",medium,20170929,SP
33,data_quality,order_payments,40319,0668d086b3ae41adde3aed3dacbc8fae|2,0668d086b3ae41adde3aed3dacbc8fae,payment_sequence_gap,payment_sequential jumps from 0 to 2,low,20180703,CE
1729,data_quality,orders,51588,69aca49c98f05af05bec6fa1f87a3059,69aca49c98f05af05bec6fa1f87a3059,carrier_before_approval,handed to carrier 2018-07-20 12:01:00 before approval 2018-07-20 13:30:13,low,20180720,RJ
1956,data_quality,orders,67845,db090a16182b263b1e896bb26c6f66cf,db090a16182b263b1e896bb26c6f66cf,carrier_before_approval,handed to carrier 2018-07-13 13:59:00 before approval 2018-07-13 16:44:09,low,20180713,RS
2440,data_quality,orders,98173,f7780ea2807db31691e83f0013294035,f7780ea2807db31691e83f0013294035,carrier_before_approval,handed to carrier 2018-07-30 15:00:00 before approval 2018-07-30 15:35:16,low,20180730,SP
2429,data_quality,orders,97698,3b40ede283844ba0fbdd110f8a56792f,3b40ede283844ba0fbdd110f8a56792f,carrier_before_approval,handed to carrier 2018-07-18 13:06:00 before approval 2018-07-18 14:45:20,low,20180718,SP
1881,data_quality,orders,62065,c6f11a51ee3384a11e50cc55dc685c24,c6f11a51ee3384a11e50cc55dc685c24,carrier_before_approval,handed to carrier 2018-08-15 13:56:00 before approval 2018-08-15 14:24:18,low,20180815,SP
1364,data_quality,orders,27833,bb3164e0236b64b580d475215f1004d2,bb3164e0236b64b580d475215f1004d2,carrier_before_approval,handed to carrier 2018-06-19 13:58:00 before approval 2018-06-19 15:37:45,low,20180619,SP
2371,data_quality,orders,94036,2ef2818bc1477c39bc32b093812b85e8,2ef2818bc1477c39bc32b093812b85e8,carrier_before_approval,handed to carrier 2018-05-28 14:33:00 before approval 2018-05-28 14:50:31,low,20180528,DF
1322,data_quality,orders,25457,800bb72be8df9c5372c6a4235d38de9b,800bb72be8df9c5372c6a4235d38de9b,carrier_before_approval,handed to carrier 2018-05-14 14:47:00 before approval 2018-05-14 15:17:28,low,20180514,RJ
1049,data_quality,orders,8127,6c5d1e03493316b72304f07834a03325,6c5d1e03493316b72304f07834a03325,carrier_before_approval,handed to carrier 2018-06-12 13:06:00 before approval 2018-06-12 14:27:00,low,20180612,BA
1563,data_quality,orders,41619,1d54af1bf3179b54f046212de28f8bc7,1d54af1bf3179b54f046212de28f8bc7,carrier_before_approval,handed to carrier 2018-08-09 08:33:00 before approval 2018-08-09 08:50:35,low,20180809,ES
2434,data_quality,orders,98064,269ad8edf5c7dd6bfbe01dc68832f6ce,269ad8edf5c7dd6bfbe01dc68832f6ce,carrier_before_approval,handed to carrier 2018-08-16 15:34:00 before approval 2018-08-16 15:50:19,low,20180816,RJ
1114,data_quality,orders,12333,fb3cf8c9eb2412b0edc0a00a8f43a869,fb3cf8c9eb2412b0edc0a00a8f43a869,carrier_before_approval,handed to carrier 2018-05-29 13:58:00 before approval 2018-05-29 14:39:27,low,20180529,RJ
1996,data_quality,orders,70033,52a547866cd2082c600fb72eced19331,52a547866cd2082c600fb72eced19331,carrier_before_approval,handed to carrier 2018-05-16 14:29:00 before approval 2018-05-16 15:19:36,low,20180516,MG
2034,data_quality,orders,72545,5fc25db83662b2660bd61440ba3ec9b8,5fc25db83662b2660bd61440ba3ec9b8,carrier_before_approval,handed to carrier 2018-07-31 13:43:00 before approval 2018-07-31 15:44:29,low,20180731,RS
1548,data_quality,orders,41089,819c0a8de9efdc8a6886525a06dc7967,819c0a8de9efdc8a6886525a06dc7967,carrier_before_approval,handed to carrier 2018-07-04 15:30:00 before approval 2018-07-05 16:21:06,low,20180704,SP
1130,data_quality,orders,13405,28fb57d39d543fade1e8fa4804f7483e,28fb57d39d543fade1e8fa4804f7483e,carrier_before_approval,handed to carrier 2018-06-07 14:09:00 before approval 2018-06-07 15:18:51,low,20180607,SC
2136,data_quality,orders,79402,89d32b64af005178b318f76cd60f2c3c,89d32b64af005178b318f76cd60f2c3c,carrier_before_approval,handed to carrier 2018-07-06 09:48:00 before approval 2018-07-06 12:11:05,low,20180706,SP
1267,data_quality,orders,22249,9dafdbeb6a7b7240bc32fd6861c42f54,9dafdbeb6a7b7240bc32fd6861c42f54,carrier_before_approval,handed to carrier 2018-06-07 12:02:00 before approval 2018-06-07 13:18:07,low,20180607,MG
2212,data_quality,orders,85432,cab5ff5f1347330a7576a8aa80bd1774,cab5ff5f1347330a7576a8aa80bd1774,carrier_before_approval,handed to carrier 2018-06-27 11:10:00 before approval 2018-06-27 12:10:12,low,20180627,MG
1858,data_quality,orders,60309,129b63bc323d7b5b2965a143b2e72cc7,129b63bc323d7b5b2965a143b2e72cc7,carrier_before_approval,handed to carrier 2018-05-30 14:33:00 before approval 2018-05-30 14:57:24,low,20180530,MG
1000,data_quality,orders,5215,a5a9f45d795fafe0077043697f62fd4f,a5a9f45d795fafe0077043697f62fd4f,carrier_before_approval,handed to carrier 2018-07-04 13:41:00 before approval 2018-07-05 16:30:50,low,20180704,GO
1454,data_quality,orders,34434,fd58bdbb6cc5d7519e063c3ceb7e951b,fd58bdbb6cc5d7519e063c3ceb7e951b,carrier_before_approval,handed to carrier 2018-04-25 12:36:00 before approval 2018-04-25 13:15:26,low,20180425,MA
2201,data_quality,orders,84312,ba992a67b91b76a97c227e1ad48658f5,ba992a67b91b76a97c227e1ad48658f5,carrier_before_approval,handed to carrier 2018-08-03 13:58:00 before approval 2018-08-03 15:04:13,low,20180803,CE
76,data_quality,order_payments,79015,1a57108394169c0b47d8f876acc9ba2d|2,1a57108394169c0b47d8f876acc9ba2d,invalid_installments,credit_card payment with 0 installments (must be >= 1),medium,20180515,BA
931,data_quality,orders,1373,a6b58794fd2ba533359a76c08df576e3,a6b58794fd2ba533359a76c08df576e3,carrier_before_approval,handed to carrier 2018-05-14 13:46:00 before approval 2018-05-14 15:33:35,low,20180514,RS
1293,data_quality,orders,23985,154029fef0e3e2f72ef09775cc9d1af1,154029fef0e3e2f72ef09775cc9d1af1,carrier_before_approval,handed to carrier 2018-05-22 10:46:00 before approval 2018-05-22 11:53:51,low,20180522,RJ
2112,data_quality,orders,77728,5fbe0933118a1dec4ac5424ef0ed0686,5fbe0933118a1dec4ac5424ef0ed0686,carrier_before_approval,handed to carrier 2018-07-06 08:22:00 before approval 2018-07-06 09:11:19,low,20180706,MG
1567,data_quality,orders,41925,48300f948ed1d70ff6e5f733e30e5816,48300f948ed1d70ff6e5f733e30e5816,carrier_before_approval,handed to carrier 2018-06-21 13:09:00 before approval 2018-06-21 14:59:59,low,20180621,GO
971,data_quality,orders,3662,2033a4586b5bec3229ebc1675a8ae092,2033a4586b5bec3229ebc1675a8ae092,carrier_before_approval,handed to carrier 2018-06-12 10:09:00 before approval 2018-06-12 10:39:59,low,20180612,RJ
2164,data_quality,orders,82045,9ddadedc86122b4be334ddb751017997,9ddadedc86122b4be334ddb751017997,carrier_before_approval,handed to carrier 2018-07-05 15:29:00 before approval 2018-07-05 16:35:55,low,20180705,DF
2077,data_quality,orders,75032,719beedd6c2193b3e1e1ea1d2706eaf1,719beedd6c2193b3e1e1ea1d2706eaf1,carrier_before_approval,handed to carrier 2018-06-20 13:32:00 before approval 2018-06-20 14:18:42,low,20180620,SP
1991,data_quality,orders,69602,9292a5004e4adeb999700abae47eb13b,9292a5004e4adeb999700abae47eb13b,carrier_before_approval,handed to carrier 2018-05-30 13:40:00 before approval 2018-05-30 14:57:32,low,20180530,SC
981,data_quality,orders,4160,dee6298ce7d1fb2645141ef9972157aa,dee6298ce7d1fb2645141ef9972157aa,carrier_before_approval,handed to carrier 2018-04-30 12:59:00 before approval 2018-04-30 14:15:24,low,20180430,GO
2203,data_quality,orders,84496,15e67a6eec264915cd81f8f57dbacd81,15e67a6eec264915cd81f8f57dbacd81,carrier_before_approval,handed to carrier 2018-08-07 12:39:00 before approval 2018-08-07 14:15:17,low,20180807,RJ
1368,data_quality,orders,28040,b39c24b97fedca1cb67932d9864957c6,b39c24b97fedca1cb67932d9864957c6,carrier_before_approval,handed to carrier 2018-06-18 12:53:00 before approval 2018-06-18 14:19:16,low,20180618,PR
924,data_quality,orders,1112,ad133696906f6a78826daa0911b7daec,ad133696906f6a78826daa0911b7daec,carrier_before_approval,handed to carrier 2018-06-15 14:52:00 before approval 2018-06-15 16:19:23,low,20180615,SC
1407,data_quality,orders,30803,d5b8231ec694904371f3efcd3450ee94,d5b8231ec694904371f3efcd3450ee94,carrier_before_approval,handed to carrier 2018-06-06 14:34:00 before approval 2018-06-06 15:13:46,low,20180606,PR
989,data_quality,orders,4661,d454d6650d375ebc3f9667a4d2fe161c,d454d6650d375ebc3f9667a4d2fe161c,carrier_before_approval,handed to carrier 2018-05-10 09:11:00 before approval 2018-05-10 09:35:13,low,20180510,SP
1657,data_quality,orders,47291,dadc329b35c6c0dcbe7c3ddb1923f51a,dadc329b35c6c0dcbe7c3ddb1923f51a,carrier_before_approval,handed to carrier 2018-06-29 15:47:00 before approval 2018-06-29 16:11:43,low,20180629,RS
1733,data_quality,orders,51833,7fb538147fab748faf726e6706589b74,7fb538147fab748faf726e6706589b74,carrier_before_approval,handed to carrier 2018-08-16 14:19:00 before approval 2018-08-16 15:24:46,low,20180816,SP
1226,data_quality,orders,19300,1046a71a57b33b4a92f9f932237f1ab0,1046a71a57b33b4a92f9f932237f1ab0,carrier_before_approval,handed to carrier 2018-07-31 12:57:00 before approval 2018-07-31 14:05:11,low,20180731,GO
1291,data_quality,orders,23967,e0017093576ff7e25777c2d023eb1cd9,e0017093576ff7e25777c2d023eb1cd9,carrier_before_approval,handed to carrier 2018-06-26 14:50:00 before approval 2018-06-26 15:16:21,low,20180626,RJ
1914,data_quality,orders,64702,70f814478ea3019fff8677f0aca6a54b,70f814478ea3019fff8677f0aca6a54b,carrier_before_approval,handed to carrier 2018-08-23 15:31:00 before approval 2018-08-23 16:10:22,low,20180823,SP
1559,data_quality,orders,41558,9ac6f439f70af60a204c7d47285fa099,9ac6f439f70af60a204c7d47285fa099,carrier_before_approval,handed to carrier 2018-08-16 14:20:00 before approval 2018-08-16 15:55:24,low,20180816,RS
2002,data_quality,orders,70112,514988a3e142461049264d74b768b365,514988a3e142461049264d74b768b365,carrier_before_approval,handed to carrier 2018-07-31 16:18:00 before approval 2018-07-31 17:31:07,low,20180731,PR
2038,data_quality,orders,72799,8e2180a4fcb4cc57d8e0737c95cd4d28,8e2180a4fcb4cc57d8e0737c95cd4d28,carrier_before_approval,handed to carrier 2018-07-03 13:32:00 before approval 2018-07-05 16:33:00,low,20180703,RS
1627,data_quality,orders,45522,0474da9403011efc4abd2bf594e9b68b,0474da9403011efc4abd2bf594e9b68b,carrier_before_approval,handed to carrier 2018-08-08 12:19:00 before approval 2018-08-08 13:30:15,low,20180808,MG
1073,data_quality,orders,9680,1227f9af3b2ddb0b95060aab8e5b3dc7,1227f9af3b2ddb0b95060aab8e5b3dc7,carrier_before_approval,handed to carrier 2018-05-10 14:00:00 before approval 2018-05-10 15:11:25,low,20180510,MT
2352,data_quality,orders,92924,a6f2940cae871bfd63ea94dd5c476a62,a6f2940cae871bfd63ea94dd5c476a62,carrier_before_approval,handed to carrier 2018-08-07 09:48:00 before approval 2018-08-07 10:05:19,low,20180807,SP
2388,data_quality,orders,94864,5d2360b577af310633223b53506dcfaa,5d2360b577af310633223b53506dcfaa,carrier_before_approval,handed to carrier 2018-06-13 09:52:00 before approval 2018-06-13 11:55:13,low,20180613,MA
1079,data_quality,orders,10048,2996234f359b5a3b99263b0f5b841d86,2996234f359b5a3b99263b0f5b841d86,carrier_before_approval,handed to carrier 2018-08-15 14:16:00 before approval 2018-08-15 16:05:12,low,20180815,RS
2335,data_quality,orders,91480,1d400d95c6669247200db54206a74b55,1d400d95c6669247200db54206a74b55,carrier_before_approval,handed to carrier 2018-07-04 15:17:00 before approval 2018-07-05 16:11:43,low,20180704,SP
1927,data_quality,orders,65905,6c28cf68e8389e5024135b3d33d8a987,6c28cf68e8389e5024135b3d33d8a987,carrier_before_approval,handed to carrier 2018-05-09 11:09:00 before approval 2018-05-09 12:35:53,low,20180509,SP
1507,data_quality,orders,38220,c3c86ecc0f7508ffce2a4662f49d9d8b,c3c86ecc0f7508ffce2a4662f49d9d8b,carrier_before_approval,handed to carrier 2018-05-14 12:25:00 before approval 2018-05-14 12:55:25,low,20180514,PR
1208,data_quality,orders,17832,fcb9ec0e86e6d326a21a96c2008c8610,fcb9ec0e86e6d326a21a96c2008c8610,carrier_before_approval,handed to carrier 2018-08-16 16:27:00 before approval 2018-08-16 16:49:04,low,20180816,SP
1494,data_quality,orders,37711,8c8005895f46f6c1bdf16697c70e645a,8c8005895f46f6c1bdf16697c70e645a,carrier_before_approval,handed to carrier 2018-08-17 14:56:00 before approval 2018-08-17 16:10:14,low,20180817,PI
1329,data_quality,orders,25884,7c48bb55e8e4f7e56d412e9653db37bc,7c48bb55e8e4f7e56d412e9653db37bc,carrier_before_approval,handed to carrier 2018-01-26 13:35:00 before approval 2018-07-16 18:50:22,low,20180716,SP
965,data_quality,orders,3474,b0c2a7d04b165525254254a728c50a4e,b0c2a7d04b165525254254a728c50a4e,carrier_before_approval,handed to carrier 2018-06-07 13:22:00 before approval 2018-06-07 13:57:22,low,20180607,RS
1629,data_quality,orders,45544,1cb3c680ddf904752646028ee22073a4,1cb3c680ddf904752646028ee22073a4,carrier_before_approval,handed to carrier 2018-07-27 14:08:00 before approval 2018-07-27 14:24:04,low,20180727,SP
2466,data_quality,orders,99231,78008d03bd8ef7fcf1568728b316553c,78008d03bd8ef7fcf1568728b316553c,carrier_before_approval,handed to carrier 2018-07-03 12:57:00 before approval 2018-07-05 16:32:52,low,20180703,SP
2303,data_quality,orders,90175,f379762648ae96c1d04844ca3308df86,f379762648ae96c1d04844ca3308df86,carrier_before_approval,handed to carrier 2018-08-03 13:55:00 before approval 2018-08-03 14:43:51,low,20180803,PR
1346,data_quality,orders,26898,ece7b7cba1247b9ac059fc6a6528a075,ece7b7cba1247b9ac059fc6a6528a075,carrier_before_approval,handed to carrier 2018-05-15 15:05:00 before approval 2018-05-15 15:35:12,low,20180515,RS
1641,data_quality,orders,46324,9e85367165bb242141b1f2638d6fc239,9e85367165bb242141b1f2638d6fc239,carrier_before_approval,handed to carrier 2018-07-05 12:45:00 before approval 2018-07-05 16:31:55,low,20180705,RS
1576,data_quality,orders,42159,eab659d04f2bba5abfe11a2e6ef92bd0,eab659d04f2bba5abfe11a2e6ef92bd0,carrier_before_approval,handed to carrier 2018-06-05 12:34:00 before approval 2018-06-05 14:31:11,low,20180605,MG
2131,data_quality,orders,79294,2ac520de90670f0cb695af6630a00c4a,2ac520de90670f0cb695af6630a00c4a,carrier_before_approval,handed to carrier 2018-05-30 14:55:00 before approval 2018-05-30 15:55:22,low,20180530,SP
2126,data_quality,orders,79121,9e6928e55ec6948338048d72ebdf2305,9e6928e55ec6948338048d72ebdf2305,carrier_before_approval,handed to carrier 2018-04-27 15:08:00 before approval 2018-04-27 15:32:59,low,20180427,SP
1012,data_quality,orders,5890,dab23a46abb860b6b4816df41eacd610,dab23a46abb860b6b4816df41eacd610,carrier_before_approval,handed to carrier 2018-08-08 14:56:00 before approval 2018-08-08 15:55:11,low,20180808,SP
1176,data_quality,orders,16176,33526a04c7941ab386cc410962b171a0,33526a04c7941ab386cc410962b171a0,carrier_before_approval,handed to carrier 2018-07-24 13:03:00 before approval 2018-07-24 13:55:23,low,20180724,MG
1211,data_quality,orders,18025,5b9075f2428968c2587dad5024af0f63,5b9075f2428968c2587dad5024af0f63,carrier_before_approval,handed to carrier 2018-06-26 10:58:00 before approval 2018-06-26 11:35:59,low,20180626,RJ
1899,data_quality,orders,63313,771e9bbd641d86a4ee75fe80bdf61d7b,771e9bbd641d86a4ee75fe80bdf61d7b,carrier_before_approval,handed to carrier 2018-06-13 12:00:00 before approval 2018-06-13 13:17:05,low,20180613,SC
984,data_quality,orders,4257,4e157a36ea9cf89bde6fff57a780b525,4e157a36ea9cf89bde6fff57a780b525,carrier_before_approval,handed to carrier 2018-08-24 12:43:00 before approval 2018-08-24 14:50:14,low,20180824,MG
2170,data_quality,orders,82243,978314826289d9ec86d6d6a627eaf810,978314826289d9ec86d6d6a627eaf810,carrier_before_approval,handed to carrier 2018-05-05 09:38:00 before approval 2018-05-05 11:15:10,low,20180505,MG
1257,data_quality,orders,21746,2ea06e4e577c7be86e2e35ab0d7e74b8,2ea06e4e577c7be86e2e35ab0d7e74b8,carrier_before_approval,handed to carrier 2018-05-09 12:52:00 before approval 2018-05-09 13:35:00,low,20180509,SP
2436,data_quality,orders,98073,46ac596698e8825788743fef0d54caca,46ac596698e8825788743fef0d54caca,carrier_before_approval,handed to carrier 2018-05-16 13:36:00 before approval 2018-05-16 15:34:40,low,20180516,MS
2452,data_quality,orders,98673,5ded8a3706eabd813685534724f066de,5ded8a3706eabd813685534724f066de,carrier_before_approval,handed to carrier 2018-07-18 08:44:00 before approval 2018-07-18 09:01:48,low,20180718,RS
1703,data_quality,orders,50087,1c723386781fca8d1e45ac747914962a,1c723386781fca8d1e45ac747914962a,carrier_before_approval,handed to carrier 2018-08-06 15:06:00 before approval 2018-08-06 15:55:15,low,20180806,ES
1138,data_quality,orders,13970,6192897f85cb2aff6dd1fca56fddb45e,6192897f85cb2aff6dd1fca56fddb45e,carrier_before_approval,handed to carrier 2018-07-18 11:33:00 before approval 2018-07-18 13:50:12,low,20180718,PR
1388,data_quality,orders,29269,b6ab1ce66f41dbbd8e998bfb0eab8bd5,b6ab1ce66f41dbbd8e998bfb0eab8bd5,carrier_before_approval,handed to carrier 2018-06-26 13:53:00 before approval 2018-06-26 14:34:15,low,20180626,SP
1785,data_quality,orders,55400,60f7dee462ea29c73d75c9dcccf5d870,60f7dee462ea29c73d75c9dcccf5d870,carrier_before_approval,handed to carrier 2018-06-15 07:00:00 before approval 2018-06-15 08:00:16,low,20180615,MG
1964,data_quality,orders,68154,42d23fff3eee93c6c3b0ac65d3ca1e93,42d23fff3eee93c6c3b0ac65d3ca1e93,carrier_before_approval,handed to carrier 2018-06-30 08:58:00 before approval 2018-06-30 09:30:32,low,20180630,SP
1428,data_quality,orders,32659,42a212a14fd3e3b7e9c8245a00e35369,42a212a14fd3e3b7e9c8245a00e35369,carrier_before_approval,handed to carrier 2018-07-26 12:52:00 before approval 2018-07-26 13:50:54,low,20180726,MS
1763,data_quality,orders,53856,64ff09b60c2714ff11ebcf304ed21fb6,64ff09b60c2714ff11ebcf304ed21fb6,carrier_before_approval,handed to carrier 2018-07-31 13:34:00 before approval 2018-07-31 14:31:37,low,20180731,RJ
2445,data_quality,orders,98431,d7646ffe8fdd9e7d9557f9f7cbf04530,d7646ffe8fdd9e7d9557f9f7cbf04530,carrier_before_approval,handed to carrier 2018-05-04 14:48:00 before approval 2018-05-04 15:10:22,low,20180504,MG
1892,data_quality,orders,62825,ed274ecbd297951203b23b1e071eb593,ed274ecbd297951203b23b1e071eb593,carrier_before_approval,handed to carrier 2018-05-15 14:13:00 before approval 2018-05-15 15:56:03,low,20180515,SP
2068,data_quality,orders,74447,71435a06cf53842e055368f881a38b61,71435a06cf53842e055368f881a38b61,carrier_before_approval,handed to carrier 2018-07-25 14:38:00 before approval 2018-07-25 15:55:10,low,20180725,MG
1804,data_quality,orders,57034,97d3870e43e40f4dcac70eec95a6b146,97d3870e43e40f4dcac70eec95a6b146,carrier_before_approval,handed to carrier 2018-08-10 12:11:00 before approval 2018-08-10 12:35:24,low,20180810,PI
2189,data_quality,orders,83322,4021cd7611d6d9ce5ffcd24817fc374f,4021cd7611d6d9ce5ffcd24817fc374f,carrier_before_approval,handed to carrier 2018-08-14 06:22:00 before approval 2018-08-18 12:10:30,low,20180818,SP
1741,data_quality,orders,52325,44dd8e3e7650c35a1973a42498626ded,44dd8e3e7650c35a1973a42498626ded,carrier_before_approval,handed to carrier 2018-07-13 14:36:00 before approval 2018-07-13 15:24:01,low,20180713,SP
1390,data_quality,orders,29303,4048feff4f2e6e394bcaf4981d27a9bd,4048feff4f2e6e394bcaf4981d27a9bd,carrier_before_approval,handed to carrier 2018-06-25 11:56:00 before approval 2018-06-25 12:13:40,low,20180625,SP
1160,data_quality,orders,15437,a103ca0d5926c0afb6a2892545f93a7c,a103ca0d5926c0afb6a2892545f93a7c,carrier_before_approval,handed to carrier 2018-05-16 14:05:00 before approval 2018-05-16 15:18:06,low,20180516,RJ
2267,data_quality,orders,88096,35ae091cd580f7c6dbb7f8c1552740fd,35ae091cd580f7c6dbb7f8c1552740fd,carrier_before_approval,handed to carrier 2018-08-15 13:46:00 before approval 2018-08-15 14:44:03,low,20180815,PR
1173,data_quality,orders,16097,a14cb0a59ebadf133edc5ccb9ccfc0e7,a14cb0a59ebadf133edc5ccb9ccfc0e7,carrier_before_approval,handed to carrier 2018-06-26 15:18:00 before approval 2018-06-26 15:56:48,low,20180626,SP
2133,data_quality,orders,79355,385de16f1457125fdef85002bdc4f7d4,385de16f1457125fdef85002bdc4f7d4,carrier_before_approval,handed to carrier 2018-08-16 15:17:00 before approval 2018-08-16 16:55:29,low,20180816,GO
1230,data_quality,orders,19745,1388e91d7d43769d6bd71f89a48a2929,1388e91d7d43769d6bd71f89a48a2929,carrier_before_approval,handed to carrier 2018-06-18 12:22:00 before approval 2018-06-18 14:19:43,low,20180618,RJ
1774,data_quality,orders,54833,71fecd3061e596fd59e65e9d62886535,71fecd3061e596fd59e65e9d62886535,carrier_before_approval,handed to carrier 2018-05-08 13:43:00 before approval 2018-05-08 14:30:18,low,20180508,PA
937,data_quality,orders,1865,5792e0b1c8c8a2bf53af468c9a422c88,5792e0b1c8c8a2bf53af468c9a422c88,carrier_before_approval,handed to carrier 2018-07-26 12:42:00 before approval 2018-07-26 13:35:14,low,20180726,SP
1405,data_quality,orders,30772,995e90c3995e0f19a9579b90c6dcbad2,995e90c3995e0f19a9579b90c6dcbad2,carrier_before_approval,handed to carrier 2018-07-04 14:51:00 before approval 2018-07-05 16:11:47,low,20180704,SP
1781,data_quality,orders,55155,12052ac6aa067434388199224c0f11bc,12052ac6aa067434388199224c0f11bc,carrier_before_approval,handed to carrier 2018-07-31 12:51:00 before approval 2018-07-31 13:25:25,low,20180731,BA
1279,data_quality,orders,22944,e300c76076c4b56031abe6f3ff54817f,e300c76076c4b56031abe6f3ff54817f,carrier_before_approval,handed to carrier 2018-08-15 10:27:00 before approval 2018-08-15 11:24:10,low,20180815,RS
1541,data_quality,orders,40742,fe206005e41f89f9759ece7fe7acc9c3,fe206005e41f89f9759ece7fe7acc9c3,carrier_before_approval,handed to carrier 2018-06-25 14:08:00 before approval 2018-06-25 15:18:59,low,20180625,PR
2223,data_quality,orders,85876,f79be098ac7bd8ee0c272aa8f6b61d50,f79be098ac7bd8ee0c272aa8f6b61d50,carrier_before_approval,handed to carrier 2018-07-10 14:35:00 before approval 2018-07-10 15:46:42,low,20180710,MG
1070,data_quality,orders,9650,ede6a833580744e002b0ee65323a3006,ede6a833580744e002b0ee65323a3006,carrier_before_approval,handed to carrier 2018-08-17 14:07:00 before approval 2018-08-17 15:29:26,low,20180817,SP
1456,data_quality,orders,34540,0fa2c93bbfbce2c287bb56660c3998e3,0fa2c93bbfbce2c287bb56660c3998e3,carrier_before_approval,handed to carrier 2018-06-18 14:06:00 before approval 2018-06-18 15:17:12,low,20180618,RS
953,data_quality,orders,2761,c3eb293fd154223498b6551a728203e8,c3eb293fd154223498b6551a728203e8,carrier_before_approval,handed to carrier 2018-07-19 13:49:00 before approval 2018-07-19 14:22:51,low,20180719,SC
2354,data_quality,orders,93114,a250092009e031f3162f9134a40261c2,a250092009e031f3162f9134a40261c2,carrier_before_approval,handed to carrier 2018-06-25 13:07:00 before approval 2018-06-25 13:58:21,low,20180625,ES
1155,data_quality,orders,15014,e1bea0700731c9179b4e7e2e0183aa14,e1bea0700731c9179b4e7e2e0183aa14,carrier_before_approval,handed to carrier 2018-08-03 15:09:00 before approval 2018-08-03 15:55:20,low,20180803,SP
2344,data_quality,orders,92456,13134fe6dc043430a875ece99381223b,13134fe6dc043430a875ece99381223b,carrier_before_approval,handed to carrier 2018-06-13 13:28:00 before approval 2018-06-13 15:28:57,low,20180613,SP
1252,data_quality,orders,21644,f2a150c813c1eb96fd1883c1ed8fd9e5,f2a150c813c1eb96fd1883c1ed8fd9e5,carrier_before_approval,handed to carrier 2018-06-19 10:14:00 before approval 2018-06-19 10:37:37,low,20180619,MT
1593,data_quality,orders,43658,3ed559dec69ab96d9074fedaf18650eb,3ed559dec69ab96d9074fedaf18650eb,carrier_before_approval,handed to carrier 2018-06-15 11:22:00 before approval 2018-06-15 13:44:37,low,20180615,ES
1831,data_quality,orders,59417,2d26e963bdb342dbdae1fad7ad2ea511,2d26e963bdb342dbdae1fad7ad2ea511,carrier_before_approval,handed to carrier 2018-08-14 12:23:00 before approval 2018-08-14 12:50:18,low,20180814,SP
1651,data_quality,orders,46854,6f09086a54ed13a7f152d6339e2ee5a3,6f09086a54ed13a7f152d6339e2ee5a3,carrier_before_approval,handed to carrier 2018-06-26 09:08:00 before approval 2018-06-26 10:18:00,low,20180626,MG
2206,data_quality,orders,84678,e4c540c341b9a50b1a1b28e71867eb5b,e4c540c341b9a50b1a1b28e71867eb5b,carrier_before_approval,handed to carrier 2018-04-26 14:55:00 before approval 2018-04-26 16:11:01,low,20180426,SP
1690,data_quality,orders,49016,00d2559e61b9a0744a0552c35c5ecccb,00d2559e61b9a0744a0552c35c5ecccb,carrier_before_approval,handed to carrier 2018-06-11 12:05:00 before approval 2018-06-11 13:32:18,low,20180611,MG
1838,data_quality,orders,59675,4381b4b79d51e72e0eb56a2fd1aea7b9,4381b4b79d51e72e0eb56a2fd1aea7b9,carrier_before_approval,handed to carrier 2018-05-18 13:51:00 before approval 2018-05-18 14:57:40,low,20180518,MG
1402,data_quality,orders,30695,55b653f93de6e994b6dda90f615c7a8f,55b653f93de6e994b6dda90f615c7a8f,carrier_before_approval,handed to carrier 2018-04-30 13:01:00 before approval 2018-04-30 13:15:21,low,20180430,PR
1525,data_quality,orders,39218,91be51c856a90d7efe86cf9d082d6ae3,91be51c856a90d7efe86cf9d082d6ae3,carrier_before_approval,handed to carrier 2018-06-12 15:44:00 before approval 2018-06-12 16:32:26,low,20180612,SP
1668,data_quality,orders,47765,0a84606bdb8331708400882d2e921524,0a84606bdb8331708400882d2e921524,carrier_before_approval,handed to carrier 2018-06-29 14:47:00 before approval 2018-06-29 16:51:20,low,20180629,SP
2071,data_quality,orders,74504,119060af27b04f5fae8b2b0e27eef7f9,119060af27b04f5fae8b2b0e27eef7f9,carrier_before_approval,handed to carrier 2018-06-11 12:45:00 before approval 2018-06-12 09:31:54,low,20180611,RJ
2160,data_quality,orders,81902,972976cb62fb977bfbc253219799e486,972976cb62fb977bfbc253219799e486,carrier_before_approval,handed to carrier 2018-07-20 10:27:00 before approval 2018-07-20 11:25:13,low,20180720,SP
2005,data_quality,orders,70550,df9a83542974f3a48afb63552d2f4bc5,df9a83542974f3a48afb63552d2f4bc5,carrier_before_approval,handed to carrier 2018-08-21 14:36:00 before approval 2018-08-21 15:30:38,low,20180821,SC
2306,data_quality,orders,90237,51e0e77bc0b6eb43fc25286a873ceac6,51e0e77bc0b6eb43fc25286a873ceac6,carrier_before_approval,handed to carrier 2018-04-30 14:41:00 before approval 2018-04-30 16:17:13,low,20180430,SP
1571,data_quality,orders,42000,f0755c7d99a4a7f0bfa967f87d657855,f0755c7d99a4a7f0bfa967f87d657855,carrier_before_approval,handed to carrier 2018-07-05 12:23:00 before approval 2018-07-05 16:32:14,low,20180705,SP
1142,data_quality,orders,14217,c76b75e541b06461ec9cf363fd962ee3,c76b75e541b06461ec9cf363fd962ee3,carrier_before_approval,handed to carrier 2018-05-23 14:51:00 before approval 2018-05-23 16:16:01,low,20180523,RJ
2228,data_quality,orders,86132,ac284fb15053d666dfb6128354f0e662,ac284fb15053d666dfb6128354f0e662,carrier_before_approval,handed to carrier 2018-08-22 13:46:00 before approval 2018-08-22 14:25:19,low,20180822,ES
2221,data_quality,orders,85759,12e4fbad3ebed6412967a3fd5818c456,12e4fbad3ebed6412967a3fd5818c456,carrier_before_approval,handed to carrier 2018-06-13 11:43:00 before approval 2018-06-13 12:32:39,low,20180613,BA
1152,data_quality,orders,14864,d19e65e88e48b013c91b0e77c852d06e,d19e65e88e48b013c91b0e77c852d06e,carrier_before_approval,handed to carrier 2018-06-08 15:31:00 before approval 2018-06-08 19:31:01,low,20180608,PE
2456,data_quality,orders,98781,d10046876c7d9f01613da59ffa6cb07f,d10046876c7d9f01613da59ffa6cb07f,carrier_before_approval,handed to carrier 2018-07-18 15:34:00 before approval 2018-07-18 16:25:17,low,20180718,DF
1110,data_quality,orders,12285,9b087af1d905d8987ae126797c9d15b1,9b087af1d905d8987ae126797c9d15b1,carrier_before_approval,handed to carrier 2018-08-01 13:31:00 before approval 2018-08-01 14:04:26,low,20180801,SP
1087,data_quality,orders,10585,108c3238d247dead3fd7423cf8990c5b,108c3238d247dead3fd7423cf8990c5b,carrier_before_approval,handed to carrier 2018-08-14 13:17:00 before approval 2018-08-14 14:04:33,low,20180814,SC
1016,data_quality,orders,6015,b4180badf3ac49892e23d6e0276f1e84,b4180badf3ac49892e23d6e0276f1e84,carrier_before_approval,handed to carrier 2018-04-26 13:51:00 before approval 2018-04-26 14:55:14,low,20180426,RJ
2176,data_quality,orders,82578,4e3cc1c522e0aef1e726d2f9eaeb8807,4e3cc1c522e0aef1e726d2f9eaeb8807,carrier_before_approval,handed to carrier 2018-07-04 14:40:00 before approval 2018-07-05 16:32:54,low,20180704,RJ
1887,data_quality,orders,62275,07f770114a6de1a65f865bf22d8bb20a,07f770114a6de1a65f865bf22d8bb20a,carrier_before_approval,handed to carrier 2018-08-06 08:44:00 before approval 2018-08-06 09:30:16,low,20180806,SP
1846,data_quality,orders,59990,8b5512b2679b86761e6aadc28ed91762,8b5512b2679b86761e6aadc28ed91762,carrier_before_approval,handed to carrier 2018-08-03 13:57:00 before approval 2018-08-03 14:50:14,low,20180803,BA
1722,data_quality,orders,51068,e65f1eeee1f52024ad1dcd03447f7482,e65f1eeee1f52024ad1dcd03447f7482,carrier_before_approval,handed to carrier 2018-05-18 15:00:00 before approval 2018-05-18 15:15:37,low,20180518,SP
2066,data_quality,orders,74386,7f01243bfbb619e73796571192245fce,7f01243bfbb619e73796571192245fce,carrier_before_approval,handed to carrier 2018-08-23 14:10:00 before approval 2018-08-23 14:25:56,low,20180823,SP
2323,data_quality,orders,91106,ffc0249fed109d5d056d7c79b7fa7dd9,ffc0249fed109d5d056d7c79b7fa7dd9,carrier_before_approval,handed to carrier 2018-08-13 13:55:00 before approval 2018-08-13 14:45:15,low,20180813,SP
1682,data_quality,orders,48612,1c958182f10d6fcbac7728c8d3a151f1,1c958182f10d6fcbac7728c8d3a151f1,carrier_before_approval,handed to carrier 2018-07-23 14:52:00 before approval 2018-07-23 16:05:15,low,20180723,MA
928,data_quality,orders,1330,74e033208dc13a7b8127eb8e73d09b76,74e033208dc13a7b8127eb8e73d09b76,carrier_before_approval,handed to carrier 2018-05-02 09:49:00 before approval 2018-05-02 11:13:45,low,20180502,PR
45,data_quality,order_payments,46983,744bade1fcf9ff3f31d860ace076d422|2,744bade1fcf9ff3f31d860ace076d422,payment_sequence_gap,payment_sequential jumps from 0 to 2,low,20180422,SP
1961,data_quality,orders,68079,8c3ef96e828b5894ec632ba10985867d,8c3ef96e828b5894ec632ba10985867d,carrier_before_approval,handed to carrier 2018-08-23 15:31:00 before approval 2018-08-23 16:05:38,low,20180823,SP
2102,data_quality,orders,76826,9546aa638d07ac340a91c59b0b2dee96,9546aa638d07ac340a91c59b0b2dee96,carrier_before_approval,handed to carrier 2018-08-10 15:18:00 before approval 2018-08-10 16:15:17,low,20180810,MG
1700,data_quality,orders,49784,8299066c13f491b4cf9bdb486d2058c2,8299066c13f491b4cf9bdb486d2058c2,carrier_before_approval,handed to carrier 2018-05-14 12:43:00 before approval 2018-05-14 13:17:03,low,20180514,SP
1664,data_quality,orders,47605,cf5c8d9f52807cb2d2f0a0ff54c478da,cf5c8d9f52807cb2d2f0a0ff54c478da,carrier_before_approval,handed to carrier 2018-08-24 12:00:00 before approval 2018-08-24 13:24:27,low,20180824,MT
2235,data_quality,orders,86379,a0c98bdda8405aeaa4b87bdcdd25da22,a0c98bdda8405aeaa4b87bdcdd25da22,carrier_before_approval,handed to carrier 2018-08-17 12:37:00 before approval 2018-08-17 12:55:22,low,20180817,GO
2099,data_quality,orders,76758,35c66e9b12fe72dbb0b8d34af424c3cf,35c66e9b12fe72dbb0b8d34af424c3cf,carrier_before_approval,handed to carrier 2018-08-01 14:09:00 before approval 2018-08-01 14:30:19,low,20180801,SP
917,data_quality,orders,616,b9afddbdcfadc9a87b41a83271c3e888,b9afddbdcfadc9a87b41a83271c3e888,carrier_before_approval,handed to carrier 2018-08-16 13:27:00 before approval 2018-08-16 14:05:13,low,20180816,RJ
1092,data_quality,orders,10878,0150004d4d8eb63f9948de164da34e34,0150004d4d8eb63f9948de164da34e34,carrier_before_approval,handed to carrier 2018-05-15 14:58:00 before approval 2018-05-15 15:34:59,low,20180515,SP
1791,data_quality,orders,55868,10251da35626072605d693e816f297ca,10251da35626072605d693e816f297ca,carrier_before_approval,handed to carrier 2018-08-13 14:45:00 before approval 2018-08-13 15:49:00,low,20180813,MG
2055,data_quality,orders,73780,7a23cfcc5fcb50ed8cfd257506a5e84b,7a23cfcc5fcb50ed8cfd257506a5e84b,carrier_before_approval,handed to carrier 2018-05-04 13:50:00 before approval 2018-05-04 15:15:23,low,20180504,PR
2144,data_quality,orders,80018,421deffec215845f8632fb3543789f86,421deffec215845f8632fb3543789f86,carrier_before_approval,handed to carrier 2018-08-24 13:46:00 before approval 2018-08-24 14:24:29,low,20180824,SC
1505,data_quality,orders,38185,ba6a0a51f6852a4e562acc5feb6ca75e,ba6a0a51f6852a4e562acc5feb6ca75e,carrier_before_approval,handed to carrier 2018-06-12 13:50:00 before approval 2018-06-12 14:46:10,low,20180612,SC
2237,data_quality,orders,86433,852d591ac66808ba170d243164600420,852d591ac66808ba170d243164600420,carrier_before_approval,handed to carrier 2018-06-01 13:28:00 before approval 2018-06-01 14:11:51,low,20180601,SP
978,data_quality,orders,4115,08adcddad19d3acf37d1fa01cb9ded1e,08adcddad19d3acf37d1fa01cb9ded1e,carrier_before_approval,handed to carrier 2018-06-27 10:57:00 before approval 2018-06-27 11:30:56,low,20180627,MG
1260,data_quality,orders,21911,e23c9dcc304042fa90d538be679fa68d,e23c9dcc304042fa90d538be679fa68d,carrier_before_approval,handed to carrier 2018-06-13 09:53:00 before approval 2018-06-13 13:31:40,low,20180613,SE
1711,data_quality,orders,50590,c45408df26d1ce2b64518a9a9d65fd04,c45408df26d1ce2b64518a9a9d65fd04,carrier_before_approval,handed to carrier 2018-08-16 16:13:00 before approval 2018-08-16 17:29:05,low,20180816,SP
1442,data_quality,orders,33628,6f27ae84e8f6ee63438f59c04830b28a,6f27ae84e8f6ee63438f59c04830b28a,carrier_before_approval,handed to carrier 2018-06-19 14:26:00 before approval 2018-06-19 15:19:48,low,20180619,ES
1920,data_quality,orders,65453,9711d975b961355b4b5d636857e48498,9711d975b961355b4b5d636857e48498,carrier_before_approval,handed to carrier 2018-06-13 13:15:00 before approval 2018-06-13 15:38:18,low,20180613,RJ
1849,data_quality,orders,60052,bd47f29a1a6ede24f9dd4d5ca6027dd4,bd47f29a1a6ede24f9dd4d5ca6027dd4,carrier_before_approval,handed to carrier 2018-07-16 14:29:00 before approval 2018-07-16 15:45:19,low,20180716,RS
1726,data_quality,orders,51374,7ce4e38f4eadd993bb5b2e60bb7f7bec,7ce4e38f4eadd993bb5b2e60bb7f7bec,carrier_before_approval,handed to carrier 2018-08-08 13:29:00 before approval 2018-08-08 15:05:01,low,20180808,TO
1187,data_quality,orders,16654,31baa0ae964c43e70c451e1928483669,31baa0ae964c43e70c451e1928483669,carrier_before_approval,handed to carrier 2018-08-23 08:54:00 before approval 2018-08-23 10:25:32,low,20180823,RJ
2012,data_quality,orders,70887,448a4837b41e7f24ad7dabafe574c842,448a4837b41e7f24ad7dabafe574c842,carrier_before_approval,handed to carrier 2018-06-14 14:20:00 before approval 2018-06-14 14:58:51,low,20180614,GO
1122,data_quality,orders,12797,0cf80be143500050973f324c3e068196,0cf80be143500050973f324c3e068196,carrier_before_approval,handed to carrier 2018-07-26 13:32:00 before approval 2018-07-26 14:45:08,low,20180726,MG
1856,data_quality,orders,60295,692f4207d359fbf24d641b1470721130,692f4207d359fbf24d641b1470721130,carrier_before_approval,handed to carrier 2018-06-04 11:04:00 before approval 2018-06-04 12:31:17,low,20180604,RS
1314,data_quality,orders,25194,ab815320404ada153a9d06f166c961dc,ab815320404ada153a9d06f166c961dc,carrier_before_approval,handed to carrier 2018-05-17 09:45:00 before approval 2018-05-17 10:38:29,low,20180517,PI
1105,data_quality,orders,12065,da383ff6aa9558f3bd909b1d76789381,da383ff6aa9558f3bd909b1d76789381,carrier_before_approval,handed to carrier 2018-08-20 13:55:00 before approval 2018-08-20 16:11:39,low,20180820,RS
2396,data_quality,orders,95249,5a339130640419f9e00ab4b6ff61dc22,5a339130640419f9e00ab4b6ff61dc22,carrier_before_approval,handed to carrier 2018-04-27 14:35:00 before approval 2018-04-27 16:15:25,low,20180427,SC
1528,data_quality,orders,39290,ffcc17a2f3331d4d25cf692060921690,ffcc17a2f3331d4d25cf692060921690,carrier_before_approval,handed to carrier 2018-06-29 14:40:00 before approval 2018-06-29 14:50:16,low,20180629,MG
72,data_quality,order_payments,75451,d19e65e88e48b013c91b0e77c852d06e|2,d19e65e88e48b013c91b0e77c852d06e,payment_sequence_gap,payment_sequential jumps from 0 to 2,low,20180608,PE
44,data_quality,order_payments,46983,744bade1fcf9ff3f31d860ace076d422|2,744bade1fcf9ff3f31d860ace076d422,invalid_installments,credit_card payment with 0 installments (must be >= 1),medium,20180422,SP
2510,reconciliation,reconciliation,2681,98fe01bc254b759c1f2c11d77c2891d5,98fe01bc254b759c1f2c11d77c2891d5,recon_missing_items,"sold none vs paid 199.06 BRL, gap 199.06",medium,20171017,PA
2803,reconciliation,reconciliation,30825,29557adf1f00504612cbebf82c843d77,29557adf1f00504612cbebf82c843d77,recon_missing_items,"sold none vs paid 115.36 BRL, gap 115.36",medium,20170422,RJ
2979,reconciliation,reconciliation,46656,2b941f8e6ff81158a52de44909dc2a52,2b941f8e6ff81158a52de44909dc2a52,recon_missing_items,"sold none vs paid 983.54 BRL, gap 983.54",medium,20170414,RJ
3429,reconciliation,reconciliation,86568,94aa3ae1cb5c1c152c6cc757b68bb659,94aa3ae1cb5c1c152c6cc757b68bb659,recon_missing_items,"sold none vs paid 54.69 BRL, gap 54.69",medium,20170926,MG
3154,reconciliation,reconciliation,63507,73628c6d02ed8f6134d9752cd7b83c2a,73628c6d02ed8f6134d9752cd7b83c2a,recon_missing_items,"sold none vs paid 226.23 BRL, gap 226.23",medium,20180214,RJ
2992,reconciliation,reconciliation,47872,77b8e495f75bbdf52e3a29bc46188eef,77b8e495f75bbdf52e3a29bc46188eef,recon_missing_items,"sold none vs paid 35.00 BRL, gap 35.00",medium,20171012,PR
3252,reconciliation,reconciliation,72234,b2f39212b22fb44dc0d57cdd6d1790dc,b2f39212b22fb44dc0d57cdd6d1790dc,recon_missing_items,"sold none vs paid 102.03 BRL, gap 102.03",medium,20170509,SP
3481,reconciliation,reconciliation,92534,1c2c24a58f6335fa1dbda79cf2ebff74,1c2c24a58f6335fa1dbda79cf2ebff74,recon_missing_items,"sold none vs paid 62.78 BRL, gap 62.78",medium,20170817,SP
2597,reconciliation,reconciliation,10604,4ffaf2cdcc432ea3cd8ae0ab7a789cb0,4ffaf2cdcc432ea3cd8ae0ab7a789cb0,recon_missing_items,"sold none vs paid 148.80 BRL, gap 148.80",medium,20180130,SP
2868,reconciliation,reconciliation,36772,dceb6ab566e0d15ffaba53ef637afa3c,dceb6ab566e0d15ffaba53ef637afa3c,recon_missing_items,"sold none vs paid 80.33 BRL, gap 80.33",medium,20170126,SP
2843,reconciliation,reconciliation,34155,32cf225a72e589313cd8d967203effc6,32cf225a72e589313cd8d967203effc6,recon_missing_items,"sold none vs paid 47.27 BRL, gap 47.27",medium,20170716,SP
2945,reconciliation,reconciliation,42979,1762aa0ce22469c003348a42e46f5269,1762aa0ce22469c003348a42e46f5269,recon_missing_items,"sold none vs paid 118.54 BRL, gap 118.54",medium,20170820,SP
2920,reconciliation,reconciliation,40834,fe87d4b944748f63ca5ed22cc55b6fb6,fe87d4b944748f63ca5ed22cc55b6fb6,recon_missing_items,"sold none vs paid 173.68 BRL, gap 173.68",medium,20171205,SP
2725,reconciliation,reconciliation,23255,a68ce1686d536ca72bd2dadc4b8671e5,a68ce1686d536ca72bd2dadc4b8671e5,recon_missing_items,"sold none vs paid 77.73 BRL, gap 77.73",high,20161005,RS
2749,reconciliation,reconciliation,24755,0990477f1481cdf40c00d57bb13a1c9b,0990477f1481cdf40c00d57bb13a1c9b,recon_missing_items,"sold none vs paid 142.71 BRL, gap 142.71",medium,20170420,SP
3413,reconciliation,reconciliation,85148,876ac30251a0518e1fd87b6ec049df00,876ac30251a0518e1fd87b6ec049df00,recon_missing_items,"sold none vs paid 216.75 BRL, gap 216.75",medium,20170727,RJ
3240,reconciliation,reconciliation,71048,a59c87e726e3c78e26769a422a140bd3,a59c87e726e3c78e26769a422a140bd3,recon_missing_items,"sold none vs paid 85.68 BRL, gap 85.68",medium,20180210,PR
3411,reconciliation,reconciliation,85114,96e78a16640bdff7370dd73cb821fc01,96e78a16640bdff7370dd73cb821fc01,recon_missing_items,"sold none vs paid 41.99 BRL, gap 41.99",medium,20170702,PR
2885,reconciliation,reconciliation,38292,032cf17f7a713287e46999fddea6051b,032cf17f7a713287e46999fddea6051b,recon_missing_items,"sold none vs paid 110.92 BRL, gap 110.92",medium,20161007,RJ
2990,reconciliation,reconciliation,47773,ab46182a322cb6dc83f4138d4e5cd73f,ab46182a322cb6dc83f4138d4e5cd73f,recon_missing_items,"sold none vs paid 46.78 BRL, gap 46.78",medium,20171124,SP
3300,reconciliation,reconciliation,76060,b302801106ed1f5eb6f08ccdae6fea99,b302801106ed1f5eb6f08ccdae6fea99,recon_missing_items,"sold none vs paid 170.28 BRL, gap 170.28",medium,20170718,MG
2961,reconciliation,reconciliation,44907,d9258776ebce96efd9811c6554d12726,d9258776ebce96efd9811c6554d12726,recon_missing_items,"sold none vs paid 233.88 BRL, gap 233.88",medium,20171020,SC
2663,reconciliation,reconciliation,16994,08ea65e91550ee222548404d16eb06b4,08ea65e91550ee222548404d16eb06b4,recon_missing_items,"sold none vs paid 50.50 BRL, gap 50.50",medium,20171114,SC
3560,reconciliation,reconciliation,99348,a89abace0dcc01eeb267a9660b5ac126,a89abace0dcc01eeb267a9660b5ac126,recon_missing_items,"sold none vs paid 107.13 BRL, gap 107.13",medium,20180906,SP
2930,reconciliation,reconciliation,41621,bd443caeb1873dd616185acf5162d26c,bd443caeb1873dd616185acf5162d26c,recon_missing_items,"sold none vs paid 48.13 BRL, gap 48.13",medium,20180321,PR
3533,reconciliation,reconciliation,97460,11c71300049cd2c9896b0be33f04d574,11c71300049cd2c9896b0be33f04d574,recon_missing_items,"sold none vs paid 188.45 BRL, gap 188.45",medium,20170615,SP
2952,reconciliation,reconciliation,44059,4b460251c3d2ba44dd61b0b6c3410ac6,4b460251c3d2ba44dd61b0b6c3410ac6,recon_missing_items,"sold none vs paid 1631.94 BRL, gap 1631.94",medium,20170327,MG
2686,reconciliation,reconciliation,19403,23fdd0e16ad79ceab4e5f407772d64fa,23fdd0e16ad79ceab4e5f407772d64fa,recon_missing_items,"sold none vs paid 201.61 BRL, gap 201.61",medium,20170320,CE
3275,reconciliation,reconciliation,74292,1e792fcdefb0bb34325cdc1dee84fcea,1e792fcdefb0bb34325cdc1dee84fcea,recon_missing_items,"sold none vs paid 113.45 BRL, gap 113.45",medium,20180211,RJ
3048,reconciliation,reconciliation,53329,f889a5a0b44adc29c5465b99395ac3c1,f889a5a0b44adc29c5465b99395ac3c1,recon_missing_items,"sold none vs paid 59.69 BRL, gap 59.69",medium,20170707,SP
3404,reconciliation,reconciliation,84522,897b4da63b6edde1a33a9fb7caf1dd10,897b4da63b6edde1a33a9fb7caf1dd10,recon_missing_items,"sold none vs paid 344.48 BRL, gap 344.48",medium,20180730,SE
2539,reconciliation,reconciliation,5741,05e8a1fd3d354369a3de6e7230a3651f,05e8a1fd3d354369a3de6e7230a3651f,recon_missing_items,"sold none vs paid 43.18 BRL, gap 43.18",medium,20180216,MG
3492,reconciliation,reconciliation,93993,b6e63e74aff84a068fdc1b41e9ac29ea,b6e63e74aff84a068fdc1b41e9ac29ea,recon_missing_items,"sold none vs paid 310.34 BRL, gap 310.34",medium,20180807,RJ
3541,reconciliation,reconciliation,98179,37af1b25e7710f09d122aaf3f8b68114,37af1b25e7710f09d122aaf3f8b68114,recon_missing_items,"sold none vs paid 204.00 BRL, gap 204.00",medium,20170502,MS
2995,reconciliation,reconciliation,47911,80fd1b0b81771253d43532f41d575d39,80fd1b0b81771253d43532f41d575d39,recon_missing_items,"sold none vs paid 37.29 BRL, gap 37.29",medium,20171029,SP
2659,reconciliation,reconciliation,16939,60260cf275316912451558bb743bbfc7,60260cf275316912451558bb743bbfc7,recon_missing_items,"sold none vs paid 70.41 BRL, gap 70.41",medium,20170627,SP
3214,reconciliation,reconciliation,69336,05c852fbe20c108caf9f479633cbe088,05c852fbe20c108caf9f479633cbe088,recon_missing_items,"sold none vs paid 2345.03 BRL, gap 2345.03",medium,20180712,SP
3334,reconciliation,reconciliation,79616,4a6c07557205c5dbdeae7e289af5c1c6,4a6c07557205c5dbdeae7e289af5c1c6,recon_missing_items,"sold none vs paid 90.18 BRL, gap 90.18",medium,20171128,SP
3075,reconciliation,reconciliation,55516,0e6b2d0fe443a6d38c0f6447f4eb2262,0e6b2d0fe443a6d38c0f6447f4eb2262,recon_missing_items,"sold none vs paid 108.60 BRL, gap 108.60",medium,20171103,DF
3023,reconciliation,reconciliation,50954,3bd3b4d482f916c2c9662b8da6f2758b,3bd3b4d482f916c2c9662b8da6f2758b,recon_missing_items,"sold none vs paid 208.12 BRL, gap 208.12",medium,20180820,SP
2996,reconciliation,reconciliation,47932,0fb9645c128ac84788798f0129496ca7,0fb9645c128ac84788798f0129496ca7,recon_missing_items,"sold none vs paid 66.47 BRL, gap 66.47",medium,20180821,SP
2757,reconciliation,reconciliation,25652,1857e77a4bad8abb2db929f107430663,1857e77a4bad8abb2db929f107430663,recon_missing_items,"sold none vs paid 219.87 BRL, gap 219.87",medium,20170831,SP
3233,reconciliation,reconciliation,70415,a327b5ecc65060cc462211724d715367,a327b5ecc65060cc462211724d715367,recon_missing_items,"sold none vs paid 447.80 BRL, gap 447.80",medium,20171208,SP
2993,reconciliation,reconciliation,47878,3a3aed58b078ba2d2105cd76ce7a76d7,3a3aed58b078ba2d2105cd76ce7a76d7,recon_missing_items,"sold none vs paid 285.11 BRL, gap 285.11",medium,20170525,SP
2501,reconciliation,reconciliation,2030,8d4c637f1accf7a88a4555f02741e606,8d4c637f1accf7a88a4555f02741e606,recon_missing_items,"sold none vs paid 66.44 BRL, gap 66.44",medium,20180829,SP
3090,reconciliation,reconciliation,57016,08662c478bed0444d0515925af759547,08662c478bed0444d0515925af759547,recon_missing_items,"sold none vs paid 102.92 BRL, gap 102.92",medium,20170320,GO
2505,reconciliation,reconciliation,2297,f0df036e9be21fc238f131bbfcdde769,f0df036e9be21fc238f131bbfcdde769,recon_missing_items,"sold none vs paid 59.74 BRL, gap 59.74",medium,20170224,RO
2623,reconciliation,reconciliation,12910,62492d216bd7ca39cab1f24109b6bfd7,62492d216bd7ca39cab1f24109b6bfd7,recon_missing_items,"sold none vs paid 215.94 BRL, gap 215.94",medium,20171105,MG
3036,reconciliation,reconciliation,52314,3c8702d3b056de079d6cdd6ee1ffeb55,3c8702d3b056de079d6cdd6ee1ffeb55,recon_missing_items,"sold none vs paid 24.34 BRL, gap 24.34",medium,20170222,SP
3084,reconciliation,reconciliation,56590,dd38e535112fb5094b53b1997c4eda52,dd38e535112fb5094b53b1997c4eda52,recon_missing_items,"sold none vs paid 573.68 BRL, gap 573.68",medium,20180813,SP
2988,reconciliation,reconciliation,47553,1612081119e8f23745698ad3367cc14b,1612081119e8f23745698ad3367cc14b,recon_missing_items,"sold none vs paid 117.48 BRL, gap 117.48",medium,20161005,SP
3389,reconciliation,reconciliation,83115,742b5d98b8903f6f6a0af740ddd60f2c,742b5d98b8903f6f6a0af740ddd60f2c,recon_missing_items,"sold none vs paid 30.81 BRL, gap 30.81",medium,20170214,MG
3417,reconciliation,reconciliation,85555,075cc7ce268544c780299db653d21467,075cc7ce268544c780299db653d21467,recon_missing_items,"sold none vs paid 175.16 BRL, gap 175.16",medium,20180420,SP
3310,reconciliation,reconciliation,77131,037a9cf279c376ab222c9d27be892513,037a9cf279c376ab222c9d27be892513,recon_missing_items,"sold none vs paid 481.22 BRL, gap 481.22",medium,20171106,RS
2487,reconciliation,reconciliation,688,37553832a3a89c9b2db59701c357ca67,37553832a3a89c9b2db59701c357ca67,recon_missing_items,"sold none vs paid 132.46 BRL, gap 132.46",medium,20170814,SP
2532,reconciliation,reconciliation,5095,4748c7d66bbedbf52de84b3bc4cbc482,4748c7d66bbedbf52de84b3bc4cbc482,recon_missing_items,"sold none vs paid 150.66 BRL, gap 150.66",medium,20170525,SP
2568,reconciliation,reconciliation,8279,0bde826daa0bd10393e958cf5d69dd26,0bde826daa0bd10393e958cf5d69dd26,recon_missing_items,"sold none vs paid 29.96 BRL, gap 29.96",medium,20170204,SP
3139,reconciliation,reconciliation,62393,4cccc0d35e7c7a0dc766ad3c4043e33e,4cccc0d35e7c7a0dc766ad3c4043e33e,recon_missing_items,"sold none vs paid 69.07 BRL, gap 69.07",medium,20180810,SP
3494,reconciliation,reconciliation,94253,72fcdcc4d106595993b31fc91c800113,72fcdcc4d106595993b31fc91c800113,recon_missing_items,"sold none vs paid 145.96 BRL, gap 145.96",medium,20170912,SP
3205,reconciliation,reconciliation,68700,52267d8c7f4a0227294efd0ef23fcefb,52267d8c7f4a0227294efd0ef23fcefb,recon_missing_items,"sold none vs paid 37.68 BRL, gap 37.68",medium,20180121,SP
2985,reconciliation,reconciliation,47090,19bbda1f882b3aeddba973e935519905,19bbda1f882b3aeddba973e935519905,recon_missing_items,"sold none vs paid 18.37 BRL, gap 18.37",medium,20171103,SP
2664,reconciliation,reconciliation,17047,63802c52ced9ff923c962ecbf4b3a2a2,63802c52ced9ff923c962ecbf4b3a2a2,recon_missing_items,"sold none vs paid 420.17 BRL, gap 420.17",medium,20171203,SP
3303,reconciliation,reconciliation,76583,1aecadf4362edaca7fa033e882076c8d,1aecadf4362edaca7fa033e882076c8d,recon_missing_items,"sold none vs paid 50.74 BRL, gap 50.74",medium,20161004,SP
2845,reconciliation,reconciliation,34201,d5ab426a149bfee66ff88db9c6a8836a,d5ab426a149bfee66ff88db9c6a8836a,recon_missing_items,"sold none vs paid 89.19 BRL, gap 89.19",medium,20170201,PR
2761,reconciliation,reconciliation,26048,00bca4adac549020c1273714d04d0208,00bca4adac549020c1273714d04d0208,recon_missing_items,"sold none vs paid 111.30 BRL, gap 111.30",medium,20170214,SP
3091,reconciliation,reconciliation,57053,90eaac01afdf4e531a70ad869e092c75,90eaac01afdf4e531a70ad869e092c75,recon_missing_items,"sold none vs paid 234.43 BRL, gap 234.43",medium,20180605,RO
2826,reconciliation,reconciliation,32757,b2673ed6360dc341a4728dbd632f935b,b2673ed6360dc341a4728dbd632f935b,recon_missing_items,"sold none vs paid 28.13 BRL, gap 28.13",medium,20180626,PR
2553,reconciliation,reconciliation,6881,2de47e473306065fb0cd0322d8d9952b,2de47e473306065fb0cd0322d8d9952b,recon_missing_items,"sold none vs paid 71.04 BRL, gap 71.04",medium,20171025,MG
3115,reconciliation,reconciliation,60088,295f0c892077fab482adb25cfc37aa79,295f0c892077fab482adb25cfc37aa79,recon_missing_items,"sold none vs paid 92.99 BRL, gap 92.99",medium,20170706,RJ
2956,reconciliation,reconciliation,44679,ccac33950ffc27cb905dbcdfb099494a,ccac33950ffc27cb905dbcdfb099494a,recon_missing_items,"sold none vs paid 184.94 BRL, gap 184.94",medium,20171126,SP
2601,reconciliation,reconciliation,10929,97b22dcad89f4916db427544e655d1b2,97b22dcad89f4916db427544e655d1b2,recon_missing_items,"sold none vs paid 339.45 BRL, gap 339.45",medium,20170515,SP
3444,reconciliation,reconciliation,88142,572c4bbf0f5f85a9b4a2c4fe0c7f04d5,572c4bbf0f5f85a9b4a2c4fe0c7f04d5,recon_missing_items,"sold none vs paid 69.46 BRL, gap 69.46",medium,20180830,SP
2595,reconciliation,reconciliation,10403,e744792a1abc89d92d36e086697eaf97,e744792a1abc89d92d36e086697eaf97,recon_missing_items,"sold none vs paid 465.88 BRL, gap 465.88",medium,20170306,RS
3428,reconciliation,reconciliation,86532,6c0c4ed997d520a3b737650e43c8e042,6c0c4ed997d520a3b737650e43c8e042,recon_missing_items,"sold none vs paid 43.94 BRL, gap 43.94",medium,20170304,DF
3328,reconciliation,reconciliation,79277,4a1c879db7056f078a037fdf72b6d0fc,4a1c879db7056f078a037fdf72b6d0fc,recon_missing_items,"sold none vs paid 325.82 BRL, gap 325.82",medium,20180710,SP
2800,reconciliation,reconciliation,30685,d177b7c08ed2934d5888e7fd236d42e1,d177b7c08ed2934d5888e7fd236d42e1,recon_missing_items,"sold none vs paid 31.77 BRL, gap 31.77",medium,20170817,SP
2978,reconciliation,reconciliation,46602,b715c631fdd01580d9de3ed3759523c7,b715c631fdd01580d9de3ed3759523c7,recon_missing_items,"sold none vs paid 112.92 BRL, gap 112.92",medium,20180217,SP
2980,reconciliation,reconciliation,46701,a91e25d9e242b0545cddf83a2bb46954,a91e25d9e242b0545cddf83a2bb46954,recon_missing_items,"sold none vs paid 108.38 BRL, gap 108.38",medium,20170201,RJ
2522,reconciliation,reconciliation,4090,1ff6183537eb3a189de77b309ed28ad1,1ff6183537eb3a189de77b309ed28ad1,recon_missing_items,"sold none vs paid 84.23 BRL, gap 84.23",medium,20180102,RJ
2755,reconciliation,reconciliation,25489,fcfe1ea18aae8ae4a08253fd4060a763,fcfe1ea18aae8ae4a08253fd4060a763,recon_missing_items,"sold none vs paid 82.97 BRL, gap 82.97",medium,20170211,MG
3004,reconciliation,reconciliation,48675,6d3130927406da969ab807821a93a65d,6d3130927406da969ab807821a93a65d,recon_missing_items,"sold none vs paid 54.96 BRL, gap 54.96",medium,20170211,SP
2708,reconciliation,reconciliation,21542,4a5cf649e3eb500fc079aace5f03583e,4a5cf649e3eb500fc079aace5f03583e,recon_missing_items,"sold none vs paid 166.68 BRL, gap 166.68",medium,20180305,MG
2883,reconciliation,reconciliation,38161,05da04fd9f94dfb49fd643216d2cbe1f,05da04fd9f94dfb49fd643216d2cbe1f,recon_missing_items,"sold none vs paid 277.28 BRL, gap 277.28",medium,20180104,BA
2932,reconciliation,reconciliation,42013,a9cc8ce28b99a1cc075cb04ab19010c7,a9cc8ce28b99a1cc075cb04ab19010c7,recon_missing_items,"sold none vs paid 89.55 BRL, gap 89.55",medium,20180119,PR
2562,reconciliation,reconciliation,7519,d9091cd1d6e36cfcebc8b01aab81eff8,d9091cd1d6e36cfcebc8b01aab81eff8,recon_missing_items,"sold none vs paid 171.34 BRL, gap 171.34",medium,20180104,SP
3362,reconciliation,reconciliation,81254,1f5833c59dc618d2d3b9072f51195d16,1f5833c59dc618d2d3b9072f51195d16,recon_missing_items,"sold none vs paid 136.04 BRL, gap 136.04",medium,20170429,RJ
2691,reconciliation,reconciliation,20042,a84212c880e5635e2a0888ba25c027c7,a84212c880e5635e2a0888ba25c027c7,recon_missing_items,"sold none vs paid 96.49 BRL, gap 96.49",medium,20180511,SP
3399,reconciliation,reconciliation,83682,a0e71b06151dd529dd0d71f578cd3457,a0e71b06151dd529dd0d71f578cd3457,recon_missing_items,"sold none vs paid 598.01 BRL, gap 598.01",medium,20171105,MG
2628,reconciliation,reconciliation,13308,a6f980db92567852107fe54fa64726f2,a6f980db92567852107fe54fa64726f2,recon_missing_items,"sold none vs paid 254.40 BRL, gap 254.40",medium,20171028,BA
3286,reconciliation,reconciliation,74969,a027b795d174ac4c8c7fd853838b5744,a027b795d174ac4c8c7fd853838b5744,recon_missing_items,"sold none vs paid 284.02 BRL, gap 284.02",medium,20171212,SP
2648,reconciliation,reconciliation,15956,9a8fb2a3a77dab1c301506cd5af2e845,9a8fb2a3a77dab1c301506cd5af2e845,recon_missing_items,"sold none vs paid 154.36 BRL, gap 154.36",medium,20170726,SP
2521,reconciliation,reconciliation,3787,b07abc8b9acaf00e79b4657419f469f3,b07abc8b9acaf00e79b4657419f469f3,recon_missing_items,"sold none vs paid 23.72 BRL, gap 23.72",medium,20170309,SP
3272,reconciliation,reconciliation,73763,c12c13ee9d5307f765798632ef70d689,c12c13ee9d5307f765798632ef70d689,recon_missing_items,"sold none vs paid 97.34 BRL, gap 97.34",medium,20170506,GO
3061,reconciliation,reconciliation,54535,50bb0c134ee3365dd06e13da6cda15fe,50bb0c134ee3365dd06e13da6cda15fe,recon_missing_items,"sold none vs paid 258.00 BRL, gap 258.00",medium,20171229,ES
2863,reconciliation,reconciliation,36447,816e9ea5a585767bf637afdfb6d536ed,816e9ea5a585767bf637afdfb6d536ed,recon_missing_items,"sold none vs paid 73.34 BRL, gap 73.34",medium,20170927,SP
2698,reconciliation,reconciliation,20479,a3beebf1efa956ba70cf01a80c483367,a3beebf1efa956ba70cf01a80c483367,recon_missing_items,"sold none vs paid 87.64 BRL, gap 87.64",medium,20171012,MG
2606,reconciliation,reconciliation,11481,bac8ca7a0aea7f37457fb19140d2c5fb,bac8ca7a0aea7f37457fb19140d2c5fb,recon_missing_items,"sold none vs paid 612.59 BRL, gap 612.59",medium,20180104,RJ
2901,reconciliation,reconciliation,39715,ba6d92892febc6a5ca2dbae073427911,ba6d92892febc6a5ca2dbae073427911,recon_missing_items,"sold none vs paid 67.36 BRL, gap 67.36",medium,20170923,SP
2756,reconciliation,reconciliation,25515,44b4829b58167b697a69c8aa8eb64733,44b4829b58167b697a69c8aa8eb64733,recon_missing_items,"sold none vs paid 103.93 BRL, gap 103.93",medium,20170301,SP
3211,reconciliation,reconciliation,69099,2015fdddda0f27eaf4ebdf451d70a41e,2015fdddda0f27eaf4ebdf451d70a41e,recon_missing_items,"sold none vs paid 79.19 BRL, gap 79.19",medium,20171019,SC
2976,reconciliation,reconciliation,46342,fb4ea753f638936f56b4df5d03dc07bb,fb4ea753f638936f56b4df5d03dc07bb,recon_missing_items,"sold none vs paid 70.17 BRL, gap 70.17",medium,20180113,PR
2685,reconciliation,reconciliation,19328,752c0993c4993edea8eac33fda648244,752c0993c4993edea8eac33fda648244,recon_missing_items,"sold none vs paid 24.77 BRL, gap 24.77",medium,20171122,SP
3491,reconciliation,reconciliation,93916,97cf031e8c5bf37a0b310c07800e323a,97cf031e8c5bf37a0b310c07800e323a,recon_missing_items,"sold none vs paid 157.60 BRL, gap 157.60",medium,20170910,SP
3387,reconciliation,reconciliation,83063,55f1a7153e4d67447465073ad9490f04,55f1a7153e4d67447465073ad9490f04,recon_missing_items,"sold none vs paid 1354.80 BRL, gap 1354.80",medium,20171204,SP
2999,reconciliation,reconciliation,48178,b90cc9e10252911c2092a1e49794aa13,b90cc9e10252911c2092a1e49794aa13,recon_missing_items,"sold none vs paid 87.82 BRL, gap 87.82",medium,20180207,SP
2613,reconciliation,reconciliation,12047,92acd9b1e9af0117eee9aa972e0a4841,92acd9b1e9af0117eee9aa972e0a4841,recon_missing_items,"sold none vs paid 28.59 BRL, gap 28.59",medium,20171122,MG
2580,reconciliation,reconciliation,9174,31c6c41e2949f1a20c6f8e60ac17d4fe,31c6c41e2949f1a20c6f8e60ac17d4fe,recon_missing_items,"sold none vs paid 1520.77 BRL, gap 1520.77",medium,20170321,SP
3438,reconciliation,reconciliation,87315,2f346d92b11fcc7c342b3392b174cf3b,2f346d92b11fcc7c342b3392b174cf3b,recon_missing_items,"sold none vs paid 74.70 BRL, gap 74.70",medium,20171207,PR
2612,reconciliation,reconciliation,11999,3859aef969659dcc5439967f8ffbbc07,3859aef969659dcc5439967f8ffbbc07,recon_missing_items,"sold none vs paid 114.95 BRL, gap 114.95",medium,20170712,RJ
3518,reconciliation,reconciliation,95933,a144aa25d9d14f25ee9f3ec4118e5517,a144aa25d9d14f25ee9f3ec4118e5517,recon_missing_items,"sold none vs paid 68.46 BRL, gap 68.46",medium,20171106,RJ
2488,reconciliation,reconciliation,738,d57e15fb07fd180f06ab3926b39edcd2,d57e15fb07fd180f06ab3926b39edcd2,recon_missing_items,"sold none vs paid 134.38 BRL, gap 134.38",medium,20180108,BA
3323,reconciliation,reconciliation,78539,6ec704c9a120baaa6b3e162255ec684b,6ec704c9a120baaa6b3e162255ec684b,recon_missing_items,"sold none vs paid 211.01 BRL, gap 211.01",medium,20171230,MG
3085,reconciliation,reconciliation,56612,7c48bf2308168ce82b8e622eb9dd8627,7c48bf2308168ce82b8e622eb9dd8627,recon_missing_items,"sold none vs paid 59.11 BRL, gap 59.11",medium,20171013,GO
2939,reconciliation,reconciliation,42483,4bbe949608f669144f0db3f8cde75cd7,4bbe949608f669144f0db3f8cde75cd7,recon_missing_items,"sold none vs paid 213.52 BRL, gap 213.52",medium,20170905,RJ
3309,reconciliation,reconciliation,77056,620b0acb9258b51defbc51804c5298d5,620b0acb9258b51defbc51804c5298d5,recon_missing_items,"sold none vs paid 451.44 BRL, gap 451.44",medium,20161004,MT
2535,reconciliation,reconciliation,5343,9be3c9722389548409bf4cb39d07e347,9be3c9722389548409bf4cb39d07e347,recon_missing_items,"sold none vs paid 46.75 BRL, gap 46.75",medium,20171117,SP
3095,reconciliation,reconciliation,57592,2ce9683175cdab7d1c95bcbb3e36f478,2ce9683175cdab7d1c95bcbb3e36f478,recon_missing_items,"sold none vs paid 73.04 BRL, gap 73.04",high,20161005,SP
2732,reconciliation,reconciliation,23755,dd1341091b6a6b619079944b4aa45eb7,dd1341091b6a6b619079944b4aa45eb7,recon_missing_items,"sold none vs paid 33.68 BRL, gap 33.68",medium,20170923,SP
3520,reconciliation,reconciliation,96441,69647a30e77959dbf0000636927c27d6,69647a30e77959dbf0000636927c27d6,recon_missing_items,"sold none vs paid 70.00 BRL, gap 70.00",medium,20170811,DF
3183,reconciliation,reconciliation,66556,04a2ba381317648726f46210a46ece95,04a2ba381317648726f46210a46ece95,recon_missing_items,"sold none vs paid 85.71 BRL, gap 85.71",medium,20180809,PB
2818,reconciliation,reconciliation,31892,a2ac6dad85cf8af5b0afb510a240fe8c,a2ac6dad85cf8af5b0afb510a240fe8c,recon_missing_items,"sold none vs paid 197.55 BRL, gap 197.55",medium,20181003,SP
3516,reconciliation,reconciliation,95609,1e9cdb2ee26ee17ecb5f050a180cf8ff,1e9cdb2ee26ee17ecb5f050a180cf8ff,recon_missing_items,"sold none vs paid 147.48 BRL, gap 147.48",medium,20170529,SP
3018,reconciliation,reconciliation,50466,43f15e122ae8ae3eda33bf64b011c085,43f15e122ae8ae3eda33bf64b011c085,recon_missing_items,"sold none vs paid 58.28 BRL, gap 58.28",medium,20170806,SP
3325,reconciliation,reconciliation,78933,dd6eb2d6d50c1539804511adb0e4fa41,dd6eb2d6d50c1539804511adb0e4fa41,recon_missing_items,"sold none vs paid 31.75 BRL, gap 31.75",medium,20170813,SP
3282,reconciliation,reconciliation,74651,b9eb04083d9367fcd3523d0125406023,b9eb04083d9367fcd3523d0125406023,recon_missing_items,"sold none vs paid 165.41 BRL, gap 165.41",medium,20170602,CE
2804,reconciliation,reconciliation,30838,cfce0ad0c924cecbe5fde10535420084,cfce0ad0c924cecbe5fde10535420084,recon_missing_items,"sold none vs paid 403.36 BRL, gap 403.36",medium,20170507,RO
2519,reconciliation,reconciliation,3673,5965bbd72c3ca0d9634419437ca53897,5965bbd72c3ca0d9634419437ca53897,recon_missing_items,"sold none vs paid 147.99 BRL, gap 147.99",medium,20170130,MG
3508,reconciliation,reconciliation,95253,b91dd40b68675f4dc29339562895ca26,b91dd40b68675f4dc29339562895ca26,recon_missing_items,"sold none vs paid 42.90 BRL, gap 42.90",medium,20180224,RJ
2658,reconciliation,reconciliation,16879,084d2c70d33f8b9a1e21393471844591,084d2c70d33f8b9a1e21393471844591,recon_missing_items,"sold none vs paid 55.59 BRL, gap 55.59",medium,20170516,SP
2910,reconciliation,reconciliation,40172,ff71fa43cf5b726cd4a5763c7d819a35,ff71fa43cf5b726cd4a5763c7d819a35,recon_missing_items,"sold none vs paid 81.89 BRL, gap 81.89",medium,20170719,SP
2770,reconciliation,reconciliation,27399,85fc293d3e0bf416c547c15d991e096a,85fc293d3e0bf416c547c15d991e096a,recon_missing_items,"sold none vs paid 516.32 BRL, gap 516.32",medium,20171207,RJ
2794,reconciliation,reconciliation,30151,92d731517f17c26f16182d45498c4c3d,92d731517f17c26f16182d45498c4c3d,recon_missing_items,"sold none vs paid 221.84 BRL, gap 221.84",medium,20161005,RJ
3202,reconciliation,reconciliation,68374,b059ee4de278302d550a3035c4cdb740,b059ee4de278302d550a3035c4cdb740,recon_missing_items,"sold none vs paid 222.03 BRL, gap 222.03",medium,20181016,PI
3400,reconciliation,reconciliation,83799,00a500bc03bc4ec968e574c2553bed4b,00a500bc03bc4ec968e574c2553bed4b,recon_missing_items,"sold none vs paid 555.99 BRL, gap 555.99",medium,20171123,BA
3504,reconciliation,reconciliation,95082,32b5ca23bd0b8761a4e3c0fb0b4b4418,32b5ca23bd0b8761a4e3c0fb0b4b4418,recon_missing_items,"sold none vs paid 91.97 BRL, gap 91.97",medium,20180122,RJ
2709,reconciliation,reconciliation,21627,1770ee9dc600eccda7bfb6c56562b91d,1770ee9dc600eccda7bfb6c56562b91d,recon_missing_items,"sold none vs paid 120.38 BRL, gap 120.38",medium,20170822,GO
3152,reconciliation,reconciliation,63399,190cce77a8a1f436ff7bb2e684906449,190cce77a8a1f436ff7bb2e684906449,recon_missing_items,"sold none vs paid 75.44 BRL, gap 75.44",medium,20171031,PR
3344,reconciliation,reconciliation,80140,d785a3d0046f381b43dd7b218998b06a,d785a3d0046f381b43dd7b218998b06a,recon_missing_items,"sold none vs paid 671.58 BRL, gap 671.58",medium,20171111,SP
2705,reconciliation,reconciliation,21409,2c885b285dce307562d7f4caae89c6dc,2c885b285dce307562d7f4caae89c6dc,recon_missing_items,"sold none vs paid 2039.44 BRL, gap 2039.44",medium,20170907,SP
3346,reconciliation,reconciliation,80223,40fd591202d04d78c987cfc6990ad237,40fd591202d04d78c987cfc6990ad237,recon_missing_items,"sold none vs paid 75.06 BRL, gap 75.06",medium,20170924,RJ
3171,reconciliation,reconciliation,65504,bea39233e56405aa80613120fa0faae9,bea39233e56405aa80613120fa0faae9,recon_missing_items,"sold none vs paid 94.06 BRL, gap 94.06",medium,20170704,DF
2600,reconciliation,reconciliation,10896,a91fed0c79559403d648c1161a2d8500,a91fed0c79559403d648c1161a2d8500,recon_missing_items,"sold none vs paid 71.10 BRL, gap 71.10",medium,20171030,SP
3219,reconciliation,reconciliation,69480,a3ef7e4271c9088cf2d3de8305ef2355,a3ef7e4271c9088cf2d3de8305ef2355,recon_missing_items,"sold none vs paid 18.37 BRL, gap 18.37",medium,20171103,SP
3021,reconciliation,reconciliation,50643,73745cfd1447d2cb71537b662d59b3b8,73745cfd1447d2cb71537b662d59b3b8,recon_missing_items,"sold none vs paid 106.87 BRL, gap 106.87",medium,20170720,RJ
3256,reconciliation,reconciliation,72489,5e0eae0316373e1459c05b539e18f060,5e0eae0316373e1459c05b539e18f060,recon_missing_items,"sold none vs paid 27.68 BRL, gap 27.68",medium,20180126,SP
3129,reconciliation,reconciliation,61332,c186f4babae2b9ffa3ecc0176980acdf,c186f4babae2b9ffa3ecc0176980acdf,recon_missing_items,"sold none vs paid 155.73 BRL, gap 155.73",medium,20170530,SP
3483,reconciliation,reconciliation,92771,7018a2cb4802de2f9ed4b09b6a98e6fd,7018a2cb4802de2f9ed4b09b6a98e6fd,recon_missing_items,"sold none vs paid 639.98 BRL, gap 639.98",medium,20171210,AL
3477,reconciliation,reconciliation,92125,e51a8e1d0f0a0cc6eae0b605b53cf9ed,e51a8e1d0f0a0cc6eae0b605b53cf9ed,recon_missing_items,"sold none vs paid 131.01 BRL, gap 131.01",medium,20170604,CE
2545,reconciliation,reconciliation,6291,9d4e334ddde795cd4fbee24dc4b68cfe,9d4e334ddde795cd4fbee24dc4b68cfe,recon_missing_items,"sold none vs paid 160.68 BRL, gap 160.68",medium,20171127,SP
3007,reconciliation,reconciliation,48975,4ce5e2d15628c2277ca6ed81ee60f9de,4ce5e2d15628c2277ca6ed81ee60f9de,recon_missing_items,"sold none vs paid 130.94 BRL, gap 130.94",medium,20170710,SP
2533,reconciliation,reconciliation,5150,ea844c92cf978ea23321fa7fe5871761,ea844c92cf978ea23321fa7fe5871761,recon_missing_items,"sold none vs paid 414.04 BRL, gap 414.04",medium,20180913,SC
2633,reconciliation,reconciliation,13911,294b367987f073eb316ecef17f1078a0,294b367987f073eb316ecef17f1078a0,recon_missing_items,"sold none vs paid 75.06 BRL, gap 75.06",medium,20170922,SC
3284,reconciliation,reconciliation,74754,1800254c5ad71baad5c53866d4ed0ea0,1800254c5ad71baad5c53866d4ed0ea0,recon_missing_items,"sold none vs paid 299.98 BRL, gap 299.98",medium,20171114,RJ
3279,reconciliation,reconciliation,74488,59798edc300f7563a9bdf18b2740def9,59798edc300f7563a9bdf18b2740def9,recon_missing_items,"sold none vs paid 104.07 BRL, gap 104.07",medium,20170705,MG
2986,reconciliation,reconciliation,47273,e55fa3385fa77f6be6a0041c5daf2fb6,e55fa3385fa77f6be6a0041c5daf2fb6,recon_missing_items,"sold none vs paid 419.79 BRL, gap 419.79",medium,20180801,SP
2569,reconciliation,reconciliation,8290,672ab3776d5b25e586521469609ae774,672ab3776d5b25e586521469609ae774,recon_missing_items,"sold none vs paid 159.76 BRL, gap 159.76",medium,20170510,SP
2620,reconciliation,reconciliation,12702,6338011716bfe53b960847be47479662,6338011716bfe53b960847be47479662,recon_missing_items,"sold none vs paid 61.19 BRL, gap 61.19",medium,20171116,SP
3149,reconciliation,reconciliation,63175,92a195ed387f8e7f9151eae7a7ec13f0,92a195ed387f8e7f9151eae7a7ec13f0,recon_missing_items,"sold none vs paid 291.63 BRL, gap 291.63",medium,20180517,RJ
2679,reconciliation,reconciliation,18639,ccd4eb95e68cb64e666ddcb84f8dfb1e,ccd4eb95e68cb64e666ddcb84f8dfb1e,recon_missing_items,"sold none vs paid 84.48 BRL, gap 84.48",medium,20180305,SP
3133,reconciliation,reconciliation,61726,016706d732e79b49035275c048edb2c4,016706d732e79b49035275c048edb2c4,recon_missing_items,"sold none vs paid 65.00 BRL, gap 65.00",medium,20171013,MG
3137,reconciliation,reconciliation,62220,b44b36e6b69be34f58753d3b56d24001,b44b36e6b69be34f58753d3b56d24001,recon_missing_items,"sold none vs paid 98.65 BRL, gap 98.65",medium,20180808,RJ
2974,reconciliation,reconciliation,46134,fc8121263d345c1d739f85edda7be0cb,fc8121263d345c1d739f85edda7be0cb,recon_missing_items,"sold none vs paid 130.00 BRL, gap 130.00",medium,20170218,PR
2832,reconciliation,reconciliation,33510,7ecb6c38b166531663fdecce49dc1a6f,7ecb6c38b166531663fdecce49dc1a6f,recon_missing_items,"sold none vs paid 1528.99 BRL, gap 1528.99",medium,20171229,PR
2949,reconciliation,reconciliation,43964,8076135356d195170fe9f8d5698182c4,8076135356d195170fe9f8d5698182c4,recon_missing_items,"sold none vs paid 75.68 BRL, gap 75.68",medium,20180103,PI
3112,reconciliation,reconciliation,59842,ea55dd40acfb6206bdf910b5e903ff77,ea55dd40acfb6206bdf910b5e903ff77,recon_missing_items,"sold none vs paid 130.56 BRL, gap 130.56",medium,20180106,SP
2715,reconciliation,reconciliation,22280,b4ef4b05fef13db5a94b0ccd497c521c,b4ef4b05fef13db5a94b0ccd497c521c,recon_missing_items,"sold none vs paid 119.18 BRL, gap 119.18",medium,20180712,MG
2783,reconciliation,reconciliation,28847,9abe82df39e950e1e0c1a5969e22571e,9abe82df39e950e1e0c1a5969e22571e,recon_missing_items,"sold none vs paid 74.49 BRL, gap 74.49",medium,20170321,RJ
3024,reconciliation,reconciliation,51037,791d454dd290baaf30d599c6183d7489,791d454dd290baaf30d599c6183d7489,recon_missing_items,"sold none vs paid 51.38 BRL, gap 51.38",medium,20170815,MG
2785,reconciliation,reconciliation,29124,dafb12075abc3168e9addb5ccf7a02c5,dafb12075abc3168e9addb5ccf7a02c5,recon_missing_items,"sold none vs paid 97.78 BRL, gap 97.78",medium,20170716,SP
3100,reconciliation,reconciliation,58563,31a1a43e09fe1f26cdcb077099cadf82,31a1a43e09fe1f26cdcb077099cadf82,recon_missing_items,"sold none vs paid 78.90 BRL, gap 78.90",medium,20170913,DF
2618,reconciliation,reconciliation,12390,45daa18f4e3e34c727128f6a775fff95,45daa18f4e3e34c727128f6a775fff95,recon_missing_items,"sold none vs paid 75.36 BRL, gap 75.36",medium,20180107,MG
3337,reconciliation,reconciliation,79793,00daac8efd71674d62356c2a306d1e4c,00daac8efd71674d62356c2a306d1e4c,recon_missing_items,"sold none vs paid 67.97 BRL, gap 67.97",medium,20171121,MG
3121,reconciliation,reconciliation,60768,d9bde3a634ec04252eceffc6bef25ee0,d9bde3a634ec04252eceffc6bef25ee0,recon_missing_items,"sold none vs paid 76.02 BRL, gap 76.02",medium,20170216,RJ
3514,reconciliation,reconciliation,95452,7813842ae95e8c497fc0233232ae815a,7813842ae95e8c497fc0233232ae815a,recon_missing_items,"sold none vs paid 3184.34 BRL, gap 3184.34",medium,20180817,SC
2680,reconciliation,reconciliation,18706,6a30e349ceba14fcd64f13c3fd62aed3,6a30e349ceba14fcd64f13c3fd62aed3,recon_missing_items,"sold none vs paid 276.99 BRL, gap 276.99",medium,20180310,SP
3242,reconciliation,reconciliation,71374,76d85afd545b8fc877273a68455675c1,76d85afd545b8fc877273a68455675c1,recon_missing_items,"sold none vs paid 173.82 BRL, gap 173.82",medium,20171108,RJ
3556,reconciliation,reconciliation,99234,1c7c8ab324927f5b6e52338bd110bef4,1c7c8ab324927f5b6e52338bd110bef4,recon_missing_items,"sold none vs paid 934.09 BRL, gap 934.09",medium,20171223,SP
2838,reconciliation,reconciliation,33946,e804ad37d90d9c32dc3ae61e90a06345,e804ad37d90d9c32dc3ae61e90a06345,recon_missing_items,"sold none vs paid 60.74 BRL, gap 60.74",medium,20171206,MG
2555,reconciliation,reconciliation,7195,6f04a69509e62866b1837e6a4f22c47f,6f04a69509e62866b1837e6a4f22c47f,recon_missing_items,"sold none vs paid 88.26 BRL, gap 88.26",medium,20170612,SC
2856,reconciliation,reconciliation,35453,309688f286ca9fb39735664ba1e37b29,309688f286ca9fb39735664ba1e37b29,recon_missing_items,"sold none vs paid 50.01 BRL, gap 50.01",medium,20171126,DF
2869,reconciliation,reconciliation,37004,869997fbe01f39d184956b5c6bccfdbe,869997fbe01f39d184956b5c6bccfdbe,recon_missing_items,"sold none vs paid 94.63 BRL, gap 94.63",medium,20180926,RJ
3449,reconciliation,reconciliation,88501,616fa7d4871b87832197b2a137a115d2,616fa7d4871b87832197b2a137a115d2,recon_missing_items,"sold none vs paid 80.38 BRL, gap 80.38",medium,20181001,RJ
3144,reconciliation,reconciliation,62852,e9b878264e94e17134221e4e9afd378b,e9b878264e94e17134221e4e9afd378b,recon_missing_items,"sold none vs paid 106.58 BRL, gap 106.58",medium,20180309,SP
3017,reconciliation,reconciliation,50388,392ed9afd714e3c74767d0c4d3e3f477,392ed9afd714e3c74767d0c4d3e3f477,recon_missing_items,"sold none vs paid 137.03 BRL, gap 137.03",medium,20180929,SP
2603,reconciliation,reconciliation,11141,d7a2d4a7a03831ac687a53e339593570,d7a2d4a7a03831ac687a53e339593570,recon_missing_items,"sold none vs paid 143.14 BRL, gap 143.14",medium,20170303,RJ
3430,reconciliation,reconciliation,86648,32bc13d17332ed4f07e360611c146b87,32bc13d17332ed4f07e360611c146b87,recon_missing_items,"sold none vs paid 141.33 BRL, gap 141.33",medium,20171128,SP
3526,reconciliation,reconciliation,96794,7159096c5aa9be77f7f0c26c01ee9793,7159096c5aa9be77f7f0c26c01ee9793,recon_missing_items,"sold none vs paid 280.65 BRL, gap 280.65",medium,20180315,MS
2899,reconciliation,reconciliation,39656,1f66f9bfd244a5383aeb00a84ad12a66,1f66f9bfd244a5383aeb00a84ad12a66,recon_missing_items,"sold none vs paid 68.39 BRL, gap 68.39",medium,20161010,GO
3068,reconciliation,reconciliation,55056,2fa565240e8353e7a1ad78347f8608fa,2fa565240e8353e7a1ad78347f8608fa,recon_missing_items,"sold none vs paid 101.92 BRL, gap 101.92",medium,20170215,SP
3329,reconciliation,reconciliation,79452,ee11405a850edd187af2fb6e1771bcdb,ee11405a850edd187af2fb6e1771bcdb,recon_missing_items,"sold none vs paid 157.94 BRL, gap 157.94",medium,20170301,GO
2947,reconciliation,reconciliation,43148,24b425b6d0f061fcb84c1832d221e3bb,24b425b6d0f061fcb84c1832d221e3bb,recon_missing_items,"sold none vs paid 85.60 BRL, gap 85.60",medium,20170822,PA
3223,reconciliation,reconciliation,69927,e04f1da1f48bf2bbffcf57b9824f76e1,e04f1da1f48bf2bbffcf57b9824f76e1,recon_missing_items,"sold none vs paid 76.19 BRL, gap 76.19",high,20161005,SC
3148,reconciliation,reconciliation,63080,65959cbdb267c29a5cb0021a367df75c,65959cbdb267c29a5cb0021a367df75c,recon_missing_items,"sold none vs paid 24.52 BRL, gap 24.52",medium,20170224,SC
2622,reconciliation,reconciliation,12886,4ffd41fadb59bd398d869be78f1b2be3,4ffd41fadb59bd398d869be78f1b2be3,recon_missing_items,"sold none vs paid 789.55 BRL, gap 789.55",medium,20180326,SP
3431,reconciliation,reconciliation,86663,10e080f0e43ef41f43b9ff6da4451835,10e080f0e43ef41f43b9ff6da4451835,recon_missing_items,"sold none vs paid 37.51 BRL, gap 37.51",medium,20170302,MG
3432,reconciliation,reconciliation,86693,2559552ea70a7caa245eca67f410a3f4,2559552ea70a7caa245eca67f410a3f4,recon_missing_items,"sold none vs paid 38.68 BRL, gap 38.68",medium,20171022,SP
3490,reconciliation,reconciliation,93899,7b417e4ab50fe706033d4fe21c659f3b,7b417e4ab50fe706033d4fe21c659f3b,recon_missing_items,"sold none vs paid 119.89 BRL, gap 119.89",medium,20180816,RS
2524,reconciliation,reconciliation,4334,f8303e6eff198d1749d04649a1eb2bb6,f8303e6eff198d1749d04649a1eb2bb6,recon_missing_items,"sold none vs paid 103.27 BRL, gap 103.27",medium,20180121,SC
3439,reconciliation,reconciliation,87448,d6f1fd48e3b9fbaa5ed2794838559afb,d6f1fd48e3b9fbaa5ed2794838559afb,recon_missing_items,"sold none vs paid 128.10 BRL, gap 128.10",medium,20180625,SP
2946,reconciliation,reconciliation,43098,1c3a814fa046dc2f684276b1ca26786e,1c3a814fa046dc2f684276b1ca26786e,recon_missing_items,"sold none vs paid 55.96 BRL, gap 55.96",medium,20170411,SP
2704,reconciliation,reconciliation,21289,52dfaf3e430903d40571c0eb44d324b5,52dfaf3e430903d40571c0eb44d324b5,recon_missing_items,"sold none vs paid 123.44 BRL, gap 123.44",medium,20170216,SP
3551,reconciliation,reconciliation,99052,e58b8168894c93cf61d36c90775acd85,e58b8168894c93cf61d36c90775acd85,recon_missing_items,"sold none vs paid 87.04 BRL, gap 87.04",medium,20170226,PR
3209,reconciliation,reconciliation,68907,4af4d191d7e83818829a9af9ea7fcdfc,4af4d191d7e83818829a9af9ea7fcdfc,recon_missing_items,"sold none vs paid 88.02 BRL, gap 88.02",medium,20170702,PR
2962,reconciliation,reconciliation,45062,383bb8b07361166ea86f3f4b51e96ff7,383bb8b07361166ea86f3f4b51e96ff7,recon_missing_items,"sold none vs paid 42.06 BRL, gap 42.06",medium,20180315,RS
3174,reconciliation,reconciliation,65693,cf52c3631e531c83e5f92681b933a521,cf52c3631e531c83e5f92681b933a521,recon_missing_items,"sold none vs paid 721.71 BRL, gap 721.71",medium,20170218,PE
3189,reconciliation,reconciliation,67184,c60a44d6c46309c86882ffce00a0b412,c60a44d6c46309c86882ffce00a0b412,recon_missing_items,"sold none vs paid 192.96 BRL, gap 192.96",medium,20170215,SP
3225,reconciliation,reconciliation,69938,e444dbf63e18f98c43c81f5ccc7ef8a0,e444dbf63e18f98c43c81f5ccc7ef8a0,recon_missing_items,"sold none vs paid 25.20 BRL, gap 25.20",medium,20170925,PR
3521,reconciliation,reconciliation,96447,bf3c691a76e2c8733340a8f7e251a0f1,bf3c691a76e2c8733340a8f7e251a0f1,recon_missing_items,"sold none vs paid 112.42 BRL, gap 112.42",medium,20180112,MG
2559,reconciliation,reconciliation,7435,b5359909123fa03c50bdb0cfed07f098,b5359909123fa03c50bdb0cfed07f098,recon_missing_items,"sold none vs paid 160.94 BRL, gap 160.94",high,20171205,SP
2717,reconciliation,reconciliation,22594,5034308872e3b0e7c30ab14859feef53,5034308872e3b0e7c30ab14859feef53,recon_missing_items,"sold none vs paid 143.22 BRL, gap 143.22",medium,20180118,MG
3537,reconciliation,reconciliation,97697,5a00b4d35edffc56b825c3646a99ba9d,5a00b4d35edffc56b825c3646a99ba9d,recon_missing_items,"sold none vs paid 157.13 BRL, gap 157.13",medium,20170702,ES
2823,reconciliation,reconciliation,32610,61a86f238895780d1ddc6344985537ef,61a86f238895780d1ddc6344985537ef,recon_missing_items,"sold none vs paid 53.10 BRL, gap 53.10",medium,20171124,PR
2512,reconciliation,reconciliation,2972,0130f0f71fb0e831d18e6a3b33a3a50c,0130f0f71fb0e831d18e6a3b33a3a50c,recon_missing_items,"sold none vs paid 52.77 BRL, gap 52.77",medium,20170512,SP
2866,reconciliation,reconciliation,36640,8040bd2eb4b6e7cfcda94f1ccdcc703d,8040bd2eb4b6e7cfcda94f1ccdcc703d,recon_missing_items,"sold none vs paid 36.86 BRL, gap 36.86",medium,20170503,SP
2778,reconciliation,reconciliation,28601,db62e0a0d6c8476c079bda2174228551,db62e0a0d6c8476c079bda2174228551,recon_missing_items,"sold none vs paid 25.29 BRL, gap 25.29",medium,20180802,SP
3392,reconciliation,reconciliation,83267,52b7f26dd95604cb836ba17f96a6b056,52b7f26dd95604cb836ba17f96a6b056,recon_missing_items,"sold none vs paid 38.01 BRL, gap 38.01",medium,20170705,PR
3546,reconciliation,reconciliation,98493,abc371fa4448846ac98855c256ab235f,abc371fa4448846ac98855c256ab235f,recon_missing_items,"sold none vs paid 112.08 BRL, gap 112.08",medium,20170211,RJ
2874,reconciliation,reconciliation,37460,a2dd87f10cd0b3cdb73c6ba52e333250,a2dd87f10cd0b3cdb73c6ba52e333250,recon_missing_items,"sold none vs paid 64.10 BRL, gap 64.10",medium,20171011,SC
2593,reconciliation,reconciliation,10347,996316cf1b7d0bf4a95a9b5f81d7f22a,996316cf1b7d0bf4a95a9b5f81d7f22a,recon_missing_items,"sold none vs paid 77.23 BRL, gap 77.23",medium,20170925,RS
3278,reconciliation,reconciliation,74439,dc5287133fa7ba014e8083e381bf8270,dc5287133fa7ba014e8083e381bf8270,recon_missing_items,"sold none vs paid 92.87 BRL, gap 92.87",medium,20171111,SP
2579,reconciliation,reconciliation,9123,d200a7526c6d29e8c2742a0bff8cff14,d200a7526c6d29e8c2742a0bff8cff14,recon_missing_items,"sold none vs paid 87.76 BRL, gap 87.76",medium,20170504,RJ
2891,reconciliation,reconciliation,38866,8db43b1e3642a3227063d2517b63ecbe,8db43b1e3642a3227063d2517b63ecbe,recon_missing_items,"sold none vs paid 74.96 BRL, gap 74.96",medium,20170324,PR
2812,reconciliation,reconciliation,31314,fbb8b95a779702d51ecf6fa530a997d4,fbb8b95a779702d51ecf6fa530a997d4,recon_missing_items,"sold none vs paid 51.69 BRL, gap 51.69",medium,20170706,MG
3314,reconciliation,reconciliation,77487,484ce4bf2067023e5184d003c41eb07a,484ce4bf2067023e5184d003c41eb07a,recon_missing_items,"sold none vs paid 74.44 BRL, gap 74.44",medium,20171124,DF
2861,reconciliation,reconciliation,36174,deb556fbebd4343315d9ab970392674c,deb556fbebd4343315d9ab970392674c,recon_missing_items,"sold none vs paid 256.24 BRL, gap 256.24",medium,20170725,PR
3245,reconciliation,reconciliation,71738,9f24a452d2f08d94503f8755cc845362,9f24a452d2f08d94503f8755cc845362,recon_missing_items,"sold none vs paid 188.38 BRL, gap 188.38",medium,20170904,PB
2892,reconciliation,reconciliation,38882,aed5fd4c4ada58504679761465a6486e,aed5fd4c4ada58504679761465a6486e,recon_missing_items,"sold none vs paid 57.05 BRL, gap 57.05",medium,20170707,BA
2912,reconciliation,reconciliation,40346,53ec902459673efbbcb34dec981931d3,53ec902459673efbbcb34dec981931d3,recon_missing_items,"sold none vs paid 61.11 BRL, gap 61.11",medium,20170723,SE
2588,reconciliation,reconciliation,10112,6178d892fe5eef77fb756aed59b758bd,6178d892fe5eef77fb756aed59b758bd,recon_missing_items,"sold none vs paid 41.75 BRL, gap 41.75",medium,20180115,SP
2819,reconciliation,reconciliation,31911,d2bc174d5c413f457a21db6899afb682,d2bc174d5c413f457a21db6899afb682,recon_missing_items,"sold none vs paid 198.34 BRL, gap 198.34",medium,20180809,RS
2981,reconciliation,reconciliation,46957,46c25d5c696b53935b00b3e3fa555d20,46c25d5c696b53935b00b3e3fa555d20,recon_missing_items,"sold none vs paid 109.91 BRL, gap 109.91",medium,20170629,SP
2627,reconciliation,reconciliation,13163,8603de8fb5551ed7faf81d2a31b8bf0e,8603de8fb5551ed7faf81d2a31b8bf0e,recon_missing_items,"sold none vs paid 603.40 BRL, gap 603.40",medium,20170611,SP
3336,reconciliation,reconciliation,79697,20085191cbcabee83a2016eb4a9fbf21,20085191cbcabee83a2016eb4a9fbf21,recon_missing_items,"sold none vs paid 103.50 BRL, gap 103.50",medium,20180226,SP
3013,reconciliation,reconciliation,49880,3a0fbe8fbdae776394cd93385366a4fd,3a0fbe8fbdae776394cd93385366a4fd,recon_missing_items,"sold none vs paid 1528.99 BRL, gap 1528.99",medium,20171212,PR
2688,reconciliation,reconciliation,19601,ca9d82b594244464dddfac0959180268,ca9d82b594244464dddfac0959180268,recon_missing_items,"sold none vs paid 164.62 BRL, gap 164.62",medium,20170809,SP
3231,reconciliation,reconciliation,70336,4603cc4d4654635e3c16a1ac226036f4,4603cc4d4654635e3c16a1ac226036f4,recon_missing_items,"sold none vs paid 197.01 BRL, gap 197.01",medium,20171012,PB
3254,reconciliation,reconciliation,72430,9192399976bb077688f5cf72fc8ab37b,9192399976bb077688f5cf72fc8ab37b,recon_missing_items,"sold none vs paid 88.55 BRL, gap 88.55",medium,20171030,SP
3401,reconciliation,reconciliation,83871,18c528b07b50f67122420d4b645dc84c,18c528b07b50f67122420d4b645dc84c,recon_missing_items,"sold none vs paid 667.90 BRL, gap 667.90",medium,20171025,SP
3210,reconciliation,reconciliation,68974,0623dbbd06c0d4059dbfefab8748a491,0623dbbd06c0d4059dbfefab8748a491,recon_missing_items,"sold none vs paid 137.06 BRL, gap 137.06",medium,20180820,SP
3291,reconciliation,reconciliation,75329,bd51fae4e79d90bca958267d6e6bee30,bd51fae4e79d90bca958267d6e6bee30,recon_missing_items,"sold none vs paid 145.06 BRL, gap 145.06",medium,20171117,SP
3238,reconciliation,reconciliation,70680,1985dcd0eb8cb683615c1d2b8f324572,1985dcd0eb8cb683615c1d2b8f324572,recon_missing_items,"sold none vs paid 822.78 BRL, gap 822.78",medium,20180501,BA
3419,reconciliation,reconciliation,85802,75020ffff57f14ba95e2562980ae510f,75020ffff57f14ba95e2562980ae510f,recon_missing_items,"sold none vs paid 53.00 BRL, gap 53.00",medium,20170919,SP
2828,reconciliation,reconciliation,33138,6111350dd1f8b825ac82e9caea339f07,6111350dd1f8b825ac82e9caea339f07,recon_missing_items,"sold none vs paid 282.30 BRL, gap 282.30",medium,20171117,SP
3332,reconciliation,reconciliation,79505,ccbd198eb55e22f3b2240d1605961c5f,ccbd198eb55e22f3b2240d1605961c5f,recon_missing_items,"sold none vs paid 293.46 BRL, gap 293.46",medium,20170707,SP
2887,reconciliation,reconciliation,38611,ba43195b0f997630dab0e5b6dae0a6ab,ba43195b0f997630dab0e5b6dae0a6ab,recon_missing_items,"sold none vs paid 59.00 BRL, gap 59.00",medium,20180112,SP
3045,reconciliation,reconciliation,53112,453cabc3a3d6d0d80bd08d9eefb6a607,453cabc3a3d6d0d80bd08d9eefb6a607,recon_missing_items,"sold none vs paid 183.53 BRL, gap 183.53",medium,20171206,PR
3077,reconciliation,reconciliation,55960,f3e5a0592463640ef9fd04d79724dac9,f3e5a0592463640ef9fd04d79724dac9,recon_missing_items,"sold none vs paid 113.62 BRL, gap 113.62",medium,20180114,SP
2950,reconciliation,reconciliation,44042,8ae36ddb0c9660dabf5341488efb2a30,8ae36ddb0c9660dabf5341488efb2a30,recon_missing_items,"sold none vs paid 282.30 BRL, gap 282.30",medium,20180303,SP
3177,reconciliation,reconciliation,66135,2ff205d5135b1c7763c6561d2643df51,2ff205d5135b1c7763c6561d2643df51,recon_missing_items,"sold none vs paid 380.66 BRL, gap 380.66",medium,20170323,GO
3393,reconciliation,reconciliation,83283,50503051a38d8ee049d1226032c7d82d,50503051a38d8ee049d1226032c7d82d,recon_missing_items,"sold none vs paid 107.78 BRL, gap 107.78",medium,20171205,MG
2596,reconciliation,reconciliation,10457,947e9c6bfd83a06953c420ef92d3da6e,947e9c6bfd83a06953c420ef92d3da6e,recon_missing_items,"sold none vs paid 69.46 BRL, gap 69.46",medium,20180815,SP
3207,reconciliation,reconciliation,68759,f05fbff4a434f4d0c1e09000bf45f06f,f05fbff4a434f4d0c1e09000bf45f06f,recon_missing_items,"sold none vs paid 84.92 BRL, gap 84.92",medium,20170610,SP
2751,reconciliation,reconciliation,24967,2c9c2c96702997c879d75f927b76165e,2c9c2c96702997c879d75f927b76165e,recon_missing_items,"sold none vs paid 25.90 BRL, gap 25.90",medium,20170924,MG
2525,reconciliation,reconciliation,4374,4c8b9947280829d0a8b7e81cc249b875,4c8b9947280829d0a8b7e81cc249b875,recon_missing_items,"sold none vs paid 118.35 BRL, gap 118.35",medium,20180809,SP
3270,reconciliation,reconciliation,73537,756fc608f67478946b31c752681f27be,756fc608f67478946b31c752681f27be,recon_missing_items,"sold none vs paid 103.34 BRL, gap 103.34",medium,20180814,PR
2554,reconciliation,reconciliation,6963,3a0b1b5c52367a68f9deab55f3464a14,3a0b1b5c52367a68f9deab55f3464a14,recon_missing_items,"sold none vs paid 86.14 BRL, gap 86.14",medium,20180319,SC
2772,reconciliation,reconciliation,27448,30945faa37e8264ea2815f7bf799adf0,30945faa37e8264ea2815f7bf799adf0,recon_missing_items,"sold none vs paid 153.21 BRL, gap 153.21",medium,20170131,ES
3536,reconciliation,reconciliation,97652,efa3e0b795c3871ff5413d163cc9d6f0,efa3e0b795c3871ff5413d163cc9d6f0,recon_missing_items,"sold none vs paid 145.06 BRL, gap 145.06",medium,20171117,SP
3071,reconciliation,reconciliation,55133,2463e85fc460252cacb332c69099f298,2463e85fc460252cacb332c69099f298,recon_missing_items,"sold none vs paid 80.19 BRL, gap 80.19",medium,20171018,RJ
3027,reconciliation,reconciliation,51651,b7fa03eeccba341d5ab0dc86bfb1b08c,b7fa03eeccba341d5ab0dc86bfb1b08c,recon_missing_items,"sold none vs paid 103.05 BRL, gap 103.05",medium,20180728,SP
2587,reconciliation,reconciliation,10072,809a282bbd5dbcabb6f2f724fca862ec,809a282bbd5dbcabb6f2f724fca862ec,recon_missing_items,"sold none vs paid 40.95 BRL, gap 40.95",medium,20160913,SP
3351,reconciliation,reconciliation,80695,d17cbd88da86748917f52864d1be98d0,d17cbd88da86748917f52864d1be98d0,recon_missing_items,"sold none vs paid 153.90 BRL, gap 153.90",medium,20180220,SP
2654,reconciliation,reconciliation,16537,00d0ffd14774da775ac832ba8520510f,00d0ffd14774da775ac832ba8520510f,recon_missing_items,"sold none vs paid 134.49 BRL, gap 134.49",medium,20171223,SP
3273,reconciliation,reconciliation,73987,fc55691eabf7bd6d38e8d49b4cdd8629,fc55691eabf7bd6d38e8d49b4cdd8629,recon_missing_items,"sold none vs paid 92.78 BRL, gap 92.78",medium,20170607,RS
3123,reconciliation,reconciliation,60939,10a045cdf6a5650c21e9cfeb60384c16,10a045cdf6a5650c21e9cfeb60384c16,recon_missing_items,"sold none vs paid 89.71 BRL, gap 89.71",medium,20181017,SP
2799,reconciliation,reconciliation,30476,df2f177b04bac67798590bc71213dcc2,df2f177b04bac67798590bc71213dcc2,recon_missing_items,"sold none vs paid 248.94 BRL, gap 248.94",medium,20171117,SP
2581,reconciliation,reconciliation,9196,648637c544f762334d4ce9bbe88ebe21,648637c544f762334d4ce9bbe88ebe21,recon_missing_items,"sold none vs paid 171.61 BRL, gap 171.61",medium,20171109,SP
3408,reconciliation,reconciliation,84773,af6a9f579c74afeefcd5f32733c11a32,af6a9f579c74afeefcd5f32733c11a32,recon_missing_items,"sold none vs paid 33.88 BRL, gap 33.88",medium,20180323,SP
2747,reconciliation,reconciliation,24736,4a0d049ee6c82b3348a21bb211c0a44d,4a0d049ee6c82b3348a21bb211c0a44d,recon_missing_items,"sold none vs paid 67.88 BRL, gap 67.88",medium,20170607,SP
3134,reconciliation,reconciliation,61841,0cb763300f5679bee73a0b0fdfe0a2d2,0cb763300f5679bee73a0b0fdfe0a2d2,recon_missing_items,"sold none vs paid 981.68 BRL, gap 981.68",medium,20180810,MG
3257,reconciliation,reconciliation,72510,6c15888cd708d4c1487eb36753212d69,6c15888cd708d4c1487eb36753212d69,recon_missing_items,"sold none vs paid 42.03 BRL, gap 42.03",medium,20180307,SP
3498,reconciliation,reconciliation,94332,6e7e891760708803a2f4203981f2d69d,6e7e891760708803a2f4203981f2d69d,recon_missing_items,"sold none vs paid 148.98 BRL, gap 148.98",medium,20170216,SP
3191,reconciliation,reconciliation,67336,36be874974d3616f9a1a763d0ac1d655,36be874974d3616f9a1a763d0ac1d655,recon_missing_items,"sold none vs paid 31.75 BRL, gap 31.75",medium,20170813,SP
3295,reconciliation,reconciliation,75714,20e297eefc937e9b79e2cf97e9faddf1,20e297eefc937e9b79e2cf97e9faddf1,recon_missing_items,"sold none vs paid 93.39 BRL, gap 93.39",medium,20180509,GO
2728,reconciliation,reconciliation,23527,15ec3d48383c58c0dc96cd66f8884630,15ec3d48383c58c0dc96cd66f8884630,recon_missing_items,"sold none vs paid 122.38 BRL, gap 122.38",medium,20180823,SC
3507,reconciliation,reconciliation,95242,a0141c1141d9406b48466fe4d1492bf4,a0141c1141d9406b48466fe4d1492bf4,recon_missing_items,"sold none vs paid 91.95 BRL, gap 91.95",medium,20171113,BA
3140,reconciliation,reconciliation,62407,123e27a1a4d0b2481d8618ac3dff7d4e,123e27a1a4d0b2481d8618ac3dff7d4e,recon_missing_items,"sold none vs paid 221.84 BRL, gap 221.84",medium,20161008,RJ
2621,reconciliation,reconciliation,12855,90e258ad907d8401c4f1107ea9e55f1b,90e258ad907d8401c4f1107ea9e55f1b,recon_missing_items,"sold none vs paid 130.91 BRL, gap 130.91",medium,20170925,TO
3396,reconciliation,reconciliation,83331,129ea9ae4b85283decb23ea1756f505d,129ea9ae4b85283decb23ea1756f505d,recon_missing_items,"sold none vs paid 58.98 BRL, gap 58.98",medium,20180809,RJ
3187,reconciliation,reconciliation,66826,3257d333ee8b3f21786b6270940d1fd4,3257d333ee8b3f21786b6270940d1fd4,recon_missing_items,"sold none vs paid 171.85 BRL, gap 171.85",medium,20170213,RJ
3376,reconciliation,reconciliation,82418,a37c3175caa4465852b788987ca46d1a,a37c3175caa4465852b788987ca46d1a,recon_missing_items,"sold none vs paid 217.93 BRL, gap 217.93",medium,20171009,SP
3072,reconciliation,reconciliation,55194,c549f0d88f33bfe43351b893f1fb55ac,c549f0d88f33bfe43351b893f1fb55ac,recon_missing_items,"sold none vs paid 110.92 BRL, gap 110.92",medium,20161006,RJ
2890,reconciliation,reconciliation,38863,24f686e03e134195c83dc3e2b6bf4cd0,24f686e03e134195c83dc3e2b6bf4cd0,recon_missing_items,"sold none vs paid 44.10 BRL, gap 44.10",medium,20170508,MG
2931,reconciliation,reconciliation,41687,6d9bd9b4caa7d961a6d31427ad0e557e,6d9bd9b4caa7d961a6d31427ad0e557e,recon_missing_items,"sold none vs paid 69.46 BRL, gap 69.46",medium,20171124,PR
2707,reconciliation,reconciliation,21442,7a4df5d8cff4090e541401a20a22bb80,7a4df5d8cff4090e541401a20a22bb80,recon_missing_items,"sold none vs paid 37.84 BRL, gap 37.84",high,20171125,RJ
2706,reconciliation,reconciliation,21419,61839bad7238b99a645d22f47028722c,61839bad7238b99a645d22f47028722c,recon_missing_items,"sold none vs paid 91.66 BRL, gap 91.66",medium,20171006,SP
3451,reconciliation,reconciliation,88954,54b267f79786d7ac585ab0aac88d6da6,54b267f79786d7ac585ab0aac88d6da6,recon_missing_items,"sold none vs paid 89.87 BRL, gap 89.87",medium,20170724,SP
3349,reconciliation,reconciliation,80431,31c672e3859d5d55d460ea8dbc39053d,31c672e3859d5d55d460ea8dbc39053d,recon_missing_items,"sold none vs paid 34.37 BRL, gap 34.37",medium,20170213,SP
2729,reconciliation,reconciliation,23554,294bc47f2c556ebbec32a74c4811efd5,294bc47f2c556ebbec32a74c4811efd5,recon_missing_items,"sold none vs paid 53.00 BRL, gap 53.00",medium,20180226,MG
2614,reconciliation,reconciliation,12157,7533138abe254f5d3856101e4a21e5f2,7533138abe254f5d3856101e4a21e5f2,recon_missing_items,"sold none vs paid 68.53 BRL, gap 68.53",medium,20171117,SP
2987,reconciliation,reconciliation,47373,3cd41dc7c9fceb7de4fb0e9983a4b1ed,3cd41dc7c9fceb7de4fb0e9983a4b1ed,recon_missing_items,"sold none vs paid 208.80 BRL, gap 208.80",medium,20171010,SP
3251,reconciliation,reconciliation,72229,091deda616c370d63f0bf9a3f525fb34,091deda616c370d63f0bf9a3f525fb34,recon_missing_items,"sold none vs paid 95.80 BRL, gap 95.80",medium,20170811,MG
3262,reconciliation,reconciliation,72982,dd3346a58fc7d6db3cb6f403c325ead9,dd3346a58fc7d6db3cb6f403c325ead9,recon_missing_items,"sold none vs paid 198.80 BRL, gap 198.80",medium,20180121,SP
2835,reconciliation,reconciliation,33651,fd4c3a2912e854eedd463b329540da4b,fd4c3a2912e854eedd463b329540da4b,recon_missing_items,"sold none vs paid 1395.76 BRL, gap 1395.76",medium,20171028,PR
2810,reconciliation,reconciliation,31186,a0c1632c3bd45c48bed924a7dae3a664,a0c1632c3bd45c48bed924a7dae3a664,recon_missing_items,"sold none vs paid 84.14 BRL, gap 84.14",medium,20180217,MG
2884,reconciliation,reconciliation,38288,8e4090f70c05cc129247bc0edc095dbd,8e4090f70c05cc129247bc0edc095dbd,recon_missing_items,"sold none vs paid 108.11 BRL, gap 108.11",medium,20180402,SP
3063,reconciliation,reconciliation,54673,e66e29f65af321ea428495d66066e809,e66e29f65af321ea428495d66066e809,recon_missing_items,"sold none vs paid 324.01 BRL, gap 324.01",medium,20170617,SP
2516,reconciliation,reconciliation,3095,5290c34bd38a8a095b885f13958db1e1,5290c34bd38a8a095b885f13958db1e1,recon_missing_items,"sold none vs paid 206.88 BRL, gap 206.88",medium,20180821,SP
2604,reconciliation,reconciliation,11183,629a524cbbd0a42a04f87ad39648d4ca,629a524cbbd0a42a04f87ad39648d4ca,recon_missing_items,"sold none vs paid 194.78 BRL, gap 194.78",medium,20180712,SP
2682,reconciliation,reconciliation,18971,f0f94b7c7548150f33f5d9e7597d396f,f0f94b7c7548150f33f5d9e7597d396f,recon_missing_items,"sold none vs paid 148.95 BRL, gap 148.95",medium,20180525,SP
3391,reconciliation,reconciliation,83231,e6152cd6ca627fc4f0f5deddea24f7c2,e6152cd6ca627fc4f0f5deddea24f7c2,recon_missing_items,"sold none vs paid 108.37 BRL, gap 108.37",medium,20171129,SP
3022,reconciliation,reconciliation,50771,bf27902e7735a428c81f52189dec50e4,bf27902e7735a428c81f52189dec50e4,recon_missing_items,"sold none vs paid 141.33 BRL, gap 141.33",medium,20171129,SC
3199,reconciliation,reconciliation,68290,8eeaa67e826a9308e63f4436bf00a8f2,8eeaa67e826a9308e63f4436bf00a8f2,recon_missing_items,"sold none vs paid 54.05 BRL, gap 54.05",medium,20180105,RN
2557,reconciliation,reconciliation,7360,2b3d870a4d670c91f15668cea4fe3aa5,2b3d870a4d670c91f15668cea4fe3aa5,recon_missing_items,"sold none vs paid 178.90 BRL, gap 178.90",medium,20180115,SP
3488,reconciliation,reconciliation,93728,c774761f8e5fbbd73a64408df5698ea7,c774761f8e5fbbd73a64408df5698ea7,recon_missing_items,"sold none vs paid 35.27 BRL, gap 35.27",medium,20171021,SC
3340,reconciliation,reconciliation,79911,8ac55ad4ce4706e06f7284f61746503a,8ac55ad4ce4706e06f7284f61746503a,recon_missing_items,"sold none vs paid 1272.51 BRL, gap 1272.51",medium,20170813,PR
2673,reconciliation,reconciliation,17922,64a58e424494f1f8ed5895885b9dfe16,64a58e424494f1f8ed5895885b9dfe16,recon_missing_items,"sold none vs paid 62.23 BRL, gap 62.23",medium,20171023,SP
3190,reconciliation,reconciliation,67232,735458a5d288ba55c03a10cb1b2dd481,735458a5d288ba55c03a10cb1b2dd481,recon_missing_items,"sold none vs paid 640.89 BRL, gap 640.89",medium,20180503,CE
3562,reconciliation,reconciliation,99416,5fabc81b6322c8443648e1b21a6fef21,5fabc81b6322c8443648e1b21a6fef21,recon_missing_items,"sold none vs paid 133.97 BRL, gap 133.97",medium,20171010,SP
2549,reconciliation,reconciliation,6608,b842e9225252d13f6af62ff4508d7c43,b842e9225252d13f6af62ff4508d7c43,recon_missing_items,"sold none vs paid 102.82 BRL, gap 102.82",medium,20170802,SP
2773,reconciliation,reconciliation,27451,ec60e48662eb9eaf9ae685a3afa56518,ec60e48662eb9eaf9ae685a3afa56518,recon_missing_items,"sold none vs paid 90.30 BRL, gap 90.30",medium,20180221,SP
2701,reconciliation,reconciliation,20696,1a41f24ba682e06e82dd1ce5f77b6f5e,1a41f24ba682e06e82dd1ce5f77b6f5e,recon_missing_items,"sold none vs paid 54.27 BRL, gap 54.27",medium,20170709,SP
3512,reconciliation,reconciliation,95337,9231cd28d094660487390045fec25a3b,9231cd28d094660487390045fec25a3b,recon_missing_items,"sold none vs paid 57.53 BRL, gap 57.53",medium,20170531,BA
2564,reconciliation,reconciliation,7638,c24b8b41e6857d59a27f2b150bb669d9,c24b8b41e6857d59a27f2b150bb669d9,recon_missing_items,"sold none vs paid 93.41 BRL, gap 93.41",medium,20180314,RS
3530,reconciliation,reconciliation,97336,8298521946fcd8c9f8b984aad6176694,8298521946fcd8c9f8b984aad6176694,recon_missing_items,"sold none vs paid 124.73 BRL, gap 124.73",medium,20170307,MA
3196,reconciliation,reconciliation,68101,20ff9b4b339b20ef47cfcda736a17a52,20ff9b4b339b20ef47cfcda736a17a52,recon_missing_items,"sold none vs paid 257.92 BRL, gap 257.92",medium,20180111,RJ
3032,reconciliation,reconciliation,52099,335f8f913a1d29120e07b6bb9847d73c,335f8f913a1d29120e07b6bb9847d73c,recon_missing_items,"sold none vs paid 92.76 BRL, gap 92.76",medium,20180512,SP
3011,reconciliation,reconciliation,49513,2d31315ad8289e1e63c8451715e80306,2d31315ad8289e1e63c8451715e80306,recon_missing_items,"sold none vs paid 192.66 BRL, gap 192.66",medium,20170907,SP
2499,reconciliation,reconciliation,1869,df8282afe61008dc26c6c31011474d02,df8282afe61008dc26c6c31011474d02,recon_missing_items,"sold none vs paid 139.96 BRL, gap 139.96",medium,20170304,PA
3506,reconciliation,reconciliation,95190,b31a540b397cb096c3c5252eab692c9a,b31a540b397cb096c3c5252eab692c9a,recon_missing_items,"sold none vs paid 90.71 BRL, gap 90.71",medium,20171124,PB
3136,reconciliation,reconciliation,62198,65fdcb432cb9cfa970e3a3817b39040d,65fdcb432cb9cfa970e3a3817b39040d,recon_missing_items,"sold none vs paid 84.58 BRL, gap 84.58",medium,20180829,MG
3448,reconciliation,reconciliation,88393,fdcca0e15a4d03e3fb89fb14664a3744,fdcca0e15a4d03e3fb89fb14664a3744,recon_missing_items,"sold none vs paid 29.59 BRL, gap 29.59",medium,20170911,RJ
3353,reconciliation,reconciliation,80798,983e16bfbe23e60f23a6fcb9c4792204,983e16bfbe23e60f23a6fcb9c4792204,recon_missing_items,"sold none vs paid 184.76 BRL, gap 184.76",medium,20170327,SP
3559,reconciliation,reconciliation,99284,3a3cddda5a7c27851bd96c3313412840,3a3cddda5a7c27851bd96c3313412840,recon_missing_items,"sold none vs paid 63.89 BRL, gap 63.89",medium,20180831,SP
2669,reconciliation,reconciliation,17328,151e44f3dd461fe0838b6f59f884749f,151e44f3dd461fe0838b6f59f884749f,recon_missing_items,"sold none vs paid 93.30 BRL, gap 93.30",medium,20180222,MG
3342,reconciliation,reconciliation,80020,1ad22e16129698e1a3cc11e4350d2cb7,1ad22e16129698e1a3cc11e4350d2cb7,recon_missing_items,"sold none vs paid 84.58 BRL, gap 84.58",medium,20180912,MG
3471,reconciliation,reconciliation,91422,ec88cd13421e27489ffc1f352247f3a4,ec88cd13421e27489ffc1f352247f3a4,recon_missing_items,"sold none vs paid 142.27 BRL, gap 142.27",medium,20180824,MG
2713,reconciliation,reconciliation,22129,b210c676cae65f95f7e08a49d195e1a1,b210c676cae65f95f7e08a49d195e1a1,recon_missing_items,"sold none vs paid 85.14 BRL, gap 85.14",medium,20170721,MG
3206,reconciliation,reconciliation,68701,c224c9c2f8598269441c76eca7720448,c224c9c2f8598269441c76eca7720448,recon_missing_items,"sold none vs paid 484.68 BRL, gap 484.68",medium,20171121,MG
2538,reconciliation,reconciliation,5643,c5a468ae781ffb0ec6d36ae89fe512b0,c5a468ae781ffb0ec6d36ae89fe512b0,recon_missing_items,"sold none vs paid 123.25 BRL, gap 123.25",medium,20170113,SP
3099,reconciliation,reconciliation,58463,73adddab7cd7e4f606280f98c137656a,73adddab7cd7e4f606280f98c137656a,recon_missing_items,"sold none vs paid 45.69 BRL, gap 45.69",medium,20170711,MG
2567,reconciliation,reconciliation,8012,4317fe882d992cda2fb3d51baeb2751c,4317fe882d992cda2fb3d51baeb2751c,recon_missing_items,"sold none vs paid 126.92 BRL, gap 126.92",medium,20171007,RS
3195,reconciliation,reconciliation,67964,5b9680f27b5067afded00b23f9cb4d61,5b9680f27b5067afded00b23f9cb4d61,recon_missing_items,"sold none vs paid 29.42 BRL, gap 29.42",medium,20170321,MG
3058,reconciliation,reconciliation,54197,9d4369173adc91c56c54ebba6712e732,9d4369173adc91c56c54ebba6712e732,recon_missing_items,"sold none vs paid 46.47 BRL, gap 46.47",medium,20171118,PR
2546,reconciliation,reconciliation,6313,f63be24880200ae32aa24f5b458a3dc3,f63be24880200ae32aa24f5b458a3dc3,recon_missing_items,"sold none vs paid 147.99 BRL, gap 147.99",medium,20170127,RJ
2973,reconciliation,reconciliation,46094,29380cfab5f9f5f233e2c71e16cadc68,29380cfab5f9f5f233e2c71e16cadc68,recon_missing_items,"sold none vs paid 34.79 BRL, gap 34.79",medium,20180509,SP
2781,reconciliation,reconciliation,28769,670e3b20191d3198a76069c8f9b12355,670e3b20191d3198a76069c8f9b12355,recon_missing_items,"sold none vs paid 72.12 BRL, gap 72.12",medium,20170203,RS
2943,reconciliation,reconciliation,42719,8256266a3e79c5c11593977b92fe7b1a,8256266a3e79c5c11593977b92fe7b1a,recon_missing_items,"sold none vs paid 55.11 BRL, gap 55.11",medium,20180118,SP
2900,reconciliation,reconciliation,39700,d05d7ff2f99a1360d7a4e4c902eee05f,d05d7ff2f99a1360d7a4e4c902eee05f,recon_missing_items,"sold none vs paid 734.06 BRL, gap 734.06",medium,20180328,SP
2655,reconciliation,reconciliation,16683,2ddc0120a9ee5d965a08b68f6a3e2885,2ddc0120a9ee5d965a08b68f6a3e2885,recon_missing_items,"sold none vs paid 67.36 BRL, gap 67.36",medium,20170924,SP
2760,reconciliation,reconciliation,25967,03d1edbd314ca7682ec0f3e67d3763e2,03d1edbd314ca7682ec0f3e67d3763e2,recon_missing_items,"sold none vs paid 74.03 BRL, gap 74.03",medium,20170629,SP
3466,reconciliation,reconciliation,90715,66e4a36ff490014773971a6ee0b6a0e4,66e4a36ff490014773971a6ee0b6a0e4,recon_missing_items,"sold none vs paid 310.90 BRL, gap 310.90",medium,20170620,SP
3104,reconciliation,reconciliation,59223,0a6b7c79b8c67dedc51f2dea7b4e1e59,0a6b7c79b8c67dedc51f2dea7b4e1e59,recon_missing_items,"sold none vs paid 230.50 BRL, gap 230.50",medium,20180113,ES
3125,reconciliation,reconciliation,61112,19bf02099b31db3f2f5d1bfb4fbf49c4,19bf02099b31db3f2f5d1bfb4fbf49c4,recon_missing_items,"sold none vs paid 111.00 BRL, gap 111.00",medium,20171102,SP
2766,reconciliation,reconciliation,26446,2e935fa1d39497aa0ec3f1107fbfb5b8,2e935fa1d39497aa0ec3f1107fbfb5b8,recon_missing_items,"sold none vs paid 18.37 BRL, gap 18.37",medium,20170929,SP
2575,reconciliation,reconciliation,8778,ad0f5b61c49281e7ccac5a986968f347,ad0f5b61c49281e7ccac5a986968f347,recon_missing_items,"sold none vs paid 70.59 BRL, gap 70.59",medium,20180724,SP
3382,reconciliation,reconciliation,82739,453d6f15ae1c7406d6ec6a5ee3909b82,453d6f15ae1c7406d6ec6a5ee3909b82,recon_missing_items,"sold none vs paid 77.19 BRL, gap 77.19",medium,20180209,RJ
2864,reconciliation,reconciliation,36519,5bcdec60d84d4495d0d90b64a3e81804,5bcdec60d84d4495d0d90b64a3e81804,recon_missing_items,"sold none vs paid 67.04 BRL, gap 67.04",medium,20171205,MG
2649,reconciliation,reconciliation,16232,5837a2c844decae8a778657425f6d664,5837a2c844decae8a778657425f6d664,recon_missing_items,"sold none vs paid 25.59 BRL, gap 25.59",medium,20170717,SP
2566,reconciliation,reconciliation,7993,30cdf125a8d4f89d00dee4b9af9194ee,30cdf125a8d4f89d00dee4b9af9194ee,recon_missing_items,"sold none vs paid 76.86 BRL, gap 76.86",medium,20171208,MG
3378,reconciliation,reconciliation,82543,7d576f29bdf44b7857414baff1c788b1,7d576f29bdf44b7857414baff1c788b1,recon_missing_items,"sold none vs paid 134.58 BRL, gap 134.58",medium,20171112,PR
2789,reconciliation,reconciliation,29546,61bc37c42c68767e75243b8c2061f5aa,61bc37c42c68767e75243b8c2061f5aa,recon_missing_items,"sold none vs paid 111.80 BRL, gap 111.80",medium,20180111,SP
3217,reconciliation,reconciliation,69423,574f906eedf477adaf3507222887d81f,574f906eedf477adaf3507222887d81f,recon_missing_items,"sold none vs paid 154.53 BRL, gap 154.53",medium,20180603,RS
2716,reconciliation,reconciliation,22547,5ae7a6fa175ab7b180b6c0142e5466e9,5ae7a6fa175ab7b180b6c0142e5466e9,recon_missing_items,"sold none vs paid 105.14 BRL, gap 105.14",medium,20170203,PR
2646,reconciliation,reconciliation,15883,252788350f9dad30b31847845fe119fe,252788350f9dad30b31847845fe119fe,recon_missing_items,"sold none vs paid 129.73 BRL, gap 129.73",medium,20170423,BA
2998,reconciliation,reconciliation,48033,607c1c3f926d9435d428d7aa7d52a1ed,607c1c3f926d9435d428d7aa7d52a1ed,recon_missing_items,"sold none vs paid 847.30 BRL, gap 847.30",medium,20180213,SP
2820,reconciliation,reconciliation,32114,2c990009034e1fc83904584b26b5fd25,2c990009034e1fc83904584b26b5fd25,recon_missing_items,"sold none vs paid 2234.70 BRL, gap 2234.70",medium,20180718,SP
2683,reconciliation,reconciliation,19108,b4ec6d93789e37e779f86f3b7a9982e5,b4ec6d93789e37e779f86f3b7a9982e5,recon_missing_items,"sold none vs paid 85.23 BRL, gap 85.23",medium,20171010,DF
2880,reconciliation,reconciliation,37782,51375acfdef4d742df94640aa60d385b,51375acfdef4d742df94640aa60d385b,recon_missing_items,"sold none vs paid 1643.64 BRL, gap 1643.64",medium,20171006,CE
3505,reconciliation,reconciliation,95181,a112ffd9157da040b7951b8bb6bb2fba,a112ffd9157da040b7951b8bb6bb2fba,recon_missing_items,"sold none vs paid 165.21 BRL, gap 165.21",medium,20170211,SP
2741,reconciliation,reconciliation,24550,f87f3a5e91df877dc36b65fb69ff2465,f87f3a5e91df877dc36b65fb69ff2465,recon_missing_items,"sold none vs paid 52.73 BRL, gap 52.73",medium,20180730,SP
2493,reconciliation,reconciliation,1161,2f634e2cebf8c0283e7ef0989f77d217,2f634e2cebf8c0283e7ef0989f77d217,recon_missing_items,"sold none vs paid 615.53 BRL, gap 615.53",medium,20170927,SP
3343,reconciliation,reconciliation,80091,2b0edc4c59d83dcef85466718c36a317,2b0edc4c59d83dcef85466718c36a317,recon_missing_items,"sold none vs paid 112.91 BRL, gap 112.91",medium,20170929,SP
2714,reconciliation,reconciliation,22232,81b7c7bbc8ec003eeb67d87441a6a148,81b7c7bbc8ec003eeb67d87441a6a148,recon_missing_items,"sold none vs paid 92.76 BRL, gap 92.76",medium,20180820,SP
3480,reconciliation,reconciliation,92289,8b08f0e729f58529ed03e763270f78d5,8b08f0e729f58529ed03e763270f78d5,recon_missing_items,"sold none vs paid 136.50 BRL, gap 136.50",medium,20170824,RJ
2563,reconciliation,reconciliation,7525,9b932dca249f9971b86dde2f2d7ad412,9b932dca249f9971b86dde2f2d7ad412,recon_missing_items,"sold none vs paid 66.42 BRL, gap 66.42",medium,20171120,SP
2905,reconciliation,reconciliation,39920,4637ca194b6387e2d538dc89b124b0ee,4637ca194b6387e2d538dc89b124b0ee,recon_missing_items,"sold none vs paid 0.00 BRL, gap 0.00",medium,20180903,SP
2492,reconciliation,reconciliation,1131,00b1cb0320190ca0daa2c88b35206009,00b1cb0320190ca0daa2c88b35206009,recon_missing_items,"sold none vs paid 0.00 BRL, gap 0.00",medium,20180828,SP
2911,reconciliation,reconciliation,40236,c8c528189310eaa44a745b8d9d26908b,c8c528189310eaa44a745b8d9d26908b,recon_missing_items,"sold none vs paid 0.00 BRL, gap 0.00",medium,20180828,SP
2886,reconciliation,reconciliation,38590,66b04218fe3a0af6ca54d243ecfb3737,66b04218fe3a0af6ca54d243ecfb3737,recon_installment_interest,"sold 44.69 vs paid 46.24 BRL, gap 1.55",low,20180203,ES
1897,data_quality,orders,63079,ef42ca96b36e758b3da05888aa8ad723,ef42ca96b36e758b3da05888aa8ad723,carrier_before_approval,handed to carrier 2018-04-23 23:04:02 before approval 2018-04-24 17:44:29,low,20180422,SP
1939,data_quality,orders,66338,4d5e865e4b64c8b33f8a81fd14731344,4d5e865e4b64c8b33f8a81fd14731344,carrier_before_approval,handed to carrier 2018-04-21 00:28:54 before approval 2018-04-24 19:20:25,low,20180420,PR
27,data_quality,order_payments,36472,a079628ac8002126e75f86b0f87332e4|2,a079628ac8002126e75f86b0f87332e4,payment_sequence_gap,payment_sequential jumps from 0 to 2,low,20180424,PA
1532,data_quality,orders,39672,ef18f5dcc7b8a44cbdb1a14de4164bd1,ef18f5dcc7b8a44cbdb1a14de4164bd1,carrier_before_approval,handed to carrier 2018-07-04 14:18:00 before approval 2018-07-05 16:32:54,low,20180704,SP
2754,reconciliation,reconciliation,25439,c02d29676287677de34ae218da13f8d1,c02d29676287677de34ae218da13f8d1,recon_installment_interest,"sold 92.57 vs paid 101.24 BRL, gap 8.67",low,20180120,SP
2250,data_quality,orders,87077,bc1b85147b5edbb7cbefcf5c1bd5ded9,bc1b85147b5edbb7cbefcf5c1bd5ded9,carrier_before_approval,handed to carrier 2018-07-24 15:16:00 before approval 2018-07-29 23:30:54,low,20180724,SP
1967,data_quality,orders,68234,0749c820395dd586556efd230c9d1bb9,0749c820395dd586556efd230c9d1bb9,carrier_before_approval,handed to carrier 2018-07-05 12:01:00 before approval 2018-07-05 16:25:09,low,20180704,SP
1078,data_quality,orders,9970,fea523ebb7e205d346f445544e0a18fd,fea523ebb7e205d346f445544e0a18fd,carrier_before_approval,handed to carrier 2018-08-17 13:35:00 before approval 2018-08-17 14:15:18,low,20180817,RJ
1936,data_quality,orders,66145,8dbf95d9c5478e672a3de4e316ab4d9a,8dbf95d9c5478e672a3de4e316ab4d9a,carrier_before_approval,handed to carrier 2018-07-05 10:45:00 before approval 2018-07-05 16:22:46,low,20180704,RN
3316,reconciliation,reconciliation,77604,ba21298fdb05dad91b7b31f4b3b17364,ba21298fdb05dad91b7b31f4b3b17364,recon_rounding,"sold 376.38 vs paid 376.40 BRL, gap 0.02",low,20180214,MG
2001,data_quality,orders,70101,cea25ef7695cbbf27888da010e3ddd2a,cea25ef7695cbbf27888da010e3ddd2a,carrier_before_approval,handed to carrier 2018-07-03 13:22:00 before approval 2018-07-05 16:06:14,low,20180629,PR
2195,data_quality,orders,83930,2e404f3ac4dd39d7054b4cbb88ce2c35,2e404f3ac4dd39d7054b4cbb88ce2c35,carrier_before_purchase,handed to carrier 2018-05-04 09:41:00 before purchase 2018-05-04 09:49:02,high,20180504,SP
3363,reconciliation,reconciliation,81319,93881917b8e0f2bf11eec7abbbfe43ec,93881917b8e0f2bf11eec7abbbfe43ec,recon_missing_items,"sold none vs paid 674.70 BRL, gap 674.70",medium,20180811,SP
3226,reconciliation,reconciliation,70015,cd80f267aabc7357c2caaa8848e1cd3c,cd80f267aabc7357c2caaa8848e1cd3c,recon_missing_items,"sold none vs paid 152.31 BRL, gap 152.31",medium,20171207,SP
3069,reconciliation,reconciliation,55087,35de4050331c6c644cddc86f4f2d0d64,35de4050331c6c644cddc86f4f2d0d64,recon_missing_items,"sold none vs paid 105.87 BRL, gap 105.87",high,20171205,RS
2882,reconciliation,reconciliation,38116,5c4e4e1d3abaee058758731094e9a7cc,5c4e4e1d3abaee058758731094e9a7cc,recon_missing_items,"sold none vs paid 230.61 BRL, gap 230.61",medium,20171204,MG
3040,reconciliation,reconciliation,52658,adf5a3d223336c6b7965f3027bb7ddc2,adf5a3d223336c6b7965f3027bb7ddc2,recon_missing_items,"sold none vs paid 75.44 BRL, gap 75.44",medium,20171113,MG
3039,reconciliation,reconciliation,52456,55aa287c6ca17e8c3262b9ef1e12fac6,55aa287c6ca17e8c3262b9ef1e12fac6,recon_missing_items,"sold none vs paid 759.25 BRL, gap 759.25",medium,20170304,SP
3001,reconciliation,reconciliation,48398,974f9f87a3bad01b2ac72fe987505e9b,974f9f87a3bad01b2ac72fe987505e9b,recon_missing_items,"sold none vs paid 91.18 BRL, gap 91.18",medium,20170609,MG
3012,reconciliation,reconciliation,49660,5f2dbe00a1732133a6809ae1af554123,5f2dbe00a1732133a6809ae1af554123,recon_missing_items,"sold none vs paid 227.04 BRL, gap 227.04",medium,20170206,SP
3050,reconciliation,reconciliation,53502,afb61112fb99b07fe17e591c68c0c84c,afb61112fb99b07fe17e591c68c0c84c,recon_missing_items,"sold none vs paid 2266.61 BRL, gap 2266.61",medium,20180906,SP
2582,reconciliation,reconciliation,9239,dba5062fbda3af4fb6c33b1e040ca38f,dba5062fbda3af4fb6c33b1e040ca38f,recon_missing_items,"sold none vs paid 137.60 BRL, gap 137.60",high,20180209,DF
3322,reconciliation,reconciliation,78225,32c75dfb830b25a968cfd39e54d315a3,32c75dfb830b25a968cfd39e54d315a3,recon_missing_items,"sold none vs paid 104.63 BRL, gap 104.63",medium,20171107,RS
2517,reconciliation,reconciliation,3460,2f30c0b1905c65a8ff6c6358bc909625,2f30c0b1905c65a8ff6c6358bc909625,recon_missing_items,"sold none vs paid 217.93 BRL, gap 217.93",medium,20171208,SP
3038,reconciliation,reconciliation,52447,31b91033dcb0502e616f40ced16dccc6,31b91033dcb0502e616f40ced16dccc6,recon_missing_items,"sold none vs paid 169.38 BRL, gap 169.38",medium,20170717,DF
3268,reconciliation,reconciliation,73373,3f2467ae6b5a92494a59e95de0d79ba8,3f2467ae6b5a92494a59e95de0d79ba8,recon_missing_items,"sold none vs paid 28.46 BRL, gap 28.46",medium,20180121,BA
2527,reconciliation,reconciliation,4606,b7be5e58fd37e6165dbb39e8362c8446,b7be5e58fd37e6165dbb39e8362c8446,recon_missing_items,"sold none vs paid 91.76 BRL, gap 91.76",medium,20170629,RN
2948,reconciliation,reconciliation,43698,0a5c74ccc786ced7903270de9d6c170a,0a5c74ccc786ced7903270de9d6c170a,recon_missing_items,"sold none vs paid 75.07 BRL, gap 75.07",medium,20180118,RJ
3453,reconciliation,reconciliation,89064,c581b368f1c9fc02caaa71e42809baf9,c581b368f1c9fc02caaa71e42809baf9,recon_missing_items,"sold none vs paid 64.22 BRL, gap 64.22",medium,20180810,RS
3455,reconciliation,reconciliation,89435,a536059a071793ef05e7e63cbac9d50e,a536059a071793ef05e7e63cbac9d50e,recon_missing_items,"sold none vs paid 248.80 BRL, gap 248.80",medium,20171120,SP
3398,reconciliation,reconciliation,83630,596288a27579ad1fec1d704efe7d9ab7,596288a27579ad1fec1d704efe7d9ab7,recon_missing_items,"sold none vs paid 327.60 BRL, gap 327.60",medium,20170830,SP
66,data_quality,order_payments,70970,f0f94b7c7548150f33f5d9e7597d396f|2,f0f94b7c7548150f33f5d9e7597d396f,payment_sequence_gap,payment_sequential jumps from 0 to 2,low,20180525,SP
49,data_quality,order_payments,51281,4637ca194b6387e2d538dc89b124b0ee|1,4637ca194b6387e2d538dc89b124b0ee,zero_value_payment,not_defined payment with value 0.00,low,20180903,SP
52,data_quality,order_payments,57412,00b1cb0320190ca0daa2c88b35206009|1,00b1cb0320190ca0daa2c88b35206009,zero_value_payment,not_defined payment with value 0.00,low,20180828,SP
89,data_quality,order_payments,94428,c8c528189310eaa44a745b8d9d26908b|1,c8c528189310eaa44a745b8d9d26908b,zero_value_payment,not_defined payment with value 0.00,low,20180828,SP
2194,data_quality,orders,83930,2e404f3ac4dd39d7054b4cbb88ce2c35,2e404f3ac4dd39d7054b4cbb88ce2c35,carrier_before_approval,handed to carrier 2018-05-04 09:41:00 before approval 2018-05-04 10:11:27,low,20180504,SP
48,data_quality,order_payments,51281,4637ca194b6387e2d538dc89b124b0ee|1,4637ca194b6387e2d538dc89b124b0ee,allowed_values,payment_type = 'not_defined' is not an allowed value,medium,20180903,SP
51,data_quality,order_payments,57412,00b1cb0320190ca0daa2c88b35206009|1,00b1cb0320190ca0daa2c88b35206009,allowed_values,payment_type = 'not_defined' is not an allowed value,medium,20180828,SP
88,data_quality,order_payments,94428,c8c528189310eaa44a745b8d9d26908b|1,c8c528189310eaa44a745b8d9d26908b,allowed_values,payment_type = 'not_defined' is not an allowed value,medium,20180828,SP
1375,data_quality,orders,28308,a1f5afc5fe7a4ee4bef93aab1e95772f,a1f5afc5fe7a4ee4bef93aab1e95772f,carrier_before_approval,handed to carrier 2017-05-09 08:48:36 before approval 2017-05-11 23:31:25,low,20170506,SP
1490,data_quality,orders,37477,f85a3babb8f57542a4493f9c45523501,f85a3babb8f57542a4493f9c45523501,carrier_before_approval,handed to carrier 2018-07-04 16:10:00 before approval 2018-07-05 16:33:19,low,20180704,PE
1464,data_quality,orders,35074,8283cb8792b84009b158a085333ee8b3,8283cb8792b84009b158a085333ee8b3,carrier_before_approval,handed to carrier 2018-04-23 19:21:04 before approval 2018-04-24 18:14:55,low,20180420,PE
1032,data_quality,orders,6993,a4652eb1954cd0c3121a95ba49122673,a4652eb1954cd0c3121a95ba49122673,carrier_before_approval,handed to carrier 2018-08-20 12:54:00 before approval 2018-08-20 13:30:48,low,20180819,DF
1178,data_quality,orders,16257,4b8f5652792df716a6e936ae0c78a935,4b8f5652792df716a6e936ae0c78a935,carrier_before_approval,handed to carrier 2017-06-26 13:05:19 before approval 2017-07-01 21:33:24,low,20170626,BA
1981,data_quality,orders,68989,5fbb36c2e55d34d7799cb74e65d73a62,5fbb36c2e55d34d7799cb74e65d73a62,carrier_before_approval,handed to carrier 2018-07-04 10:54:00 before approval 2018-07-05 16:04:47,low,20180703,MG
3016,reconciliation,reconciliation,50027,3fa397654fcf223b8d6f73a428c75041,3fa397654fcf223b8d6f73a428c75041,recon_installment_interest,"sold 86.09 vs paid 90.05 BRL, gap 3.96",low,20170316,ES
2301,data_quality,orders,90077,0ecc4db762e9de55ecdc2f22e468cfe9,0ecc4db762e9de55ecdc2f22e468cfe9,carrier_before_approval,handed to carrier 2018-07-04 15:15:00 before approval 2018-07-05 16:08:11,low,20180703,CE
2298,data_quality,orders,89909,34b7f8ccf3ab2ba8512fa244c3bab225,34b7f8ccf3ab2ba8512fa244c3bab225,carrier_before_approval,handed to carrier 2018-07-05 15:26:00 before approval 2018-07-05 16:32:49,low,20180704,SP
1397,data_quality,orders,29834,a0d0610703403a3ae85d5777c8c5897a,a0d0610703403a3ae85d5777c8c5897a,carrier_before_approval,handed to carrier 2018-08-09 14:04:00 before approval 2018-08-09 15:05:34,low,20180809,SP
1801,data_quality,orders,56708,14acf0ab4732322f187e0fd6871a6cbe,14acf0ab4732322f187e0fd6871a6cbe,carrier_before_approval,handed to carrier 2018-04-24 17:18:38 before approval 2018-04-24 18:48:58,low,20180421,PR
1917,data_quality,orders,65069,85b1e09d7a230790544ffb86902bf77b,85b1e09d7a230790544ffb86902bf77b,carrier_before_approval,handed to carrier 2018-06-05 14:25:00 before approval 2018-06-05 14:31:34,low,20180605,RJ
921,data_quality,orders,1032,95fa26b6ea476ed040e592e0a825d6f0,95fa26b6ea476ed040e592e0a825d6f0,carrier_before_approval,handed to carrier 2018-06-06 14:02:00 before approval 2018-06-06 14:13:02,low,20180606,RJ
3111,reconciliation,reconciliation,59720,6aaedd714ad6929fc4df8d51bd4cfe9a,6aaedd714ad6929fc4df8d51bd4cfe9a,recon_voucher_related,"sold 61.32 vs paid 62.99 BRL, gap 1.67",medium,20170208,ES
1431,data_quality,orders,32746,e803d4e56a315a38eb3a6d339b02278d,e803d4e56a315a38eb3a6d339b02278d,carrier_before_approval,handed to carrier 2018-07-05 14:12:00 before approval 2018-07-05 16:14:56,low,20180701,SP
1595,data_quality,orders,43695,8895673f81ae9b1b7ecd868bd707b243,8895673f81ae9b1b7ecd868bd707b243,carrier_before_approval,handed to carrier 2018-07-24 14:27:00 before approval 2018-07-27 23:31:15,low,20180722,RS
1689,data_quality,orders,48963,14a915a594225cec76a7c3628517a64a,14a915a594225cec76a7c3628517a64a,carrier_before_approval,handed to carrier 2018-07-05 15:34:00 before approval 2018-07-05 16:26:27,low,20180705,SP
2155,data_quality,orders,81236,5de443f7adc75b72230b61e63ce5007a,5de443f7adc75b72230b61e63ce5007a,carrier_before_approval,handed to carrier 2018-07-04 12:57:00 before approval 2018-07-05 16:02:24,low,20180629,RJ
2179,data_quality,orders,82717,41fe5122a99e994da33095efeb38f8a6,41fe5122a99e994da33095efeb38f8a6,carrier_before_approval,handed to carrier 2018-07-04 15:09:00 before approval 2018-07-05 16:26:43,low,20180704,SP
2464,data_quality,orders,99087,bb8871a92af73ddadeac0531a0787131,bb8871a92af73ddadeac0531a0787131,carrier_before_approval,handed to carrier 2018-08-01 15:03:00 before approval 2018-08-01 16:31:37,low,20180731,PR
1602,data_quality,orders,44239,16a10c94dc005b8e19195327eb853b21,16a10c94dc005b8e19195327eb853b21,carrier_before_approval,handed to carrier 2018-04-23 22:11:37 before approval 2018-04-24 19:06:49,low,20180420,RJ
1551,data_quality,orders,41255,af3afcbdb956d1e158a0cb3ebd336d84,af3afcbdb956d1e158a0cb3ebd336d84,carrier_before_approval,handed to carrier 2018-04-23 18:33:37 before approval 2018-04-24 19:18:09,low,20180422,DF
1749,data_quality,orders,52676,82ffe097d8ddbf319a523b9bbe7725d5,82ffe097d8ddbf319a523b9bbe7725d5,carrier_before_approval,handed to carrier 2018-04-23 16:52:42 before approval 2018-04-24 18:29:30,low,20180423,SP
3370,reconciliation,reconciliation,81926,6fa0c125ee7d870f6602c97e33d87bc5,6fa0c125ee7d870f6602c97e33d87bc5,recon_untracked_discount,"sold 47.31 vs paid 45.71 BRL, gap -1.60",medium,20180809,RJ
1445,data_quality,orders,33701,62ce1c9906369b2f38a1d3fb4472c306,62ce1c9906369b2f38a1d3fb4472c306,carrier_before_approval,handed to carrier 2018-07-05 13:53:00 before approval 2018-07-05 16:22:24,low,20180704,ES
3365,reconciliation,reconciliation,81532,a055f8239d18a2008883be78eb09cf41,a055f8239d18a2008883be78eb09cf41,recon_installment_interest,"sold 78.50 vs paid 90.67 BRL, gap 12.17",low,20180804,ES
1327,data_quality,orders,25703,9bccdd3552c2a68af6d166dfd82be6ba,9bccdd3552c2a68af6d166dfd82be6ba,carrier_before_approval,handed to carrier 2018-04-23 18:16:54 before approval 2018-04-24 18:05:57,low,20180421,SP
933,data_quality,orders,1426,6672ea757b340c6ebd644244a2c982ae,6672ea757b340c6ebd644244a2c982ae,carrier_before_approval,handed to carrier 2018-07-04 15:11:00 before approval 2018-07-05 16:31:59,low,20180703,SP
1863,data_quality,orders,60629,c8fa48f1b2af19f06cd1ca3b5533bd0e,c8fa48f1b2af19f06cd1ca3b5533bd0e,carrier_before_approval,handed to carrier 2018-07-05 13:59:00 before approval 2018-07-05 16:30:49,low,20180703,SC
1531,data_quality,orders,39361,4e16f71b2a5ddc0266f9ddfdfd0bcfba,4e16f71b2a5ddc0266f9ddfdfd0bcfba,carrier_before_approval,handed to carrier 2018-07-24 15:09:00 before approval 2018-07-27 23:30:54,low,20180722,SP
1698,data_quality,orders,49739,38e0cb80c67af61efd491a83aed8c8be,38e0cb80c67af61efd491a83aed8c8be,carrier_before_approval,handed to carrier 2018-07-25 14:06:00 before approval 2018-07-25 23:32:02,low,20180720,MG
1422,data_quality,orders,31776,ef5555014add0fdfbe3f34f85365f650,ef5555014add0fdfbe3f34f85365f650,carrier_before_approval,handed to carrier 2018-07-23 09:34:00 before approval 2018-07-23 11:31:42,low,20180722,SP
3020,reconciliation,reconciliation,50624,e73fe43cdcd166f7f0c6e3c2bf11a917,e73fe43cdcd166f7f0c6e3c2bf11a917,recon_untracked_discount,"sold 59.00 vs paid 56.50 BRL, gap -2.50",medium,20180809,SP
909,data_quality,orders,16,dcb36b511fcac050b97cd5c05de84dc3,dcb36b511fcac050b97cd5c05de84dc3,carrier_before_approval,handed to carrier 2018-06-11 14:54:00 before approval 2018-06-12 23:31:02,low,20180607,GO
2162,data_quality,orders,81926,6fa0c125ee7d870f6602c97e33d87bc5,6fa0c125ee7d870f6602c97e33d87bc5,carrier_before_approval,handed to carrier 2018-08-14 15:43:00 before approval 2018-08-20 15:59:54,low,20180809,RJ
1713,data_quality,orders,50624,e73fe43cdcd166f7f0c6e3c2bf11a917,e73fe43cdcd166f7f0c6e3c2bf11a917,carrier_before_approval,handed to carrier 2018-08-14 14:48:00 before approval 2018-08-20 15:57:28,low,20180809,SP
1061,data_quality,orders,9063,f2ec7f6dc805433a2e8552ab56ef33bc,f2ec7f6dc805433a2e8552ab56ef33bc,carrier_before_approval,handed to carrier 2018-07-04 13:01:00 before approval 2018-07-05 16:33:01,low,20180703,SP
1444,data_quality,orders,33692,3f510ee6758ee5af3f189cbf3a3393a1,3f510ee6758ee5af3f189cbf3a3393a1,carrier_before_approval,handed to carrier 2018-06-07 14:08:00 before approval 2018-06-07 14:20:39,low,20180607,RJ
2251,data_quality,orders,87134,a87d8e4358ec8697c2eb5dbcc42f8330,a87d8e4358ec8697c2eb5dbcc42f8330,carrier_before_approval,handed to carrier 2018-08-02 11:54:00 before approval 2018-08-06 23:31:34,low,20180801,MG
936,data_quality,orders,1858,07ad2a87dfce684f0b6a23886db925c9,07ad2a87dfce684f0b6a23886db925c9,carrier_before_approval,handed to carrier 2017-04-28 10:05:52 before approval 2017-04-28 11:41:28,low,20170427,SC
1667,data_quality,orders,47682,77fbc4cdd3be2594cbb02bac5e3ce914,77fbc4cdd3be2594cbb02bac5e3ce914,carrier_before_approval,handed to carrier 2018-07-03 12:28:00 before approval 2018-07-05 16:32:23,low,20180703,BA
3244,reconciliation,reconciliation,71635,87440e08790d85796f5b8bc9f5ed2707,87440e08790d85796f5b8bc9f5ed2707,recon_rounding,"sold 362.36 vs paid 362.38 BRL, gap 0.02",low,20180726,SP
1127,data_quality,orders,13141,c1eee1544b567f58a25bad708d0d41bb,c1eee1544b567f58a25bad708d0d41bb,carrier_before_approval,handed to carrier 2018-04-24 18:02:25 before approval 2018-04-24 19:24:32,low,20180423,SP
1951,data_quality,orders,67262,9dcef670d743a0deba5b2598d7121679,9dcef670d743a0deba5b2598d7121679,carrier_before_approval,handed to carrier 2018-01-31 18:25:16 before approval 2018-02-04 23:31:46,low,20180130,SP
2174,data_quality,orders,82556,d5178e0be8a5c76644351dfc6eaddfb2,d5178e0be8a5c76644351dfc6eaddfb2,carrier_before_approval,handed to carrier 2018-04-23 19:34:51 before approval 2018-04-24 18:39:38,low,20180420,MG
1394,data_quality,orders,29513,7056ed3b6f11b379db7915d1f6a69ad9,7056ed3b6f11b379db7915d1f6a69ad9,carrier_before_approval,handed to carrier 2018-04-23 19:03:25 before approval 2018-04-24 19:06:41,low,20180421,RJ
1983,data_quality,orders,69147,77ff811b9df5550b4691cc8b4bb4902a,77ff811b9df5550b4691cc8b4bb4902a,carrier_before_approval,handed to carrier 2018-07-05 13:03:00 before approval 2018-07-05 16:08:45,low,20180703,BA
3552,reconciliation,reconciliation,99143,7b598857cddf46a156640f69f70a6e6d,7b598857cddf46a156640f69f70a6e6d,recon_rounding,"sold 741.31 vs paid 741.33 BRL, gap 0.02",low,20180725,SP
2197,data_quality,orders,84103,5d30afe97f086b0a5cd532422514c3b1,5d30afe97f086b0a5cd532422514c3b1,carrier_before_approval,handed to carrier 2018-07-05 13:14:00 before approval 2018-07-05 16:31:20,low,20180704,SP
3157,reconciliation,reconciliation,63758,3f3d5f3033e9139ee7290ce6c74b6b79,3f3d5f3033e9139ee7290ce6c74b6b79,recon_installment_interest,"sold 75.63 vs paid 80.90 BRL, gap 5.27",low,20171203,RS
2438,data_quality,orders,98110,b504b1a3e9c083d7bf927d4b322922eb,b504b1a3e9c083d7bf927d4b322922eb,carrier_before_approval,handed to carrier 2018-04-24 15:49:11 before approval 2018-04-24 19:10:33,low,20180422,PR
1284,data_quality,orders,23171,3c082ca49aaf1923e87b34e1375a1413,3c082ca49aaf1923e87b34e1375a1413,carrier_before_approval,handed to carrier 2018-07-04 14:19:00 before approval 2018-07-05 16:35:02,low,20180701,SP
2105,data_quality,orders,77094,c0d68ca2e27d53c566c02dc89021ee76,c0d68ca2e27d53c566c02dc89021ee76,carrier_before_approval,handed to carrier 2018-08-03 15:04:00 before approval 2018-08-03 15:23:56,low,20180803,SP
1170,data_quality,orders,15911,6d482de66fa3ace9fc873ae40f19c4a6,6d482de66fa3ace9fc873ae40f19c4a6,carrier_before_approval,handed to carrier 2018-07-24 15:31:00 before approval 2018-07-25 23:31:51,low,20180720,SP
1514,data_quality,orders,38745,31a200fac55455bb8b28d747b21cfb83,31a200fac55455bb8b28d747b21cfb83,carrier_before_approval,handed to carrier 2018-07-04 10:17:00 before approval 2018-07-05 16:20:52,low,20180703,SP
1171,data_quality,orders,15912,65c103df35abbe57462ae508a41fe3a3,65c103df35abbe57462ae508a41fe3a3,carrier_before_approval,handed to carrier 2018-07-05 15:51:00 before approval 2018-07-05 16:31:14,low,20180703,SP
2491,reconciliation,reconciliation,1127,74016effecaa79d592487f6a4ee47d4b,74016effecaa79d592487f6a4ee47d4b,recon_installment_interest,"sold 51.51 vs paid 56.96 BRL, gap 5.45",low,20170218,RJ
3230,reconciliation,reconciliation,70175,8d282c2ddced263b2c6ddf398e3fb6dc,8d282c2ddced263b2c6ddf398e3fb6dc,recon_installment_interest,"sold 298.18 vs paid 318.96 BRL, gap 20.78",low,20180104,PI
1845,data_quality,orders,59932,85f900f229f817bf7e71ed0c9fdb4fa3,85f900f229f817bf7e71ed0c9fdb4fa3,carrier_before_approval,handed to carrier 2018-04-24 16:47:49 before approval 2018-04-24 18:23:50,low,20180423,SP
1099,data_quality,orders,11231,19a870c81a3ab57258a090b0976ec5ee,19a870c81a3ab57258a090b0976ec5ee,carrier_before_approval,handed to carrier 2018-07-04 13:44:00 before approval 2018-07-05 16:21:33,low,20180703,SP
963,data_quality,orders,3363,03e94224875e6dec154cc7a142ce5de2,03e94224875e6dec154cc7a142ce5de2,carrier_before_approval,handed to carrier 2018-04-24 17:42:08 before approval 2018-04-24 18:11:03,low,20180423,SP
2051,data_quality,orders,73544,4fe46529fed4601ccb07ba71cc357567,4fe46529fed4601ccb07ba71cc357567,carrier_before_approval,handed to carrier 2018-07-11 12:26:00 before approval 2018-07-13 16:06:57,low,20180710,MT
1580,data_quality,orders,42300,e6905b52f294e4e2acc73bbb588038b3,e6905b52f294e4e2acc73bbb588038b3,carrier_before_approval,handed to carrier 2018-04-23 20:46:38 before approval 2018-04-24 19:06:33,low,20180422,CE
1929,data_quality,orders,66004,dba025e9db06809a86eb497cbdf12dca,dba025e9db06809a86eb497cbdf12dca,carrier_before_approval,handed to carrier 2018-04-24 16:17:10 before approval 2018-04-24 17:16:24,low,20180423,SP
1634,data_quality,orders,45967,d3fa993cd95accac6c3d0b7e51dffcda,d3fa993cd95accac6c3d0b7e51dffcda,carrier_before_approval,handed to carrier 2018-07-05 12:05:00 before approval 2018-07-05 16:32:09,low,20180703,RJ
1966,data_quality,orders,68213,98dbf8445c584d2354afd1a0ad55c033,98dbf8445c584d2354afd1a0ad55c033,carrier_before_approval,handed to carrier 2018-07-05 15:49:00 before approval 2018-07-05 16:09:14,low,20180705,SP
2460,data_quality,orders,98885,67884ec2877808808c25211dce58689b,67884ec2877808808c25211dce58689b,carrier_before_approval,handed to carrier 2017-05-10 11:43:58 before approval 2017-05-12 21:33:56,low,20170507,SP
2577,reconciliation,reconciliation,9025,596b168ac4fd56e69b35087afaa8ae59,596b168ac4fd56e69b35087afaa8ae59,recon_installment_interest,"sold 29.83 vs paid 31.21 BRL, gap 1.38",low,20180601,ES
2308,data_quality,orders,90266,93f610a3cfcf2420d96bca828098c8c2,93f610a3cfcf2420d96bca828098c8c2,carrier_before_approval,handed to carrier 2018-07-04 10:48:00 before approval 2018-07-05 16:32:10,low,20180703,SP
1200,data_quality,orders,17374,67274e3826cb110f3d0cb45f33c2275e,67274e3826cb110f3d0cb45f33c2275e,carrier_before_approval,handed to carrier 2018-07-03 15:16:00 before approval 2018-07-05 16:27:40,low,20180703,SP
2291,data_quality,orders,89543,8e80c9ae33f2cff714311666eb2e71b1,8e80c9ae33f2cff714311666eb2e71b1,carrier_before_approval,handed to carrier 2018-04-27 14:35:00 before approval 2018-04-27 14:52:18,low,20180427,DF
2,data_quality,order_payments,2192,510bff1cf06be1143d3b6698df2fd486|2,510bff1cf06be1143d3b6698df2fd486,payment_sequence_gap,payment_sequential jumps from 0 to 2,low,20180220,RJ
1681,data_quality,orders,48574,eedc6468311e8bd6f486d10ceef187f9,eedc6468311e8bd6f486d10ceef187f9,carrier_before_approval,handed to carrier 2018-04-24 19:11:44 before approval 2018-04-24 19:22:41,low,20180422,BA
80,data_quality,order_payments,82132,cc78407c0a27d3450010482ad091d498|2,cc78407c0a27d3450010482ad091d498,payment_sequence_gap,payment_sequential jumps from 0 to 2,low,20180120,RJ
3426,reconciliation,reconciliation,86142,7955ebc3660bd2a004a4eaa016b3a190,7955ebc3660bd2a004a4eaa016b3a190,recon_installment_interest,"sold 77.57 vs paid 82.98 BRL, gap 5.41",low,20170523,SP
1301,data_quality,orders,24532,e0ac12de8c4f2398d96dd807818adaf8,e0ac12de8c4f2398d96dd807818adaf8,carrier_before_approval,handed to carrier 2018-04-24 17:51:05 before approval 2018-04-24 18:12:14,low,20180423,DF
2184,data_quality,orders,82887,666ede5bf7b6eebd0d2f61795ee14149,666ede5bf7b6eebd0d2f61795ee14149,carrier_before_approval,handed to carrier 2018-07-05 14:02:00 before approval 2018-07-05 16:31:46,low,20180704,SP
1687,data_quality,orders,48852,476a432306780038e2403c30235817e7,476a432306780038e2403c30235817e7,carrier_before_approval,handed to carrier 2018-04-24 14:14:32 before approval 2018-04-24 17:48:13,low,20180422,SP
1309,data_quality,orders,24824,6d1832bd42dccbd91d1ce32da7f54492,6d1832bd42dccbd91d1ce32da7f54492,carrier_before_approval,handed to carrier 2018-07-03 19:25:00 before approval 2018-07-05 16:19:44,low,20180701,SP
2151,data_quality,orders,80975,71ccac4998b863217b4480c50294b465,71ccac4998b863217b4480c50294b465,carrier_before_approval,handed to carrier 2017-08-01 19:45:56 before approval 2017-08-02 08:32:55,low,20170731,SP
2322,data_quality,orders,91063,5b8c38123823347dea1d23abd2635c21,5b8c38123823347dea1d23abd2635c21,carrier_before_approval,handed to carrier 2018-07-05 12:23:00 before approval 2018-07-05 16:31:26,low,20180704,BA
3445,reconciliation,reconciliation,88184,2fadef94d26b8d88791d48a31129380d,2fadef94d26b8d88791d48a31129380d,recon_installment_interest,"sold 57.69 vs paid 61.04 BRL, gap 3.35",low,20180317,SP
1048,data_quality,orders,8064,47252c5b9ec88c714460e3e34fb08d5d,47252c5b9ec88c714460e3e34fb08d5d,carrier_before_approval,handed to carrier 2018-06-11 14:49:00 before approval 2018-06-12 09:37:25,low,20180611,SP
2765,reconciliation,reconciliation,26402,d573cf2d2bd145e4bc855132a6c815af,d573cf2d2bd145e4bc855132a6c815af,recon_rounding,"sold 962.34 vs paid 962.31 BRL, gap -0.03",low,20171103,MT
1410,data_quality,orders,30878,de0bf4e0a4d6dd65281279bfbbb815c9,de0bf4e0a4d6dd65281279bfbbb815c9,carrier_before_approval,handed to carrier 2018-07-04 14:02:00 before approval 2018-07-05 16:40:46,low,20180704,SP
1815,data_quality,orders,57708,f15eda4eee582fbfebc330748f24e208,f15eda4eee582fbfebc330748f24e208,carrier_before_approval,handed to carrier 2018-07-05 15:30:00 before approval 2018-07-05 16:32:52,low,20180704,RS
1184,data_quality,orders,16546,d477ea450bb767cf9e8bea5fde7336d8,d477ea450bb767cf9e8bea5fde7336d8,carrier_before_approval,handed to carrier 2017-04-27 10:59:36 before approval 2017-04-27 13:36:39,low,20170426,SP
940,data_quality,orders,1914,3f6a06dd65ecc8c3c8bf73dd9f5ade29,3f6a06dd65ecc8c3c8bf73dd9f5ade29,carrier_before_approval,handed to carrier 2018-07-04 13:55:00 before approval 2018-07-05 16:04:10,low,20180629,MA
2591,reconciliation,reconciliation,10251,aa6bd33ba1853d846d3085a88ae37083,aa6bd33ba1853d846d3085a88ae37083,recon_unexplained,"sold 35.14 vs paid 25.14 BRL, gap -10.00",high,20180810,DF
2392,data_quality,orders,94991,ed2c99c57389c865c573a025e1d6d34c,ed2c99c57389c865c573a025e1d6d34c,carrier_before_approval,handed to carrier 2018-07-04 14:40:00 before approval 2018-07-05 16:05:45,low,20180630,SP
2465,data_quality,orders,99092,240ead1a7284667e0ec71d01f80e4d5e,240ead1a7284667e0ec71d01f80e4d5e,carrier_before_approval,handed to carrier 2018-07-05 14:11:00 before approval 2018-07-05 16:17:59,low,20180702,SP
1725,data_quality,orders,51174,d54bea5ba90238aa83323565749538a1,d54bea5ba90238aa83323565749538a1,carrier_before_approval,handed to carrier 2018-04-24 17:16:31 before approval 2018-04-24 18:33:58,low,20180422,RJ
2270,data_quality,orders,88197,c72e93d7e98b14432271347cec69043b,c72e93d7e98b14432271347cec69043b,carrier_before_approval,handed to carrier 2017-04-27 08:04:28 before approval 2017-04-27 13:32:48,low,20170425,PR
1766,data_quality,orders,54229,30f1c325f7c1c138e27a82ba984ee5bc,30f1c325f7c1c138e27a82ba984ee5bc,carrier_before_approval,handed to carrier 2018-07-04 15:09:00 before approval 2018-07-05 16:09:29,low,20180702,MS
1242,data_quality,orders,20778,1b3b7a453b2e73b50b194401c0da944d,1b3b7a453b2e73b50b194401c0da944d,carrier_before_approval,handed to carrier 2018-05-09 13:39:00 before approval 2018-05-09 13:51:24,low,20180509,TO
2119,data_quality,orders,78525,08b9d47b3be61595c61eddc50b42ee02,08b9d47b3be61595c61eddc50b42ee02,carrier_before_approval,handed to carrier 2017-08-01 18:48:48 before approval 2017-08-02 08:35:26,low,20170728,SP
1583,data_quality,orders,42640,261a70322fb6e56501d54f81cf525f15,261a70322fb6e56501d54f81cf525f15,carrier_before_approval,handed to carrier 2018-04-23 15:22:30 before approval 2018-04-24 18:56:07,low,20180420,SP
3456,reconciliation,reconciliation,89517,1811959f3ced8abc0645c21285a5a4d5,1811959f3ced8abc0645c21285a5a4d5,recon_installment_interest,"sold 74.57 vs paid 79.78 BRL, gap 5.21",low,20170228,SC
1758,data_quality,orders,53602,e9ce8d3f379bf3d70e4af85174e1841f,e9ce8d3f379bf3d70e4af85174e1841f,carrier_before_approval,handed to carrier 2017-08-01 18:12:05 before approval 2017-08-02 08:34:47,low,20170729,RS
2110,data_quality,orders,77309,c43428e158013a24ec4a18007fd99082,c43428e158013a24ec4a18007fd99082,carrier_before_approval,handed to carrier 2017-08-01 20:52:26 before approval 2017-08-02 08:33:11,low,20170731,SP
983,data_quality,orders,4168,246b14cc444e8a7df0afd80495dfa052,246b14cc444e8a7df0afd80495dfa052,carrier_before_approval,handed to carrier 2018-07-05 14:58:00 before approval 2018-07-05 16:33:20,low,20180704,SP
2097,data_quality,orders,76369,c88226c0be178bf303537e6ffddc8dc3,c88226c0be178bf303537e6ffddc8dc3,carrier_before_approval,handed to carrier 2018-04-23 18:36:56 before approval 2018-04-24 19:21:59,low,20180420,PR
2135,data_quality,orders,79396,fea37071a9fe1444fc1ed7f316b68478,fea37071a9fe1444fc1ed7f316b68478,carrier_before_approval,handed to carrier 2018-07-05 11:08:00 before approval 2018-07-05 16:09:17,low,20180704,SP
2061,data_quality,orders,74109,f54b0f9fdbe3e0a69bcc611b4f3de1f4,f54b0f9fdbe3e0a69bcc611b4f3de1f4,carrier_before_approval,handed to carrier 2018-01-08 22:58:46 before approval 2018-01-10 10:06:32,low,20180106,PR
2080,data_quality,orders,75088,ac05f13680c4e4da78427313ecbe0a6e,ac05f13680c4e4da78427313ecbe0a6e,carrier_before_approval,handed to carrier 2018-07-05 13:10:00 before approval 2018-07-05 16:30:33,low,20180705,ES
968,data_quality,orders,3623,ef2ca7d8cb8ec4ec022a77785b6b48ff,ef2ca7d8cb8ec4ec022a77785b6b48ff,carrier_before_approval,handed to carrier 2018-06-12 13:06:00 before approval 2018-06-12 13:24:28,low,20180612,SC
1307,data_quality,orders,24716,d80f699fe4f9cb9ee6be99a1ff5c3944,d80f699fe4f9cb9ee6be99a1ff5c3944,carrier_before_approval,handed to carrier 2018-07-05 15:02:00 before approval 2018-07-05 16:27:45,low,20180704,TO
991,data_quality,orders,4679,04323742e042716e4427a5b3536ea08f,04323742e042716e4427a5b3536ea08f,carrier_before_approval,handed to carrier 2018-04-23 21:21:18 before approval 2018-04-24 17:43:07,low,20180423,SP
3178,reconciliation,reconciliation,66197,dd7a24d1088cf9ed90329fb0dee088f4,dd7a24d1088cf9ed90329fb0dee088f4,recon_installment_interest,"sold 259.31 vs paid 293.07 BRL, gap 33.76",low,20170627,SP
1353,data_quality,orders,27401,9a1be11e9a732a340c3bec3b390debeb,9a1be11e9a732a340c3bec3b390debeb,carrier_before_approval,handed to carrier 2018-07-04 08:41:00 before approval 2018-07-05 16:07:17,low,20180703,MG
1771,data_quality,orders,54661,22f4dea7b1810fd75107dad133794113,22f4dea7b1810fd75107dad133794113,carrier_before_approval,handed to carrier 2018-05-30 14:50:00 before approval 2018-05-30 14:57:36,low,20180530,MG
948,data_quality,orders,2626,7cb67275a494651008ed5b1f0353ddce,7cb67275a494651008ed5b1f0353ddce,carrier_before_approval,handed to carrier 2018-07-03 10:18:00 before approval 2018-07-05 16:27:53,low,20180630,RS
21,data_quality,order_payments,27192,00ac05fe0fc047c54418098eb64e3aaa|2,00ac05fe0fc047c54418098eb64e3aaa,payment_sequence_gap,payment_sequential jumps from 0 to 2,low,20180218,RJ
1381,data_quality,orders,28705,b7a8a6b5eb0a253e2d80e80bb3badbe2,b7a8a6b5eb0a253e2d80e80bb3badbe2,carrier_before_approval,handed to carrier 2018-04-23 19:36:27 before approval 2018-04-24 18:03:14,low,20180419,ES
1274,data_quality,orders,22766,dd38bb2616d4486d83368c43f16e04eb,dd38bb2616d4486d83368c43f16e04eb,carrier_before_approval,handed to carrier 2018-07-03 15:22:00 before approval 2018-07-05 16:26:52,low,20180701,MG
2234,data_quality,orders,86374,8f1a2266f747c7d0e62d992a6b411c60,8f1a2266f747c7d0e62d992a6b411c60,carrier_before_approval,handed to carrier 2018-06-20 13:43:00 before approval 2018-06-20 14:38:47,low,20180619,SP
2178,data_quality,orders,82623,95e418ea130a24742051eb864d986af5,95e418ea130a24742051eb864d986af5,carrier_before_approval,handed to carrier 2018-04-23 18:46:51 before approval 2018-04-24 18:34:12,low,20180421,PR
3078,reconciliation,reconciliation,55970,e2cba9bee26acacfd8100088c465cce4,e2cba9bee26acacfd8100088c465cce4,recon_installment_interest,"sold 51.75 vs paid 54.74 BRL, gap 2.99",low,20171219,SP
2296,data_quality,orders,89864,1803c7e9eee1785304c1266d06ee1f8f,1803c7e9eee1785304c1266d06ee1f8f,carrier_before_approval,handed to carrier 2018-07-04 14:08:00 before approval 2018-07-05 16:40:17,low,20180703,PR
2265,data_quality,orders,88040,3843764d4f30d3653388f1b55c3a9ac5,3843764d4f30d3653388f1b55c3a9ac5,carrier_before_approval,handed to carrier 2018-07-03 15:47:00 before approval 2018-07-05 16:09:12,low,20180703,PR
2074,data_quality,orders,74635,8a9c9e6f36131fb108495efe07936f02,8a9c9e6f36131fb108495efe07936f02,carrier_before_approval,handed to carrier 2018-04-23 20:12:56 before approval 2018-04-24 18:06:13,low,20180421,SP
3511,reconciliation,reconciliation,95285,1cb61aaa63135f552055cf1932adf3be,1cb61aaa63135f552055cf1932adf3be,recon_rounding,"sold 293.64 vs paid 293.66 BRL, gap 0.02",low,20180425,RS
2875,reconciliation,reconciliation,37466,82b5afc1133f4b14abbcb31fd3a3fa5d,82b5afc1133f4b14abbcb31fd3a3fa5d,recon_installment_interest,"sold 61.01 vs paid 67.46 BRL, gap 6.45",low,20171228,MG
1240,data_quality,orders,20652,80759217e6015f8b5a0582f6f216bb09,80759217e6015f8b5a0582f6f216bb09,carrier_before_approval,handed to carrier 2018-04-24 18:48:37 before approval 2018-04-24 19:17:11,low,20180421,SP
2542,reconciliation,reconciliation,6052,5ddee063fdf0f2a5c828b499fb857e85,5ddee063fdf0f2a5c828b499fb857e85,recon_installment_interest,"sold 57.61 vs paid 65.10 BRL, gap 7.49",low,20180816,SP
2326,data_quality,orders,91178,04b7151492b049661380a47e0449f9b6,04b7151492b049661380a47e0449f9b6,carrier_before_approval,handed to carrier 2018-07-04 11:24:00 before approval 2018-07-05 16:03:57,low,20180702,PR
1493,data_quality,orders,37638,763ff34638f08b1e6b6135c197e3a937,763ff34638f08b1e6b6135c197e3a937,carrier_before_approval,handed to carrier 2018-08-17 14:42:00 before approval 2018-08-17 14:46:52,low,20180817,SP
1621,data_quality,orders,45275,3d85885db63d8328e4dbaa59804ad1ee,3d85885db63d8328e4dbaa59804ad1ee,carrier_before_approval,handed to carrier 2018-07-24 14:21:00 before approval 2018-07-27 23:31:16,low,20180722,MT
1124,data_quality,orders,13126,04ca915235b56ef2ce81703cdaa6a24b,04ca915235b56ef2ce81703cdaa6a24b,carrier_before_approval,handed to carrier 2018-07-05 11:14:00 before approval 2018-07-05 16:20:57,low,20180704,MG
3228,reconciliation,reconciliation,70049,320dcf288de15e4ff06ebbfce4e42c78,320dcf288de15e4ff06ebbfce4e42c78,recon_untracked_discount,"sold 87.55 vs paid 81.37 BRL, gap -6.18",medium,20180826,SP
1547,data_quality,orders,40977,388c070ce42d3ccaedfd15662e09631d,388c070ce42d3ccaedfd15662e09631d,carrier_before_approval,handed to carrier 2018-04-23 17:31:51 before approval 2018-04-24 18:58:14,low,20180421,RJ
2148,data_quality,orders,80539,ed1d4b46f3903db668554c9c5b5a1d16,ed1d4b46f3903db668554c9c5b5a1d16,carrier_before_approval,handed to carrier 2018-04-23 20:12:54 before approval 2018-04-24 19:01:18,low,20180421,RJ
1010,data_quality,orders,5589,d8e084f74fa06f591e326975ca18a905,d8e084f74fa06f591e326975ca18a905,carrier_before_approval,handed to carrier 2018-07-25 14:14:00 before approval 2018-07-27 23:30:45,low,20180722,SP
1366,data_quality,orders,27872,1452442fe3e8cc6d3a1a8d8fc92dc019,1452442fe3e8cc6d3a1a8d8fc92dc019,carrier_before_approval,handed to carrier 2018-04-23 23:17:36 before approval 2018-04-24 18:37:45,low,20180419,MG
2700,reconciliation,reconciliation,20686,061c97a9bd7911f9d2031e1b820c344f,061c97a9bd7911f9d2031e1b820c344f,recon_installment_interest,"sold 315.26 vs paid 329.80 BRL, gap 14.54",low,20170421,SP
3360,reconciliation,reconciliation,81221,513a94a0164453b4777d125b836f7ca1,513a94a0164453b4777d125b836f7ca1,recon_installment_interest,"sold 208.19 vs paid 240.47 BRL, gap 32.28",low,20180611,RS
1937,data_quality,orders,66215,c042c97fd633f5e705a44361fb468828,c042c97fd633f5e705a44361fb468828,carrier_before_approval,handed to carrier 2018-07-05 13:08:00 before approval 2018-07-05 16:21:52,low,20180704,RJ
1705,data_quality,orders,50157,febbb5a06ba3e1a76d7074adb56ff587,febbb5a06ba3e1a76d7074adb56ff587,carrier_before_approval,handed to carrier 2018-06-11 09:52:00 before approval 2018-06-12 23:31:02,low,20180607,BA
57,data_quality,order_payments,62350,3ed99ad145f818a65b1bcfce6a4182fb|2,3ed99ad145f818a65b1bcfce6a4182fb,payment_sequence_gap,payment_sequential jumps from 0 to 2,low,20180109,RJ
2739,reconciliation,reconciliation,24416,995ecfdb2406d9b579cf84368f42e7a0,995ecfdb2406d9b579cf84368f42e7a0,recon_installment_interest,"sold 106.87 vs paid 113.05 BRL, gap 6.18",low,20180210,SC
3415,reconciliation,reconciliation,85435,bc2c82b0ef78d2252b6176d1972db7c9,bc2c82b0ef78d2252b6176d1972db7c9,recon_installment_interest,"sold 242.01 vs paid 303.02 BRL, gap 61.01",low,20171113,PE
1215,data_quality,orders,18279,22648d496637318d8713a49b4e628a87,22648d496637318d8713a49b4e628a87,carrier_before_approval,handed to carrier 2018-07-31 14:07:00 before approval 2018-08-01 16:31:32,low,20180730,SP
15,data_quality,order_payments,18977,66b28b67d37eb8809a5cf1cc3ceb8310|2,66b28b67d37eb8809a5cf1cc3ceb8310,payment_sequence_gap,payment_sequential jumps from 0 to 2,low,20180420,SP
2141,data_quality,orders,79924,8332829ddb8a92e5e730111419b90bc2,8332829ddb8a92e5e730111419b90bc2,carrier_before_approval,handed to carrier 2018-07-04 11:28:00 before approval 2018-07-05 16:27:04,low,20180703,PR
1195,data_quality,orders,16907,0f4ac89389a25eb2b1d923e4ed43c0a6,0f4ac89389a25eb2b1d923e4ed43c0a6,carrier_before_approval,handed to carrier 2018-07-05 13:41:00 before approval 2018-07-05 16:33:00,low,20180704,BA
2048,data_quality,orders,73310,ead00e0026023c03ce71d6d072050bf6,ead00e0026023c03ce71d6d072050bf6,carrier_before_approval,handed to carrier 2018-04-21 00:12:08 before approval 2018-04-24 19:18:42,low,20180420,SP
1502,data_quality,orders,38049,d9a9bc50c9da52930374f4884e3175f0,d9a9bc50c9da52930374f4884e3175f0,carrier_before_approval,handed to carrier 2018-07-05 08:16:00 before approval 2018-07-05 16:25:20,low,20180703,SP
1874,data_quality,orders,61569,b27ffd98b450ba9120b7ebd8d6bb75db,b27ffd98b450ba9120b7ebd8d6bb75db,carrier_before_approval,handed to carrier 2018-07-03 14:55:00 before approval 2018-07-05 16:18:41,low,20180703,SP
3317,reconciliation,reconciliation,77732,3e24e141d5703b84337db96998991424,3e24e141d5703b84337db96998991424,recon_installment_interest,"sold 236.19 vs paid 266.94 BRL, gap 30.75",low,20170920,PR
2360,data_quality,orders,93435,b3c2fc7374cd5dbb27c84f1a0315594d,b3c2fc7374cd5dbb27c84f1a0315594d,carrier_before_approval,handed to carrier 2018-07-04 10:14:00 before approval 2018-07-05 16:32:50,low,20180703,RS
2205,data_quality,orders,84507,9a0ea28810c690ef91b1a70c0ed9703e,9a0ea28810c690ef91b1a70c0ed9703e,carrier_before_approval,handed to carrier 2018-07-04 14:02:00 before approval 2018-07-05 16:21:59,low,20180703,DF
3005,reconciliation,reconciliation,48687,6e5fe7366a2e1bfbf3257dba0af1267f,6e5fe7366a2e1bfbf3257dba0af1267f,recon_installment_interest,"sold 287.91 vs paid 406.92 BRL, gap 119.01",low,20161009,PR
1503,data_quality,orders,38094,01d80471e02a3ba49c8e1d0abc2c1a64,01d80471e02a3ba49c8e1d0abc2c1a64,carrier_before_approval,handed to carrier 2017-05-08 15:45:00 before approval 2017-05-08 23:32:30,low,20170503,RS
1118,data_quality,orders,12659,721b6eed5d18982b6869d2b1440e0fb2,721b6eed5d18982b6869d2b1440e0fb2,carrier_before_approval,handed to carrier 2018-04-23 18:22:02 before approval 2018-04-24 17:27:06,low,20180421,SP
3172,reconciliation,reconciliation,65527,21ff9e52b420083bfc502b827916d069,21ff9e52b420083bfc502b827916d069,recon_installment_interest,"sold 235.70 vs paid 266.38 BRL, gap 30.68",low,20170702,RJ
2419,data_quality,orders,96913,6d92b8b8958a7955c3184410f45293f3,6d92b8b8958a7955c3184410f45293f3,carrier_before_approval,handed to carrier 2018-04-23 18:46:46 before approval 2018-04-24 19:25:36,low,20180420,ES
946,data_quality,orders,2505,643efaf4eddc8f0b4f71b1674c882fa4,643efaf4eddc8f0b4f71b1674c882fa4,carrier_before_approval,handed to carrier 2018-07-04 14:55:00 before approval 2018-07-05 16:27:02,low,20180702,MG
1453,data_quality,orders,34324,6a05e48937319f63bbb0b27612473839,6a05e48937319f63bbb0b27612473839,carrier_before_approval,handed to carrier 2018-04-23 22:45:40 before approval 2018-04-24 19:03:39,low,20180422,SP
1748,data_quality,orders,52639,3ccd24b53560c0fe294750d98a057584,3ccd24b53560c0fe294750d98a057584,carrier_before_approval,handed to carrier 2018-07-05 12:52:00 before approval 2018-07-05 16:27:08,low,20180703,MG
1423,data_quality,orders,31808,fefc60b6174117cb96cd5eeaec4188b5,fefc60b6174117cb96cd5eeaec4188b5,carrier_before_approval,handed to carrier 2018-05-30 14:11:00 before approval 2018-05-30 14:47:43,low,20180530,RS
1237,data_quality,orders,20438,b886aff8576c2f1f035c507ba7fd6a9c,b886aff8576c2f1f035c507ba7fd6a9c,carrier_before_approval,handed to carrier 2018-04-23 20:46:37 before approval 2018-04-24 19:23:55,low,20180420,RS
961,data_quality,orders,3244,f16dee6de72d9dcf6b644a19233a39da,f16dee6de72d9dcf6b644a19233a39da,carrier_before_approval,handed to carrier 2018-04-23 21:08:49 before approval 2018-04-24 19:28:02,low,20180421,MG
1666,data_quality,orders,47627,05e6d57ea1f64b4e9a0b37c669515cfc,05e6d57ea1f64b4e9a0b37c669515cfc,carrier_before_approval,handed to carrier 2018-07-04 12:35:00 before approval 2018-07-05 16:03:39,low,20180703,DF
1063,data_quality,orders,9484,12464d1f4f0401e086966a5333ae812a,12464d1f4f0401e086966a5333ae812a,carrier_before_approval,handed to carrier 2018-07-05 11:47:00 before approval 2018-07-05 16:33:22,low,20180704,SP
1639,data_quality,orders,46203,47f127d696dedbcc985921e3304db01e,47f127d696dedbcc985921e3304db01e,carrier_before_approval,handed to carrier 2018-07-04 14:24:00 before approval 2018-07-05 16:25:26,low,20180630,SP
2720,reconciliation,reconciliation,22945,5b7906a5a90957b0020ae90b2d7caf1b,5b7906a5a90957b0020ae90b2d7caf1b,recon_rounding,"sold 130.43 vs paid 130.45 BRL, gap 0.02",low,20171206,MG
18,data_quality,order_payments,24884,7d48e6b043ed5dac29ca0e41d3e3b584|2,7d48e6b043ed5dac29ca0e41d3e3b584,payment_sequence_gap,payment_sequential jumps from 0 to 2,low,20180612,BA
1829,data_quality,orders,59070,c5c1bc50dd24bd493ca543401aa6d592,c5c1bc50dd24bd493ca543401aa6d592,carrier_before_approval,handed to carrier 2018-04-23 22:11:38 before approval 2018-04-24 19:25:49,low,20180420,SP
1573,data_quality,orders,42032,e93510a1b0e70c6f717c60f67ad314f2,e93510a1b0e70c6f717c60f67ad314f2,carrier_before_approval,handed to carrier 2018-07-04 12:59:00 before approval 2018-07-05 16:33:10,low,20180703,PR
1968,data_quality,orders,68302,9e0ce3f44bcfc81171be7c5362887b80,9e0ce3f44bcfc81171be7c5362887b80,carrier_before_approval,handed to carrier 2018-07-05 15:03:00 before approval 2018-07-05 16:33:19,low,20180705,MG
955,data_quality,orders,2783,1594012ccc1b0770373ce691d697e5ae,1594012ccc1b0770373ce691d697e5ae,carrier_before_approval,handed to carrier 2018-04-24 12:48:39 before approval 2018-04-24 19:17:00,low,20180423,SP
1302,data_quality,orders,24580,d7f1fc795c94efd3a00141a5f8a2c9d7,d7f1fc795c94efd3a00141a5f8a2c9d7,carrier_before_approval,handed to carrier 2018-08-15 13:32:00 before approval 2018-08-20 14:12:55,low,20180813,BA
1779,data_quality,orders,55098,cdf7511b632d2a9b53d70b1e24a45e70,cdf7511b632d2a9b53d70b1e24a45e70,carrier_before_approval,handed to carrier 2018-07-05 13:30:00 before approval 2018-07-05 16:15:56,low,20180704,SP
2507,reconciliation,reconciliation,2358,051fcda88d997d3ff86012da2a556342,051fcda88d997d3ff86012da2a556342,recon_untracked_discount,"sold 56.60 vs paid 51.70 BRL, gap -4.90",medium,20180824,SP
2276,data_quality,orders,88653,f201d0924f68c1eadbe0e527ae947481,f201d0924f68c1eadbe0e527ae947481,carrier_before_approval,handed to carrier 2018-04-23 19:14:27 before approval 2018-04-24 17:59:23,low,20180421,SP
1107,data_quality,orders,12073,46bbd69cb8d68f6c34fc754e569b4630,46bbd69cb8d68f6c34fc754e569b4630,carrier_before_approval,handed to carrier 2018-06-26 10:51:00 before approval 2018-06-26 11:56:57,low,20180626,GO
1522,data_quality,orders,39108,c85ea30e9a24abecb353caa26294c81c,c85ea30e9a24abecb353caa26294c81c,carrier_before_approval,handed to carrier 2017-04-26 14:52:01 before approval 2017-04-27 13:36:17,low,20170426,ES
2200,data_quality,orders,84285,eae696a5d4f36a048c3c1e78d611253d,eae696a5d4f36a048c3c1e78d611253d,carrier_before_approval,handed to carrier 2018-07-05 12:30:00 before approval 2018-07-05 16:30:42,low,20180703,BA
1827,data_quality,orders,59011,7948985f993a3dba42989d5ffef9435d,7948985f993a3dba42989d5ffef9435d,carrier_before_approval,handed to carrier 2018-04-24 18:41:14 before approval 2018-04-24 18:45:12,low,20180423,GO
1222,data_quality,orders,19088,b59907afa60164e884ce406116efc58d,b59907afa60164e884ce406116efc58d,carrier_before_approval,handed to carrier 2018-07-05 12:45:00 before approval 2018-07-05 16:13:12,low,20180702,SP
2233,data_quality,orders,86324,ce387eba3b0e5a8145a79db39394f728,ce387eba3b0e5a8145a79db39394f728,carrier_before_approval,handed to carrier 2018-06-27 10:16:00 before approval 2018-06-27 10:51:45,low,20180627,RJ
2914,reconciliation,reconciliation,40442,6cff0c3dacf64bb7cb2ad584b81b7d0d,6cff0c3dacf64bb7cb2ad584b81b7d0d,recon_untracked_discount,"sold 33.43 vs paid 30.83 BRL, gap -2.60",medium,20180826,SP
1452,data_quality,orders,34306,c0f3bbb3ae2e2d74db5fcd5a0e3c84e3,c0f3bbb3ae2e2d74db5fcd5a0e3c84e3,carrier_before_approval,handed to carrier 2018-04-24 18:48:33 before approval 2018-04-24 19:23:54,low,20180422,SP
2309,data_quality,orders,90279,fbd969aaf28de4524d590d37fd10b894,fbd969aaf28de4524d590d37fd10b894,carrier_before_approval,handed to carrier 2018-07-05 15:02:00 before approval 2018-07-05 16:32:45,low,20180703,SP
1066,data_quality,orders,9579,f6db57e68ebbac1c6281a7baf178df17,f6db57e68ebbac1c6281a7baf178df17,carrier_before_approval,handed to carrier 2018-07-05 12:30:00 before approval 2018-07-05 16:07:29,low,20180704,SP
1721,data_quality,orders,50993,51ee9ef5d831b5f76f97d2819e7f94a9,51ee9ef5d831b5f76f97d2819e7f94a9,carrier_before_approval,handed to carrier 2018-07-05 14:07:00 before approval 2018-07-05 16:27:36,low,20180704,SP
1179,data_quality,orders,16346,fa962e76e50f3469ae2abfa54e6d5be0,fa962e76e50f3469ae2abfa54e6d5be0,carrier_before_approval,handed to carrier 2018-07-24 14:38:00 before approval 2018-07-27 23:30:58,low,20180722,SP
3165,reconciliation,reconciliation,64878,f05e32e2cc67748c34a77da2ff68841c,f05e32e2cc67748c34a77da2ff68841c,recon_installment_interest,"sold 50.13 vs paid 56.65 BRL, gap 6.52",low,20171221,PE
1006,data_quality,orders,5528,0e8f35f2fcf52b21069856048a64a929,0e8f35f2fcf52b21069856048a64a929,carrier_before_approval,handed to carrier 2018-07-04 15:31:00 before approval 2018-07-05 16:21:00,low,20180703,MG
1238,data_quality,orders,20558,ecd1661658d34312cf9ac2bf34ba3b6b,ecd1661658d34312cf9ac2bf34ba3b6b,carrier_before_approval,handed to carrier 2018-07-03 11:46:00 before approval 2018-07-05 16:25:45,low,20180630,PR
2025,data_quality,orders,71776,123bf681d8f2bbf410339ccef14d9c42,123bf681d8f2bbf410339ccef14d9c42,carrier_before_approval,handed to carrier 2018-07-05 14:01:00 before approval 2018-07-05 16:35:32,low,20180704,MG
1224,data_quality,orders,19158,af00499b52c61ba01c141aa619499861,af00499b52c61ba01c141aa619499861,carrier_before_approval,handed to carrier 2018-07-03 15:45:00 before approval 2018-07-05 16:03:55,low,20180701,SP
1649,data_quality,orders,46693,e9aabb11af0ed0b77743b1d0ddd7591c,e9aabb11af0ed0b77743b1d0ddd7591c,carrier_before_approval,handed to carrier 2018-07-05 14:44:00 before approval 2018-07-05 16:11:07,low,20180703,SP
1335,data_quality,orders,26472,994572d6e67b97ce9c9ceb7cc0f6445f,994572d6e67b97ce9c9ceb7cc0f6445f,carrier_before_approval,handed to carrier 2018-07-05 15:35:00 before approval 2018-07-05 17:01:12,low,20180704,RS
2341,data_quality,orders,91850,174a7e09ba51eac7b816bf33d20dfe21,174a7e09ba51eac7b816bf33d20dfe21,carrier_before_approval,handed to carrier 2018-04-24 00:26:42 before approval 2018-04-24 19:17:21,low,20180420,SC
1918,data_quality,orders,65186,be7d02ed4f9ec9a43ac0f6adade17ade,be7d02ed4f9ec9a43ac0f6adade17ade,carrier_before_approval,handed to carrier 2018-07-03 19:26:00 before approval 2018-07-05 16:23:22,low,20180703,SP
1976,data_quality,orders,68578,3290506deecf9d593a1e7a295fa13dbe,3290506deecf9d593a1e7a295fa13dbe,carrier_before_approval,handed to carrier 2018-07-24 10:20:00 before approval 2018-07-26 23:32:53,low,20180721,RJ
2544,reconciliation,reconciliation,6191,e0578c04575c73456bf9891ae5db8c5a,e0578c04575c73456bf9891ae5db8c5a,recon_installment_interest,"sold 78.65 vs paid 88.90 BRL, gap 10.25",low,20180215,PE
2287,data_quality,orders,89345,aea27cd16b5e532056c2ea57db75b66f,aea27cd16b5e532056c2ea57db75b66f,carrier_before_approval,handed to carrier 2018-04-23 21:11:22 before approval 2018-04-24 18:41:00,low,20180421,SP
934,data_quality,orders,1478,de6167039d6c71c0bea5a5d3b9437082,de6167039d6c71c0bea5a5d3b9437082,carrier_before_approval,handed to carrier 2018-07-05 14:06:00 before approval 2018-07-05 16:22:17,low,20180704,RJ
1589,data_quality,orders,43419,5e981569f5835c96e4b288363b3b8f63,5e981569f5835c96e4b288363b3b8f63,carrier_before_approval,handed to carrier 2018-07-31 13:42:00 before approval 2018-08-02 13:43:13,low,20180730,SP
1646,data_quality,orders,46490,66460ca7e4dff034a9ac0ec80c7fdea8,66460ca7e4dff034a9ac0ec80c7fdea8,carrier_before_approval,handed to carrier 2018-05-17 08:40:00 before approval 2018-05-17 10:43:13,low,20180516,MG
2726,reconciliation,reconciliation,23391,b495ec18170fb28a3610c8d3ab464442,b495ec18170fb28a3610c8d3ab464442,recon_installment_interest,"sold 39.31 vs paid 45.40 BRL, gap 6.09",low,20170210,RJ
1692,data_quality,orders,49160,2c313debfbfb2b44f91ae0431823ccb4,2c313debfbfb2b44f91ae0431823ccb4,carrier_before_approval,handed to carrier 2018-07-18 14:16:00 before approval 2018-07-18 14:22:13,low,20180718,SP
1934,data_quality,orders,66061,8883dd20e652369652c1abd7a411788f,8883dd20e652369652c1abd7a411788f,carrier_before_approval,handed to carrier 2018-08-17 14:44:00 before approval 2018-08-20 14:36:32,low,20180814,RJ
2797,reconciliation,reconciliation,30311,d9257c8e34393415a403600f6289fbc4,d9257c8e34393415a403600f6289fbc4,recon_installment_interest,"sold 37.78 vs paid 39.52 BRL, gap 1.74",low,20170629,SP
1770,data_quality,orders,54576,b30659f06b33fcd3ffad36f031b503e4,b30659f06b33fcd3ffad36f031b503e4,carrier_before_approval,handed to carrier 2018-04-23 21:51:59 before approval 2018-04-24 18:26:05,low,20180422,MA
2470,data_quality,orders,99407,7fd85cb0143de098a4c5ab5a57bfbd91,7fd85cb0143de098a4c5ab5a57bfbd91,carrier_before_approval,handed to carrier 2017-05-09 17:02:58 before approval 2017-05-09 22:33:28,low,20170504,SP
2040,data_quality,orders,72850,8d3cd96a636e59a3a47b52cedd6e9bbd,8d3cd96a636e59a3a47b52cedd6e9bbd,carrier_before_approval,handed to carrier 2018-06-20 15:18:00 before approval 2018-06-20 15:19:11,low,20180620,MG
2029,data_quality,orders,71864,795b392abe9e445552c226621cf9638d,795b392abe9e445552c226621cf9638d,carrier_before_approval,handed to carrier 2018-04-23 20:12:55 before approval 2018-04-24 18:33:53,low,20180420,SP
2363,data_quality,orders,93550,d5e8c3df207679f1ae9da8bcb4a35871,d5e8c3df207679f1ae9da8bcb4a35871,carrier_before_approval,handed to carrier 2018-02-15 18:43:00 before approval 2018-02-16 14:30:42,low,20180214,SP
2004,data_quality,orders,70249,d4a72eff3bfdb6ff7667bef4119283e9,d4a72eff3bfdb6ff7667bef4119283e9,carrier_before_approval,handed to carrier 2018-07-04 13:09:00 before approval 2018-07-05 16:24:48,low,20180704,GO
3108,reconciliation,reconciliation,59493,bcb9cb204fb7137dcb5dc3fdb94f11e5,bcb9cb204fb7137dcb5dc3fdb94f11e5,recon_installment_interest,"sold 29.28 vs paid 30.29 BRL, gap 1.01",low,20170717,SP
3293,reconciliation,reconciliation,75362,8fc4cc76b7842723f0f25209b4420b85,8fc4cc76b7842723f0f25209b4420b85,recon_installment_interest,"sold 62.82 vs paid 72.55 BRL, gap 9.73",low,20171226,BA
1097,data_quality,orders,11047,af68048a682392b0cc14f22a8eef5b7e,af68048a682392b0cc14f22a8eef5b7e,carrier_before_approval,handed to carrier 2018-04-23 21:12:06 before approval 2018-04-24 18:12:48,low,20180422,SP
3263,reconciliation,reconciliation,73055,cc2e56876c1e46ae38eb40eb187b23a9,cc2e56876c1e46ae38eb40eb187b23a9,recon_installment_interest,"sold 42.58 vs paid 48.13 BRL, gap 5.55",low,20180109,SP
1398,data_quality,orders,29956,e01de4bb8dc46ea4d7e8c5ea3afe2f8d,e01de4bb8dc46ea4d7e8c5ea3afe2f8d,carrier_before_approval,handed to carrier 2018-04-23 19:41:27 before approval 2018-04-24 19:09:57,low,20180421,SP
1297,data_quality,orders,24203,8cbfd2b5ba048f1dd173a5309f8b5bf5,8cbfd2b5ba048f1dd173a5309f8b5bf5,carrier_before_approval,handed to carrier 2018-04-23 22:58:36 before approval 2018-04-24 19:02:24,low,20180422,SP
1047,data_quality,orders,8024,655d3e557522f80b4384eebaaaae9cda,655d3e557522f80b4384eebaaaae9cda,carrier_before_approval,handed to carrier 2018-05-03 14:30:00 before approval 2018-05-04 08:31:01,low,20180503,SP
3542,reconciliation,reconciliation,98291,03b218d39c422c250f389120c531b61f,03b218d39c422c250f389120c531b61f,recon_installment_interest,"sold 50.24 vs paid 58.03 BRL, gap 7.79",low,20170114,MG
1117,data_quality,orders,12591,fb6343faebbbee8c21d59d4ae59477a8,fb6343faebbbee8c21d59d4ae59477a8,carrier_before_approval,handed to carrier 2018-07-05 15:51:00 before approval 2018-07-05 16:33:04,low,20180704,SC
2410,data_quality,orders,96431,b5c4393e0fffc94526b88d47d09dabe3,b5c4393e0fffc94526b88d47d09dabe3,carrier_before_approval,handed to carrier 2018-04-23 17:41:16 before approval 2018-04-24 18:05:40,low,20180422,RJ
1693,data_quality,orders,49234,98c8ce34fb87be20f449264f5ff6fb35,98c8ce34fb87be20f449264f5ff6fb35,carrier_before_approval,handed to carrier 2018-04-23 20:41:59 before approval 2018-04-24 17:44:15,low,20180422,SP
3096,reconciliation,reconciliation,57762,a7db257661f3cc8b9b661474199da586,a7db257661f3cc8b9b661474199da586,recon_installment_interest,"sold 33.38 vs paid 38.55 BRL, gap 5.17",low,20180123,RJ
1101,data_quality,orders,11588,4fab84dd561f10bb9c98293f34d749fa,4fab84dd561f10bb9c98293f34d749fa,carrier_before_approval,handed to carrier 2018-07-05 14:25:00 before approval 2018-07-05 16:32:43,low,20180703,PR
1872,data_quality,orders,61384,d17cd10dbb5981e9a2ba4739a202da55,d17cd10dbb5981e9a2ba4739a202da55,carrier_before_approval,handed to carrier 2018-02-16 02:09:01 before approval 2018-02-16 14:30:18,low,20180214,MG
2379,data_quality,orders,94344,a12de642288c88d6a5aec20f46a12fa6,a12de642288c88d6a5aec20f46a12fa6,carrier_before_approval,handed to carrier 2018-07-04 14:05:00 before approval 2018-07-05 16:08:20,low,20180703,RJ
1855,data_quality,orders,60260,fdbe86571218c28f0e4259b726b1bd0b,fdbe86571218c28f0e4259b726b1bd0b,carrier_before_approval,handed to carrier 2018-04-23 19:17:32 before approval 2018-04-24 17:13:10,low,20180422,MG
1948,data_quality,orders,66675,fbaeee85e7af535eb8087a3caea19cb4,fbaeee85e7af535eb8087a3caea19cb4,carrier_before_approval,handed to carrier 2018-04-24 00:44:31 before approval 2018-04-24 18:58:26,low,20180420,RN
2321,data_quality,orders,90865,5f127aff90e6012e2200e03613eb47cd,5f127aff90e6012e2200e03613eb47cd,carrier_before_approval,handed to carrier 2018-04-24 16:32:23 before approval 2018-04-24 19:25:35,low,20180422,SP
2128,data_quality,orders,79218,fc395bfc7bc0ca54d0fa3e4cc90d055f,fc395bfc7bc0ca54d0fa3e4cc90d055f,carrier_before_approval,handed to carrier 2018-04-23 20:52:45 before approval 2018-04-24 19:02:32,low,20180421,PR
2671,reconciliation,reconciliation,17451,b153668d9576aeae5c424bf7b125eea2,b153668d9576aeae5c424bf7b125eea2,recon_installment_interest,"sold 46.26 vs paid 48.40 BRL, gap 2.14",low,20180808,SP
2865,reconciliation,reconciliation,36604,ab39f24d0e515ab82f849a72b61597d3,ab39f24d0e515ab82f849a72b61597d3,recon_installment_interest,"sold 65.71 vs paid 68.74 BRL, gap 3.03",low,20171016,SP
2528,reconciliation,reconciliation,4664,3b773756d8fc59a7cd1a0c4ac584e397,3b773756d8fc59a7cd1a0c4ac584e397,recon_installment_interest,"sold 167.17 vs paid 188.96 BRL, gap 21.79",low,20170511,RS
1844,data_quality,orders,59898,47273c48a7c7bb72eefff6de63be0b9b,47273c48a7c7bb72eefff6de63be0b9b,carrier_before_approval,handed to carrier 2017-08-01 14:00:00 before approval 2017-08-02 08:33:52,low,20170728,RS
2294,data_quality,orders,89683,46bdd39417baa706de4e1931fb95b4dd,46bdd39417baa706de4e1931fb95b4dd,carrier_before_approval,handed to carrier 2018-04-23 17:56:43 before approval 2018-04-24 18:55:33,low,20180422,CE
2586,reconciliation,reconciliation,10058,99d4dd36318ceb97e9feda8baade3ce2,99d4dd36318ceb97e9feda8baade3ce2,recon_installment_interest,"sold 76.77 vs paid 80.31 BRL, gap 3.54",low,20171124,SP
2855,reconciliation,reconciliation,35221,a77a378498a60424c73641a2bce561f8,a77a378498a60424c73641a2bce561f8,recon_installment_interest,"sold 62.01 vs paid 70.09 BRL, gap 8.08",low,20180214,SC
1169,data_quality,orders,15865,94854459746ccda5ed3c3440739bb202,94854459746ccda5ed3c3440739bb202,carrier_before_approval,handed to carrier 2018-04-23 19:23:47 before approval 2018-04-24 18:35:04,low,20180420,SP
1334,data_quality,orders,26314,92a1a84ebae5713509b7ccdef77a89cf,92a1a84ebae5713509b7ccdef77a89cf,carrier_before_approval,handed to carrier 2018-04-24 17:04:25 before approval 2018-04-24 19:06:49,low,20180420,SP
59,data_quality,order_payments,62675,45ed6e85398a87c253db47c2d9f48216|3,45ed6e85398a87c253db47c2d9f48216,zero_value_payment,voucher payment with value 0.00,low,20170608,GO
1533,data_quality,orders,39769,576e9a23f503e96fdc30b174e8c6d8be,576e9a23f503e96fdc30b174e8c6d8be,carrier_before_approval,handed to carrier 2018-04-24 18:12:16 before approval 2018-04-24 18:29:32,low,20180423,SP
2459,data_quality,orders,98816,810b8bba6a2fb6419db87fe22a4299fe,810b8bba6a2fb6419db87fe22a4299fe,carrier_before_approval,handed to carrier 2018-05-10 12:18:00 before approval 2018-05-10 12:56:20,low,20180510,MG
2095,data_quality,orders,76323,f7f3e95cf456d7a1ebede3e7c3cce324,f7f3e95cf456d7a1ebede3e7c3cce324,carrier_before_approval,handed to carrier 2018-07-04 08:02:00 before approval 2018-07-05 16:04:38,low,20180702,SP
2125,data_quality,orders,79080,3f4cc91bbcf1a05dbef15d8f976588bf,3f4cc91bbcf1a05dbef15d8f976588bf,carrier_before_approval,handed to carrier 2018-07-05 14:32:00 before approval 2018-07-05 16:14:24,low,20180704,SP
3163,reconciliation,reconciliation,64587,e42760f40f2fba3ba7529b6157adf501,e42760f40f2fba3ba7529b6157adf501,recon_installment_interest,"sold 147.00 vs paid 167.94 BRL, gap 20.94",low,20180105,BA
1278,data_quality,orders,22942,f79a31ab5cdfb67808fb8e27005ffa52,f79a31ab5cdfb67808fb8e27005ffa52,carrier_before_approval,handed to carrier 2018-04-23 17:33:01 before approval 2018-04-24 18:28:09,low,20180419,MG
1854,data_quality,orders,60247,ccf1f49fad1e7cc6c926b067a0cfea00,ccf1f49fad1e7cc6c926b067a0cfea00,carrier_before_approval,handed to carrier 2018-04-24 18:18:50 before approval 2018-04-24 18:38:35,low,20180423,SP
2172,data_quality,orders,82254,b600d406784f1f3c7f6129e10cae215b,b600d406784f1f3c7f6129e10cae215b,carrier_before_approval,handed to carrier 2018-04-24 02:04:21 before approval 2018-04-24 19:23:20,low,20180420,SP
1081,data_quality,orders,10172,3910ae71e82730e3c560049e7637b3c2,3910ae71e82730e3c560049e7637b3c2,carrier_before_approval,handed to carrier 2018-04-23 23:40:58 before approval 2018-04-24 18:55:51,low,20180422,SP
1695,data_quality,orders,49556,0782e07a7692b86e29c3fcec805b3bfc,0782e07a7692b86e29c3fcec805b3bfc,carrier_before_approval,handed to carrier 2018-07-05 09:50:00 before approval 2018-07-05 16:32:28,low,20180703,SP
3258,reconciliation,reconciliation,72644,0e556f5eafbf3eb399290101b183b10e,0e556f5eafbf3eb399290101b183b10e,recon_unexplained,"sold 95.66 vs paid 81.90 BRL, gap -13.76",high,20161006,PR
980,data_quality,orders,4151,c873d67cdcc79e51c21b47d8c69ada68,c873d67cdcc79e51c21b47d8c69ada68,carrier_before_approval,handed to carrier 2018-07-04 15:15:00 before approval 2018-07-05 16:09:20,low,20180702,RJ
2059,data_quality,orders,73923,2cfc3681e512e0d12b6fe84b396e3907,2cfc3681e512e0d12b6fe84b396e3907,carrier_before_approval,handed to carrier 2018-04-24 00:58:19 before approval 2018-04-24 18:46:28,low,20180422,MG
2045,data_quality,orders,73084,63271c4f926901533f34d374c4126952,63271c4f926901533f34d374c4126952,carrier_before_approval,handed to carrier 2018-07-23 11:27:00 before approval 2018-07-23 11:31:35,low,20180722,MG
1610,data_quality,orders,44584,acfd4e73993d49708599a826d48978dd,acfd4e73993d49708599a826d48978dd,carrier_before_approval,handed to carrier 2018-06-27 09:51:00 before approval 2018-06-27 11:06:50,low,20180626,RJ
1343,data_quality,orders,26804,55a8e561e2d5d35ad18732f7d083babe,55a8e561e2d5d35ad18732f7d083babe,carrier_before_approval,handed to carrier 2018-02-09 19:33:11 before approval 2018-02-10 10:18:42,low,20180208,SP
1960,data_quality,orders,67954,b3298cf726e74882e77238c731e53f30,b3298cf726e74882e77238c731e53f30,carrier_before_approval,handed to carrier 2018-07-05 13:30:00 before approval 2018-07-05 16:40:33,low,20180705,RJ
3352,reconciliation,reconciliation,80728,3837859eff41b5dbbd1dfad5a066d0ae,3837859eff41b5dbbd1dfad5a066d0ae,recon_installment_interest,"sold 38.22 vs paid 44.15 BRL, gap 5.93",low,20180408,MG
2026,data_quality,orders,71803,37cacebebb14aa6cdc982d4eb40b9441,37cacebebb14aa6cdc982d4eb40b9441,carrier_before_approval,handed to carrier 2018-04-24 15:49:39 before approval 2018-04-24 19:24:11,low,20180421,SP
1638,data_quality,orders,46164,0184d4ddb259e1a4cfc2871888cf97b8,0184d4ddb259e1a4cfc2871888cf97b8,carrier_before_approval,handed to carrier 2017-09-04 14:05:50 before approval 2017-09-13 22:17:15,low,20170901,SP
34,data_quality,order_payments,40680,3c8be270e7e602ffcde3f97cef934376|2,3c8be270e7e602ffcde3f97cef934376,payment_sequence_gap,payment_sequential jumps from 0 to 2,low,20180704,SP
2230,data_quality,orders,86152,faa068942b581bc31538abdea52e6f35,faa068942b581bc31538abdea52e6f35,carrier_before_approval,handed to carrier 2018-04-24 17:06:55 before approval 2018-04-24 17:19:16,low,20180423,SP
1518,data_quality,orders,38842,9256fda5584ec43f6212f63bdf17b2ec,9256fda5584ec43f6212f63bdf17b2ec,carrier_before_approval,handed to carrier 2018-06-27 11:56:00 before approval 2018-06-27 11:57:21,low,20180627,SP
1925,data_quality,orders,65633,33c1911ef3652a03c6cb098b9399b1d3,33c1911ef3652a03c6cb098b9399b1d3,carrier_before_approval,handed to carrier 2018-07-04 12:14:00 before approval 2018-07-05 16:32:54,low,20180703,MG
3335,reconciliation,reconciliation,79662,10a6730b0b333e2b017dd139a0530f19,10a6730b0b333e2b017dd139a0530f19,recon_installment_interest,"sold 126.99 vs paid 143.53 BRL, gap 16.54",low,20180220,PE
2231,data_quality,orders,86231,d836abb4444d8594455e9766104e958c,d836abb4444d8594455e9766104e958c,carrier_before_approval,handed to carrier 2018-07-24 15:11:00 before approval 2018-07-27 23:31:14,low,20180722,SP
1659,data_quality,orders,47317,000576fe39319847cbb9d288c5617fa6,000576fe39319847cbb9d288c5617fa6,carrier_before_approval,handed to carrier 2018-07-05 12:15:00 before approval 2018-07-05 16:35:48,low,20180704,SP
1938,data_quality,orders,66237,24c7fef753636c54b5290c9047a82432,24c7fef753636c54b5290c9047a82432,carrier_before_approval,handed to carrier 2018-04-24 16:31:57 before approval 2018-04-24 19:28:11,low,20180421,SP
3179,reconciliation,reconciliation,66254,62ce4e3989a3477928510bb4d1064cc4,62ce4e3989a3477928510bb4d1064cc4,recon_rounding,"sold 276.32 vs paid 276.34 BRL, gap 0.02",low,20180719,SP
3060,reconciliation,reconciliation,54519,1f4e46205be9ddf4f9b0e98b11a1a570,1f4e46205be9ddf4f9b0e98b11a1a570,recon_installment_interest,"sold 99.43 vs paid 112.36 BRL, gap 12.93",low,20180418,GO
1089,data_quality,orders,10683,1349bbe7ded8d9342526c249d9e6ceb6,1349bbe7ded8d9342526c249d9e6ceb6,carrier_before_approval,handed to carrier 2018-07-11 15:00:00 before approval 2018-07-13 10:31:22,low,20180710,PR
1886,data_quality,orders,62274,23a9867e2ef4c3cd636e7e275edb0252,23a9867e2ef4c3cd636e7e275edb0252,carrier_before_approval,handed to carrier 2018-04-23 20:46:36 before approval 2018-04-24 19:27:38,low,20180420,SP
1803,data_quality,orders,56838,d64dc080a9163c5e593b591e6c8e32b8,d64dc080a9163c5e593b591e6c8e32b8,carrier_before_approval,handed to carrier 2017-08-01 21:56:40 before approval 2017-08-02 08:34:30,low,20170731,SP
957,data_quality,orders,2946,846de1a3e7ca6bf29333e1db02040ab6,846de1a3e7ca6bf29333e1db02040ab6,carrier_before_approval,handed to carrier 2018-01-31 19:48:36 before approval 2018-02-04 23:31:38,low,20180130,GO
1361,data_quality,orders,27668,aa767f19bb0117b647c1934f348f84a8,aa767f19bb0117b647c1934f348f84a8,carrier_before_approval,handed to carrier 2018-06-27 09:38:00 before approval 2018-06-27 10:52:05,low,20180627,SP
1884,data_quality,orders,62147,c952071f38138a067c714cf653f34aa6,c952071f38138a067c714cf653f34aa6,carrier_before_approval,handed to carrier 2018-07-23 10:52:00 before approval 2018-07-23 12:31:57,low,20180722,SP
3318,reconciliation,reconciliation,77926,033ccfbdfc4d29677b7e1e6df3a82820,033ccfbdfc4d29677b7e1e6df3a82820,recon_installment_interest,"sold 59.96 vs paid 69.26 BRL, gap 9.30",low,20170422,SP
1995,data_quality,orders,69797,6e8ff76e6abbdfadc22d6569bf5b1ae8,6e8ff76e6abbdfadc22d6569bf5b1ae8,carrier_before_approval,handed to carrier 2017-08-01 13:29:53 before approval 2017-08-02 11:25:48,low,20170726,RS
1273,data_quality,orders,22727,2ab340837ecacc1da5c088346b0d873b,2ab340837ecacc1da5c088346b0d873b,carrier_before_approval,handed to carrier 2018-04-23 18:25:23 before approval 2018-04-24 18:59:40,low,20180423,SP
970,data_quality,orders,3660,f222c56f035b47dfa1e069a88235d730,f222c56f035b47dfa1e069a88235d730,carrier_before_approval,handed to carrier 2018-01-31 19:48:44 before approval 2018-02-04 23:31:47,low,20180130,SP
2073,data_quality,orders,74540,4cdbb26aa0dc8e7179f33edf59722fa8,4cdbb26aa0dc8e7179f33edf59722fa8,carrier_before_approval,handed to carrier 2018-07-04 14:52:00 before approval 2018-07-05 16:32:16,low,20180703,SP
2573,reconciliation,reconciliation,8604,2f722ee8f3d3db0d19cee8ebea6fa69e,2f722ee8f3d3db0d19cee8ebea6fa69e,recon_installment_interest,"sold 110.02 vs paid 124.35 BRL, gap 14.33",low,20170816,MG
3255,reconciliation,reconciliation,72458,05252513392111e8721062d8ecd9edb1,05252513392111e8721062d8ecd9edb1,recon_installment_interest,"sold 56.85 vs paid 64.26 BRL, gap 7.41",low,20170519,SP
2027,data_quality,orders,71852,2bec039adcca39ad3a2d76a949e6c99d,2bec039adcca39ad3a2d76a949e6c99d,carrier_before_approval,handed to carrier 2018-07-27 11:55:00 before approval 2018-07-27 13:04:27,low,20180726,SP
1537,data_quality,orders,40427,dbd49fd0ab245be1d63d2e47ac959016,dbd49fd0ab245be1d63d2e47ac959016,carrier_before_approval,handed to carrier 2018-04-24 16:06:52 before approval 2018-04-24 19:21:42,low,20180422,DF
2385,data_quality,orders,94740,ce4ad5f005be92dc5c6931f9929f9f70,ce4ad5f005be92dc5c6931f9929f9f70,carrier_before_approval,handed to carrier 2018-04-23 14:36:35 before approval 2018-04-24 18:23:27,low,20180421,PR
2427,data_quality,orders,97626,0a9a43ac5fe59c6c4bee2a8f9b9fcce8,0a9a43ac5fe59c6c4bee2a8f9b9fcce8,carrier_before_approval,handed to carrier 2018-07-05 11:10:00 before approval 2018-07-05 16:02:18,low,20180702,MG
939,data_quality,orders,1906,f384f4edb05c390598d9010ea97f7f4e,f384f4edb05c390598d9010ea97f7f4e,carrier_before_approval,handed to carrier 2018-04-21 01:32:06 before approval 2018-04-24 18:39:10,low,20180420,SP
1380,data_quality,orders,28704,036c6f5c3d6a81192f4896ddb2c00c83,036c6f5c3d6a81192f4896ddb2c00c83,carrier_before_approval,handed to carrier 2018-07-24 14:18:00 before approval 2018-07-27 23:31:02,low,20180722,MG
1468,data_quality,orders,35152,8612cf18484bb0bfb9d98a7e1ed2766d,8612cf18484bb0bfb9d98a7e1ed2766d,carrier_before_approval,handed to carrier 2018-07-04 12:09:00 before approval 2018-07-05 16:32:47,low,20180704,PE
1953,data_quality,orders,67456,9d007ac7c623e7e78d49d44d67152788,9d007ac7c623e7e78d49d44d67152788,carrier_before_approval,handed to carrier 2018-04-24 17:44:57 before approval 2018-04-24 19:08:41,low,20180422,ES
3034,reconciliation,reconciliation,52202,7d68f1da2ad6d6fa877e000788daf541,7d68f1da2ad6d6fa877e000788daf541,recon_rounding,"sold 291.50 vs paid 291.52 BRL, gap 0.02",low,20180704,MT
87,data_quality,order_payments,90480,b74ea2b3c3e2bbe005621c14ca939889|2,b74ea2b3c3e2bbe005621c14ca939889,payment_sequence_gap,payment_sequential jumps from 0 to 2,low,20180419,RJ
1617,data_quality,orders,44977,1bc159c29e3f54a9f2d4d2bdaa45b5df,1bc159c29e3f54a9f2d4d2bdaa45b5df,carrier_before_approval,handed to carrier 2018-07-05 14:05:00 before approval 2018-07-05 16:13:52,low,20180704,GO
975,data_quality,orders,3927,341dc4ea81fabe7de6af564b72fcf3e2,341dc4ea81fabe7de6af564b72fcf3e2,carrier_before_approval,handed to carrier 2018-07-05 15:48:00 before approval 2018-07-05 16:30:57,low,20180704,ES
2098,data_quality,orders,76384,fd52bb09b1cce1fa4ecbb721e934727f,fd52bb09b1cce1fa4ecbb721e934727f,carrier_before_approval,handed to carrier 2018-07-05 14:18:00 before approval 2018-07-05 16:32:45,low,20180703,SP
1007,data_quality,orders,5537,88bf34949a5bb708a123dd12e80ed24d,88bf34949a5bb708a123dd12e80ed24d,carrier_before_approval,handed to carrier 2018-07-04 11:03:00 before approval 2018-07-05 16:26:57,low,20180703,SP
3,data_quality,order_payments,3072,d7d9f1ff0b6aa62f2d4e7fc99e60e8ea|2,d7d9f1ff0b6aa62f2d4e7fc99e60e8ea,payment_sequence_gap,payment_sequential jumps from 0 to 2,low,20180117,SP
962,data_quality,orders,3298,0acfe927eda045512670dbbf763b330a,0acfe927eda045512670dbbf763b330a,carrier_before_approval,handed to carrier 2018-04-23 20:34:32 before approval 2018-04-24 18:58:50,low,20180421,SP
1875,data_quality,orders,61594,4e790ef1ee5dca2f0de38704d806e45d,4e790ef1ee5dca2f0de38704d806e45d,carrier_before_approval,handed to carrier 2018-07-04 16:03:00 before approval 2018-07-05 16:05:22,low,20180630,RJ
1754,data_quality,orders,53237,1d4f81fabfc6dadb18f166298fc6aaad,1d4f81fabfc6dadb18f166298fc6aaad,carrier_before_approval,handed to carrier 2018-07-04 15:11:00 before approval 2018-07-05 16:27:24,low,20180701,SP
2339,data_quality,orders,91734,c4f7d1763350c3f18548294c4beced5c,c4f7d1763350c3f18548294c4beced5c,carrier_before_approval,handed to carrier 2018-07-04 07:50:00 before approval 2018-07-05 16:40:34,low,20180703,RJ
1679,data_quality,orders,48470,5b9e437b9b8c217c1e35158aeafc2102,5b9e437b9b8c217c1e35158aeafc2102,carrier_before_approval,handed to carrier 2018-04-23 15:06:33 before approval 2018-04-24 19:06:45,low,20180420,SP
3407,reconciliation,reconciliation,84671,d5575392b459cfde23795e925c6ce5d4,d5575392b459cfde23795e925c6ce5d4,recon_installment_interest,"sold 78.60 vs paid 84.08 BRL, gap 5.48",low,20170227,SP
1149,data_quality,orders,14563,1fab4ac9d85079b3da72a11475ae1685,1fab4ac9d85079b3da72a11475ae1685,carrier_before_approval,handed to carrier 2017-09-04 13:10:23 before approval 2017-09-13 22:06:11,low,20170901,SP
32,data_quality,order_payments,39858,9e958a07e455c09fd69aa32c2a4b2d4c|2,9e958a07e455c09fd69aa32c2a4b2d4c,payment_sequence_gap,payment_sequential jumps from 0 to 2,low,20171010,MT
1546,data_quality,orders,40866,b7d794a0d512566c47d3ffb585bb3805,b7d794a0d512566c47d3ffb585bb3805,carrier_before_approval,handed to carrier 2018-08-15 12:34:00 before approval 2018-08-15 12:35:25,low,20180815,SP
2185,data_quality,orders,82951,8dd925f0031d0e5f405cb0f3ed25edd9,8dd925f0031d0e5f405cb0f3ed25edd9,carrier_before_approval,handed to carrier 2018-04-23 18:44:27 before approval 2018-04-24 18:05:40,low,20180421,SP
1354,data_quality,orders,27412,5f827831438fdab57e6b6b98328b360e,5f827831438fdab57e6b6b98328b360e,carrier_before_approval,handed to carrier 2018-04-23 22:38:25 before approval 2018-04-24 18:22:30,low,20180421,SP
2461,data_quality,orders,98943,bfd9e46406df093343381a91996cb660,bfd9e46406df093343381a91996cb660,carrier_before_approval,handed to carrier 2018-05-07 15:03:00 before approval 2018-05-07 16:12:36,low,20180506,MA
1318,data_quality,orders,25261,249cdd4e1dc4aa2c19a568ce182a7254,249cdd4e1dc4aa2c19a568ce182a7254,carrier_before_approval,handed to carrier 2018-04-23 21:06:39 before approval 2018-04-24 18:54:15,low,20180421,PR
2000,data_quality,orders,70083,b360e877916b9d6b03877df56551e4dc,b360e877916b9d6b03877df56551e4dc,carrier_before_approval,handed to carrier 2018-07-03 15:44:00 before approval 2018-07-05 16:27:53,low,20180703,BA
1539,data_quality,orders,40575,53aef74d5e95ede5ab3a78d696eafb6f,53aef74d5e95ede5ab3a78d696eafb6f,carrier_before_approval,handed to carrier 2018-07-04 11:28:00 before approval 2018-07-05 16:19:08,low,20180702,RJ
1556,data_quality,orders,41476,627bcc1ede93534cd39bf82a8357f0a8,627bcc1ede93534cd39bf82a8357f0a8,carrier_before_approval,handed to carrier 2018-02-15 20:37:43 before approval 2018-02-16 14:31:33,low,20180214,SP
1201,data_quality,orders,17460,a99907012a9719344a76cffd42960499,a99907012a9719344a76cffd42960499,carrier_before_approval,handed to carrier 2017-04-28 09:12:53 before approval 2017-04-28 12:53:50,low,20170427,CE
1305,data_quality,orders,24602,a7dfc0dec96501a2f03a9d1412d8975c,a7dfc0dec96501a2f03a9d1412d8975c,carrier_before_approval,handed to carrier 2018-04-24 00:26:41 before approval 2018-04-24 17:16:41,low,20180421,SP
2310,data_quality,orders,90318,1ade3ab91063ad2d577331b0258b1120,1ade3ab91063ad2d577331b0258b1120,carrier_before_approval,handed to carrier 2018-07-04 08:43:00 before approval 2018-07-05 16:18:54,low,20180703,SP
1941,data_quality,orders,66350,604eaa08ecca86f614fb23ab44999543,604eaa08ecca86f614fb23ab44999543,carrier_before_approval,handed to carrier 2018-07-05 14:41:00 before approval 2018-07-05 16:24:41,low,20180704,SP
3028,reconciliation,reconciliation,51799,82a914d5f7af95901a18ef83b388bd4f,82a914d5f7af95901a18ef83b388bd4f,recon_installment_interest,"sold 39.46 vs paid 43.63 BRL, gap 4.17",low,20170612,SP
3006,reconciliation,reconciliation,48759,4324f32177ce15c52c8e1c570c259dc0,4324f32177ce15c52c8e1c570c259dc0,recon_installment_interest,"sold 119.76 vs paid 138.31 BRL, gap 18.55",low,20170311,RJ
2257,data_quality,orders,87673,e618cc48dc1a9bcbdb3f9743e25a36f1,e618cc48dc1a9bcbdb3f9743e25a36f1,carrier_before_approval,handed to carrier 2018-07-05 12:50:00 before approval 2018-07-05 16:25:46,low,20180704,SP
3132,reconciliation,reconciliation,61659,78d7cdfcab0a42ea5428365d6ad0ff34,78d7cdfcab0a42ea5428365d6ad0ff34,recon_installment_interest,"sold 155.46 vs paid 179.55 BRL, gap 24.09",low,20170506,RJ
1217,data_quality,orders,18384,3f35998ab9e335d4bbce362585565265,3f35998ab9e335d4bbce362585565265,carrier_before_approval,handed to carrier 2018-06-28 08:10:00 before approval 2018-06-28 08:50:49,low,20180627,RN
1718,data_quality,orders,50869,049fa9a29ba386943ccbd0954fe8b8a0,049fa9a29ba386943ccbd0954fe8b8a0,carrier_before_approval,handed to carrier 2018-07-03 17:14:00 before approval 2018-07-05 16:33:02,low,20180703,RJ
2124,data_quality,orders,78982,1bd5cd406d71988a9ea81d022fc161ba,1bd5cd406d71988a9ea81d022fc161ba,carrier_before_approval,handed to carrier 2018-04-24 16:54:35 before approval 2018-04-24 19:20:55,low,20180421,RJ
1465,data_quality,orders,35083,f09e36e258656850b92657ac5f67b6d5,f09e36e258656850b92657ac5f67b6d5,carrier_before_approval,handed to carrier 2018-07-04 09:56:00 before approval 2018-07-05 16:25:40,low,20180703,SP
1269,data_quality,orders,22439,4ac6cfb47c51ac043927b84975d1a62d,4ac6cfb47c51ac043927b84975d1a62d,carrier_before_approval,handed to carrier 2018-07-05 12:45:00 before approval 2018-07-05 17:03:19,low,20180703,RS
1620,data_quality,orders,45225,add6fca600991376414a6352a0bf85dc,add6fca600991376414a6352a0bf85dc,carrier_before_approval,handed to carrier 2018-04-23 22:38:37 before approval 2018-04-24 19:04:58,low,20180420,RS
2332,data_quality,orders,91452,94be6b672a642c5c33415e7ccc13c00c,94be6b672a642c5c33415e7ccc13c00c,carrier_before_approval,handed to carrier 2018-06-05 13:22:00 before approval 2018-06-05 14:31:12,low,20180605,PI
1396,data_quality,orders,29573,a54b9350f120bf643b010046fc8d7790,a54b9350f120bf643b010046fc8d7790,carrier_before_approval,handed to carrier 2018-07-05 14:43:00 before approval 2018-07-05 16:32:24,low,20180705,SP
2079,data_quality,orders,75066,986dfd5411cb5a65f3fe024bdb0d0745,986dfd5411cb5a65f3fe024bdb0d0745,carrier_before_approval,handed to carrier 2018-07-04 14:15:00 before approval 2018-07-05 16:05:58,low,20180703,RJ
3379,reconciliation,reconciliation,82614,3198796f14214053998f8f2eca1c9c59,3198796f14214053998f8f2eca1c9c59,recon_installment_interest,"sold 172.94 vs paid 199.75 BRL, gap 26.81",low,20170524,CE
36,data_quality,order_payments,42391,97eb8123f2508dda8d9234f0aca79572|2,97eb8123f2508dda8d9234f0aca79572,payment_sequence_gap,payment_sequential jumps from 0 to 2,low,20180413,SP
1379,data_quality,orders,28699,a5030749302e7c9a21f56e55fc391341,a5030749302e7c9a21f56e55fc391341,carrier_before_approval,handed to carrier 2018-07-05 08:47:00 before approval 2018-07-05 16:33:23,low,20180704,GO
1878,data_quality,orders,61821,d3e737e1eef1aa87ad5c92bcbf7396dc,d3e737e1eef1aa87ad5c92bcbf7396dc,carrier_before_approval,handed to carrier 2018-04-23 21:48:57 before approval 2018-04-24 19:05:26,low,20180423,SP
2118,data_quality,orders,78388,d02d64a92b368e50d9d1dd6093514a5d,d02d64a92b368e50d9d1dd6093514a5d,carrier_before_approval,handed to carrier 2018-06-19 13:48:00 before approval 2018-06-19 13:57:45,low,20180619,SP
2075,data_quality,orders,74898,21df2b96ea32eb3b985c7c87a398b8d0,21df2b96ea32eb3b985c7c87a398b8d0,carrier_before_approval,handed to carrier 2018-07-04 14:44:00 before approval 2018-07-05 16:32:46,low,20180703,RS
1113,data_quality,orders,12302,ab478182632e0212e5edd04806d1238c,ab478182632e0212e5edd04806d1238c,carrier_before_approval,handed to carrier 2018-07-04 11:36:00 before approval 2018-07-05 16:03:57,low,20180702,SP
20,data_quality,order_payments,26963,a80aedf3acd66b4cd4f63901251af78f|2,a80aedf3acd66b4cd4f63901251af78f,payment_sequence_gap,payment_sequential jumps from 0 to 2,low,20170425,SP
2280,data_quality,orders,88810,715c19fb47250380be905cedcd442b5a,715c19fb47250380be905cedcd442b5a,carrier_before_approval,handed to carrier 2018-07-05 15:03:00 before approval 2018-07-05 16:41:11,low,20180703,GO
1204,data_quality,orders,17510,fda1a539f5eb9cb47272718d3b833f79,fda1a539f5eb9cb47272718d3b833f79,carrier_before_approval,handed to carrier 2018-04-24 16:32:14 before approval 2018-04-24 18:34:08,low,20180421,DF
1612,data_quality,orders,44686,7a240ceeef4e675b85598c68d9aed65f,7a240ceeef4e675b85598c68d9aed65f,carrier_before_approval,handed to carrier 2018-04-23 23:21:37 before approval 2018-04-24 19:28:11,low,20180422,SP
2096,data_quality,orders,76334,b038f6ae89bdd1fddd3b51ace3ff8b30,b038f6ae89bdd1fddd3b51ace3ff8b30,carrier_before_approval,handed to carrier 2018-07-04 11:19:00 before approval 2018-07-05 16:13:40,low,20180703,SP
3454,reconciliation,reconciliation,89205,0693ed674763a4fc34e2c763c7fd25c2,0693ed674763a4fc34e2c763c7fd25c2,recon_rounding,"sold 642.64 vs paid 642.62 BRL, gap -0.02",low,20170703,RJ
2923,reconciliation,reconciliation,41120,c5bb8cf75ccd20ee373200ab31628770,c5bb8cf75ccd20ee373200ab31628770,recon_installment_interest,"sold 107.78 vs paid 121.80 BRL, gap 14.02",low,20170819,RS
1618,data_quality,orders,45018,ff8fa4002efe1dc72ea0343487e7b6c6,ff8fa4002efe1dc72ea0343487e7b6c6,carrier_before_approval,handed to carrier 2018-01-31 15:08:46 before approval 2018-02-03 23:32:07,low,20180129,SP
1891,data_quality,orders,62703,e8a8221d81dec1257a582b21f3db43fd,e8a8221d81dec1257a582b21f3db43fd,carrier_before_approval,handed to carrier 2018-08-01 11:34:00 before approval 2018-08-01 16:31:32,low,20180730,SP
1286,data_quality,orders,23390,441ab430a31f0c3424c85496c65bc8f2,441ab430a31f0c3424c85496c65bc8f2,carrier_before_approval,handed to carrier 2018-07-31 08:30:00 before approval 2018-08-01 16:31:29,low,20180728,SP
1019,data_quality,orders,6248,db17cc060cb420c7dbea80f797f010ae,db17cc060cb420c7dbea80f797f010ae,carrier_before_approval,handed to carrier 2018-07-05 14:32:00 before approval 2018-07-05 16:02:39,low,20180701,SP
2214,data_quality,orders,85487,acc128e9293460781736208a647dd87c,acc128e9293460781736208a647dd87c,carrier_before_approval,handed to carrier 2018-02-02 00:42:59 before approval 2018-02-04 23:31:38,low,20180130,PE
1040,data_quality,orders,7434,3b2d986d88e983cc12154191391193ad,3b2d986d88e983cc12154191391193ad,carrier_before_approval,handed to carrier 2018-07-04 15:11:00 before approval 2018-07-05 16:05:54,low,20180703,GO
2123,data_quality,orders,78964,9b0f1e1427db19a11c3ab29e6ebf4846,9b0f1e1427db19a11c3ab29e6ebf4846,carrier_before_approval,handed to carrier 2018-07-31 15:04:00 before approval 2018-08-01 16:31:37,low,20180729,SP
1952,data_quality,orders,67359,421bc5d68665463cbb939db50847894d,421bc5d68665463cbb939db50847894d,carrier_before_approval,handed to carrier 2018-07-05 15:03:00 before approval 2018-07-05 16:26:38,low,20180701,MT
2398,data_quality,orders,95382,7c15b7f016feebc19af2f23f5f8b9e4a,7c15b7f016feebc19af2f23f5f8b9e4a,carrier_before_approval,handed to carrier 2018-04-23 23:58:33 before approval 2018-04-24 19:07:42,low,20180423,SP
1348,data_quality,orders,27210,673005b4d67fb096100f48d7a6cb008f,673005b4d67fb096100f48d7a6cb008f,carrier_before_approval,handed to carrier 2018-07-04 13:45:00 before approval 2018-07-05 16:27:54,low,20180702,SP
3208,reconciliation,reconciliation,68812,bfdb5bbb06458d600a33d61f5f287472,bfdb5bbb06458d600a33d61f5f287472,recon_installment_interest,"sold 348.93 vs paid 394.36 BRL, gap 45.43",low,20180204,PI
2088,data_quality,orders,75756,210cf7d3028086f57d41f03d2a240390,210cf7d3028086f57d41f03d2a240390,carrier_before_approval,handed to carrier 2018-04-24 17:04:19 before approval 2018-04-24 19:28:54,low,20180420,PA
1473,data_quality,orders,35693,d5d94fa0d1e2f561eb38c08dd582cad8,d5d94fa0d1e2f561eb38c08dd582cad8,carrier_before_approval,handed to carrier 2018-07-05 12:44:00 before approval 2018-07-05 16:25:16,low,20180705,GO
1497,data_quality,orders,37755,a7b10e487b0ab6b5e6f059a7fd2e79bc,a7b10e487b0ab6b5e6f059a7fd2e79bc,carrier_before_approval,handed to carrier 2018-02-01 02:32:05 before approval 2018-02-03 23:31:49,low,20180129,SP
62,data_quality,order_payments,63845,c826a07d5cb930694861c4478383e5da|2,c826a07d5cb930694861c4478383e5da,payment_sequence_gap,payment_sequential jumps from 0 to 2,low,20180328,SP
1538,data_quality,orders,40460,9baa5b4e68d86c9f1694e1598b543a93,9baa5b4e68d86c9f1694e1598b543a93,carrier_before_approval,handed to carrier 2018-07-05 11:55:00 before approval 2018-07-05 16:20:18,low,20180702,SP
1851,data_quality,orders,60095,392abee0f881388ab93e4b6b5fd60177,392abee0f881388ab93e4b6b5fd60177,carrier_before_approval,handed to carrier 2018-07-05 13:56:00 before approval 2018-07-05 16:11:04,low,20180704,SP
2058,data_quality,orders,73872,be555543375e799bd0f439ffc16134ab,be555543375e799bd0f439ffc16134ab,carrier_before_approval,handed to carrier 2018-07-04 14:44:00 before approval 2018-07-05 16:06:58,low,20180703,MG
1579,data_quality,orders,42215,d4646c4ab91c910a48e894192d0c5a97,d4646c4ab91c910a48e894192d0c5a97,carrier_before_approval,handed to carrier 2018-03-05 18:39:11 before approval 2018-03-06 15:00:59,low,20180305,RJ
2413,data_quality,orders,96527,4e5eab0ade6de202ed67104e84e9636d,4e5eab0ade6de202ed67104e84e9636d,carrier_before_approval,handed to carrier 2018-04-24 17:32:15 before approval 2018-04-24 18:14:37,low,20180420,SP
2327,data_quality,orders,91184,d4374a2fe707b60c71f2d8932f8a93d4,d4374a2fe707b60c71f2d8932f8a93d4,carrier_before_approval,handed to carrier 2018-07-24 11:53:00 before approval 2018-07-25 23:32:10,low,20180720,RS
9,data_quality,order_payments,6201,f5691c2b1ca263490374d13d020bd950|2,f5691c2b1ca263490374d13d020bd950,payment_sequence_gap,payment_sequential jumps from 0 to 2,low,20180224,TO
993,data_quality,orders,4739,5928d420527d13a50a884bc80c6ea676,5928d420527d13a50a884bc80c6ea676,carrier_before_approval,handed to carrier 2018-07-04 13:41:00 before approval 2018-07-05 16:19:51,low,20180703,RS
2793,reconciliation,reconciliation,30104,38246d20fb91403c9ed13e1aa3c665ad,38246d20fb91403c9ed13e1aa3c665ad,recon_installment_interest,"sold 69.56 vs paid 73.59 BRL, gap 4.03",low,20170801,ES
1753,data_quality,orders,53139,7a0f0934c14eafa4b5afc9a590b9386f,7a0f0934c14eafa4b5afc9a590b9386f,carrier_before_approval,handed to carrier 2018-07-05 12:15:00 before approval 2018-07-05 16:15:43,low,20180704,MG
1993,data_quality,orders,69726,29bf861fea8df0d2df2b141d46aea6a5,29bf861fea8df0d2df2b141d46aea6a5,carrier_before_approval,handed to carrier 2018-04-23 18:33:02 before approval 2018-04-24 17:22:30,low,20180421,SP
1181,data_quality,orders,16453,37426c9050d76817b80ce7208f081fbd,37426c9050d76817b80ce7208f081fbd,carrier_before_approval,handed to carrier 2018-04-24 02:07:00 before approval 2018-04-24 18:09:44,low,20180422,SP
1437,data_quality,orders,33343,13d936efcc1a197d00449039d86a442a,13d936efcc1a197d00449039d86a442a,carrier_before_approval,handed to carrier 2018-04-23 23:35:30 before approval 2018-04-24 17:27:48,low,20180420,RS
1656,data_quality,orders,47290,f43e5eafabf8b91d5bf98e478fe28cff,f43e5eafabf8b91d5bf98e478fe28cff,carrier_before_approval,handed to carrier 2018-04-24 18:12:20 before approval 2018-04-24 19:07:34,low,20180423,RJ
1339,data_quality,orders,26591,2e1d942dd860482d56fb7b9e9f507cc0,2e1d942dd860482d56fb7b9e9f507cc0,carrier_before_approval,handed to carrier 2018-07-04 10:13:00 before approval 2018-07-05 16:32:38,low,20180703,ES
1265,data_quality,orders,22162,4b2dcf714729a31ae2d3b69b1dd35629,4b2dcf714729a31ae2d3b69b1dd35629,carrier_before_approval,handed to carrier 2018-04-23 19:32:08 before approval 2018-04-24 18:54:31,low,20180421,SP
3280,reconciliation,reconciliation,74563,b76190a2c095fba255ab46987545a660,b76190a2c095fba255ab46987545a660,recon_installment_interest,"sold 227.91 vs paid 263.24 BRL, gap 35.33",low,20180116,SP
74,data_quality,order_payments,77886,fa65dad1b0e818e3ccc5cb0e39231352|13,fa65dad1b0e818e3ccc5cb0e39231352,zero_value_payment,voucher payment with value 0.00,low,20170420,MT
2780,reconciliation,reconciliation,28643,33a7b8ae888999afb219263e9a36fb77,33a7b8ae888999afb219263e9a36fb77,recon_installment_interest,"sold 175.34 vs paid 198.19 BRL, gap 22.85",low,20180819,MG
2062,data_quality,orders,74147,f5eda04cf77ec4fc17a1c7a4e8984afb,f5eda04cf77ec4fc17a1c7a4e8984afb,carrier_before_approval,handed to carrier 2018-07-04 15:16:00 before approval 2018-07-05 16:25:39,low,20180702,SP
1487,data_quality,orders,37286,229407b9e8b4a23ecee01a9d354fc79b,229407b9e8b4a23ecee01a9d354fc79b,carrier_before_approval,handed to carrier 2018-07-23 12:36:00 before approval 2018-07-23 14:31:47,low,20180723,RJ
2458,data_quality,orders,98788,1ab38815794efa43d269d62b98dae815,1ab38815794efa43d269d62b98dae815,carrier_before_approval,handed to carrier 2018-07-04 14:34:00 before approval 2018-07-05 16:17:52,low,20180701,SP
2279,data_quality,orders,88801,b271c938db8f7fbc62ab95a19eb2becb,b271c938db8f7fbc62ab95a19eb2becb,carrier_before_approval,handed to carrier 2018-07-04 13:53:00 before approval 2018-07-05 16:10:47,low,20180702,RS
3366,reconciliation,reconciliation,81627,04e00ba23c33890eaee39b02e8185cc2,04e00ba23c33890eaee39b02e8185cc2,recon_installment_interest,"sold 48.30 vs paid 53.41 BRL, gap 5.11",low,20180725,RJ
2872,reconciliation,reconciliation,37241,5ac0d2c1229ba07ea5cd990360b21e34,5ac0d2c1229ba07ea5cd990360b21e34,recon_installment_interest,"sold 48.62 vs paid 50.86 BRL, gap 2.24",low,20170223,SP
1788,data_quality,orders,55544,6445a8b97a5e66d5c72eec0cb6650141,6445a8b97a5e66d5c72eec0cb6650141,carrier_before_approval,handed to carrier 2018-07-04 15:11:00 before approval 2018-07-05 16:32:46,low,20180703,SP
2608,reconciliation,reconciliation,11637,e4e9fa1ceb459e9dfebba5e0b09849f3,e4e9fa1ceb459e9dfebba5e0b09849f3,recon_installment_interest,"sold 78.76 vs paid 82.39 BRL, gap 3.63",low,20170308,SP
1671,data_quality,orders,48063,5115750c51f268f7427daf3657d1a699,5115750c51f268f7427daf3657d1a699,carrier_before_approval,handed to carrier 2018-04-24 18:18:42 before approval 2018-04-24 19:21:39,low,20180420,SP
1895,data_quality,orders,62943,d561072d49eab548e70aab56a180616e,d561072d49eab548e70aab56a180616e,carrier_before_approval,handed to carrier 2018-07-04 10:53:00 before approval 2018-07-05 16:04:53,low,20180701,SP
1732,data_quality,orders,51738,082e1d9362de402518ac4c47b4d82dd0,082e1d9362de402518ac4c47b4d82dd0,carrier_before_approval,handed to carrier 2017-08-01 13:59:59 before approval 2017-08-02 08:33:52,low,20170728,SP
2139,data_quality,orders,79604,b7e1823a1a3137ba666bef3dfbca19dd,b7e1823a1a3137ba666bef3dfbca19dd,carrier_before_approval,handed to carrier 2018-04-24 15:48:39 before approval 2018-04-24 18:48:20,low,20180423,SP
1787,data_quality,orders,55401,79847bdf9821dfcc7a036271d0c6044b,79847bdf9821dfcc7a036271d0c6044b,carrier_before_approval,handed to carrier 2018-07-05 14:19:00 before approval 2018-07-05 16:31:21,low,20180705,SP
1675,data_quality,orders,48259,f07589f27657a39d2d7cba90c38cd654,f07589f27657a39d2d7cba90c38cd654,carrier_before_approval,handed to carrier 2018-07-04 15:28:00 before approval 2018-07-05 16:17:03,low,20180703,RJ
2965,reconciliation,reconciliation,45494,21ca56b276a6b8d082a1261f33786085,21ca56b276a6b8d082a1261f33786085,recon_voucher_related,"sold 64.00 vs paid 66.46 BRL, gap 2.46",medium,20171213,MG
2408,data_quality,orders,96230,de6385a70e9d74e2aa426dcf6d21c9e1,de6385a70e9d74e2aa426dcf6d21c9e1,carrier_before_approval,handed to carrier 2018-04-24 16:38:36 before approval 2018-04-24 19:04:32,low,20180422,MG
2917,reconciliation,reconciliation,40613,1c437b4d4326d36b71e91dd7a7c2c4f6,1c437b4d4326d36b71e91dd7a7c2c4f6,recon_rounding,"sold 263.43 vs paid 263.45 BRL, gap 0.02",low,20180410,SC
2592,reconciliation,reconciliation,10336,ec3921c711c656d036c7316503867f69,ec3921c711c656d036c7316503867f69,recon_installment_interest,"sold 34.51 vs paid 36.10 BRL, gap 1.59",low,20170228,SC
2158,data_quality,orders,81614,f0fc730a1254996668db8e9161446323,f0fc730a1254996668db8e9161446323,carrier_before_approval,handed to carrier 2018-04-23 18:21:06 before approval 2018-04-24 18:07:30,low,20180422,SP
1068,data_quality,orders,9609,0fcb17f553e4ac7cd19be95d11a1669f,0fcb17f553e4ac7cd19be95d11a1669f,carrier_before_approval,handed to carrier 2018-05-10 14:54:00 before approval 2018-05-10 15:11:39,low,20180510,SP
1,data_quality,order_payments,626,900fac51d850dfc38fceb9c413441c67|2,900fac51d850dfc38fceb9c413441c67,payment_sequence_gap,payment_sequential jumps from 0 to 2,low,20180131,RJ
1404,data_quality,orders,30743,38fd57a781f31c3c00a012db1e52f6fa,38fd57a781f31c3c00a012db1e52f6fa,carrier_before_approval,handed to carrier 2018-04-24 15:03:30 before approval 2018-04-24 18:42:15,low,20180423,AL
1255,data_quality,orders,21725,9f40e393aa9198eec21f6c89f378da4c,9f40e393aa9198eec21f6c89f378da4c,carrier_before_approval,handed to carrier 2018-06-27 07:56:00 before approval 2018-06-27 09:11:27,low,20180625,SP
3093,reconciliation,reconciliation,57129,f44845a8eeec9bf829093ad92c846c09,f44845a8eeec9bf829093ad92c846c09,recon_installment_interest,"sold 61.66 vs paid 69.69 BRL, gap 8.03",low,20180711,BA
1091,data_quality,orders,10745,c56d2279b4db3e7028c3d647e709cee9,c56d2279b4db3e7028c3d647e709cee9,carrier_before_approval,handed to carrier 2018-04-24 16:18:34 before approval 2018-04-24 18:44:37,low,20180422,SP
1373,data_quality,orders,28239,6b3c0661b32905af6722a962d2fac779,6b3c0661b32905af6722a962d2fac779,carrier_before_approval,handed to carrier 2018-07-27 13:44:00 before approval 2018-07-27 13:45:13,low,20180727,SP
2275,data_quality,orders,88646,e02e028e7d2ce34852594cbb87cb7629,e02e028e7d2ce34852594cbb87cb7629,carrier_before_approval,handed to carrier 2018-07-05 14:41:00 before approval 2018-07-05 16:04:53,low,20180701,SP
2615,reconciliation,reconciliation,12212,67e09c3ba79d3041e1653c7dbf03425f,67e09c3ba79d3041e1653c7dbf03425f,recon_installment_interest,"sold 37.09 vs paid 39.62 BRL, gap 2.53",low,20180130,DF
3194,reconciliation,reconciliation,67649,90f4238d4a0d8f6371e4fbb18af5df64,90f4238d4a0d8f6371e4fbb18af5df64,recon_installment_interest,"sold 40.86 vs paid 47.19 BRL, gap 6.33",low,20170503,SP
68,data_quality,order_payments,73045,4b2dcf714729a31ae2d3b69b1dd35629|2,4b2dcf714729a31ae2d3b69b1dd35629,payment_sequence_gap,payment_sequential jumps from 0 to 2,low,20180421,SP
28,data_quality,order_payments,36823,fa65dad1b0e818e3ccc5cb0e39231352|14,fa65dad1b0e818e3ccc5cb0e39231352,zero_value_payment,voucher payment with value 0.00,low,20170420,MT
1094,data_quality,orders,10903,13d6f87da8ba3d0feb95e58ab304a9dd,13d6f87da8ba3d0feb95e58ab304a9dd,carrier_before_approval,handed to carrier 2018-05-21 14:47:00 before approval 2018-05-24 17:33:05,low,20180521,MG
2085,data_quality,orders,75632,a49dc0169f9bb6d3ac9829bdebd12299,a49dc0169f9bb6d3ac9829bdebd12299,carrier_before_approval,handed to carrier 2018-07-24 14:55:00 before approval 2018-07-26 23:31:27,low,20180721,SP
919,data_quality,orders,818,6051e6d3da9a50b7325cbe9c81025062,6051e6d3da9a50b7325cbe9c81025062,carrier_before_approval,handed to carrier 2018-07-04 12:14:00 before approval 2018-07-05 16:31:26,low,20180703,SP
1449,data_quality,orders,34139,e4a03aa31a44aef0f584dff623119c72,e4a03aa31a44aef0f584dff623119c72,carrier_before_approval,handed to carrier 2018-08-16 13:17:00 before approval 2018-08-16 16:38:42,low,20180816,DF
2269,data_quality,orders,88170,b2c1d65b858a8658622354076fafbd0c,b2c1d65b858a8658622354076fafbd0c,carrier_before_approval,handed to carrier 2018-08-09 13:57:00 before approval 2018-08-09 14:30:16,low,20180809,SP
1977,data_quality,orders,68608,95807754346c1a01b8040f29f42f74d7,95807754346c1a01b8040f29f42f74d7,carrier_before_approval,handed to carrier 2018-07-04 12:31:00 before approval 2018-07-05 16:31:46,low,20180703,SC
2358,data_quality,orders,93306,cd2a97948b841f4702799b800b8e5b29,cd2a97948b841f4702799b800b8e5b29,carrier_before_approval,handed to carrier 2018-04-23 20:18:38 before approval 2018-04-24 18:02:40,low,20180419,PR
1056,data_quality,orders,8710,c4045d70da44ecbef2afb4407592fe90,c4045d70da44ecbef2afb4407592fe90,carrier_before_approval,handed to carrier 2018-05-11 13:26:00 before approval 2018-05-11 14:16:17,low,20180510,ES
1421,data_quality,orders,31622,1765804f6753bf6a25ba8c9fd45977f9,1765804f6753bf6a25ba8c9fd45977f9,carrier_before_approval,handed to carrier 2018-07-05 15:27:00 before approval 2018-07-05 16:21:52,low,20180704,MG
2018,data_quality,orders,71270,85bdbf544abea637f0ed3c856bd0a0ca,85bdbf544abea637f0ed3c856bd0a0ca,carrier_before_approval,handed to carrier 2018-07-03 15:14:00 before approval 2018-07-05 16:02:57,low,20180629,RJ
3080,reconciliation,reconciliation,55998,a196d7c6ecd939360a6dfbee0ebacadb,a196d7c6ecd939360a6dfbee0ebacadb,recon_installment_interest,"sold 123.47 vs paid 139.55 BRL, gap 16.08",low,20180214,MG
2362,data_quality,orders,93548,114a99f9d47f2dae0f5666161cede6a6,114a99f9d47f2dae0f5666161cede6a6,carrier_before_approval,handed to carrier 2018-04-24 17:46:31 before approval 2018-04-24 18:34:58,low,20180422,SP
3261,reconciliation,reconciliation,72940,f090de1b2ed9f4e251662cb31e3c7127,f090de1b2ed9f4e251662cb31e3c7127,recon_installment_interest,"sold 26.71 vs paid 27.63 BRL, gap 0.92",low,20170222,SP
2414,data_quality,orders,96671,c7a7200ede6d21b5eac67705000af954,c7a7200ede6d21b5eac67705000af954,carrier_before_approval,handed to carrier 2018-07-05 08:02:00 before approval 2018-07-05 16:18:00,low,20180705,BA
1585,data_quality,orders,42930,4669128c3280c4b2c99e4de410143681,4669128c3280c4b2c99e4de410143681,carrier_before_approval,handed to carrier 2018-07-05 16:08:00 before approval 2018-07-05 16:27:27,low,20180704,GO
1168,data_quality,orders,15788,c43d9824271456d761379296996811fc,c43d9824271456d761379296996811fc,carrier_before_approval,handed to carrier 2018-07-23 11:25:00 before approval 2018-07-23 12:32:44,low,20180722,SP
1191,data_quality,orders,16740,4d3fd3b2bf5c3adc542718183a646bac,4d3fd3b2bf5c3adc542718183a646bac,carrier_before_approval,handed to carrier 2018-04-23 19:14:24 before approval 2018-04-24 19:02:04,low,20180422,PA
969,data_quality,orders,3647,9aec77497620910d9b081312430ebd93,9aec77497620910d9b081312430ebd93,carrier_before_approval,handed to carrier 2018-04-24 00:38:43 before approval 2018-04-24 18:08:01,low,20180421,SP
63,data_quality,order_payments,66315,166b01d0fce75a595b92ad9e84e0843b|2,166b01d0fce75a595b92ad9e84e0843b,payment_sequence_gap,payment_sequential jumps from 0 to 2,low,20170911,CE
2033,data_quality,orders,72323,2ca1f43a3b966324bcd1fee4818d01e3,2ca1f43a3b966324bcd1fee4818d01e3,carrier_before_approval,handed to carrier 2018-04-23 18:03:45 before approval 2018-04-24 19:02:32,low,20180421,SP
3041,reconciliation,reconciliation,52776,9224db86cedf958891e1b1afb4ad570c,9224db86cedf958891e1b1afb4ad570c,recon_installment_interest,"sold 88.89 vs paid 102.67 BRL, gap 13.78",low,20170130,MG
3409,reconciliation,reconciliation,84998,e0f7f2941ad3a817c0cdb8f90b13f0f3,e0f7f2941ad3a817c0cdb8f90b13f0f3,recon_rounding,"sold 256.38 vs paid 256.40 BRL, gap 0.02",low,20171123,RJ
2240,data_quality,orders,86502,191fad9a46d531249b20f63ff199efe2,191fad9a46d531249b20f63ff199efe2,carrier_before_approval,handed to carrier 2018-07-05 15:19:00 before approval 2018-07-05 16:33:12,low,20180705,PR
53,data_quality,order_payments,58696,7897a2eebb3941ae97159cb88f65cb1c|2,7897a2eebb3941ae97159cb88f65cb1c,payment_sequence_gap,payment_sequential jumps from 0 to 2,low,20180121,SP
38,data_quality,order_payments,43209,5a254755df1e90c1e7bff386319a9cc7|2,5a254755df1e90c1e7bff386319a9cc7,payment_sequence_gap,payment_sequential jumps from 0 to 2,low,20180505,PI
14,data_quality,order_payments,15768,fce3db7092e1f432d0ec790414b6a5e4|2,fce3db7092e1f432d0ec790414b6a5e4,payment_sequence_gap,payment_sequential jumps from 0 to 2,low,20180531,SP
1251,data_quality,orders,21581,720eff52272ce75d967e9a8f382681f3,720eff52272ce75d967e9a8f382681f3,carrier_before_approval,handed to carrier 2018-07-04 15:11:00 before approval 2018-07-05 16:31:13,low,20180703,SP
1946,data_quality,orders,66528,002175704e8b209f61b9ad5cfd92b60e,002175704e8b209f61b9ad5cfd92b60e,carrier_before_approval,handed to carrier 2018-04-23 19:03:19 before approval 2018-04-24 17:24:48,low,20180422,SP
2571,reconciliation,reconciliation,8549,8d9c0dc8d5a2ce804f6b925d8f8e6c1d,8d9c0dc8d5a2ce804f6b925d8f8e6c1d,recon_installment_interest,"sold 254.45 vs paid 293.89 BRL, gap 39.44",low,20180319,RJ
1446,data_quality,orders,33725,790adedc3b5b66b16b14675e794382b3,790adedc3b5b66b16b14675e794382b3,carrier_before_approval,handed to carrier 2018-07-05 14:25:00 before approval 2018-07-05 16:27:45,low,20180703,RJ
1747,data_quality,orders,52621,f09e65822983a5488ca34c053ed555ac,f09e65822983a5488ca34c053ed555ac,carrier_before_approval,handed to carrier 2018-07-05 14:19:00 before approval 2018-07-05 16:10:18,low,20180705,SP
1814,data_quality,orders,57680,2055a5d587514fc2e59552e6bc6e0a5e,2055a5d587514fc2e59552e6bc6e0a5e,carrier_before_approval,handed to carrier 2018-04-23 21:04:53 before approval 2018-04-24 18:58:24,low,20180422,SP
1678,data_quality,orders,48448,979c4326cc15330dd0b1e4547e25e81c,979c4326cc15330dd0b1e4547e25e81c,carrier_before_approval,handed to carrier 2018-04-24 18:19:23 before approval 2018-04-24 18:21:35,low,20180423,BA
2016,data_quality,orders,71207,737c93fc3e93b56ba3055202da5b219a,737c93fc3e93b56ba3055202da5b219a,carrier_before_approval,handed to carrier 2018-07-04 14:15:00 before approval 2018-07-05 16:08:15,low,20180629,PR
2008,data_quality,orders,70689,dbcf58228a08ba02230fb4a888fb988d,dbcf58228a08ba02230fb4a888fb988d,carrier_before_approval,handed to carrier 2018-04-23 19:21:01 before approval 2018-04-24 18:34:08,low,20180422,SP
1971,data_quality,orders,68390,b843ecf0468cd0f373c436effbd6f37f,b843ecf0468cd0f373c436effbd6f37f,carrier_before_approval,handed to carrier 2018-07-04 10:11:00 before approval 2018-07-05 16:22:37,low,20180702,SP
2329,data_quality,orders,91244,2e1f6e6e433e40edc3aa9db762193273,2e1f6e6e433e40edc3aa9db762193273,carrier_before_approval,handed to carrier 2018-02-01 15:59:21 before approval 2018-02-04 23:31:31,low,20180130,SP
2504,reconciliation,reconciliation,2278,b38b3526b8b8fdc807e8a0a42ab78573,b38b3526b8b8fdc807e8a0a42ab78573,recon_installment_interest,"sold 30.06 vs paid 30.19 BRL, gap 0.13",low,20180817,MG
987,data_quality,orders,4648,30bfd28e95a1e63924d71084f47c8ae8,30bfd28e95a1e63924d71084f47c8ae8,carrier_before_approval,handed to carrier 2018-04-24 18:51:06 before approval 2018-04-24 18:55:33,low,20180422,SP
2312,data_quality,orders,90407,8caa77ff40d44d6d22eb8b3079c3c324,8caa77ff40d44d6d22eb8b3079c3c324,carrier_before_approval,handed to carrier 2018-04-23 16:19:08 before approval 2018-04-24 19:24:57,low,20180420,PR
1475,data_quality,orders,35773,6a0633b045fa76bef36ac14dd4a3f165,6a0633b045fa76bef36ac14dd4a3f165,carrier_before_approval,handed to carrier 2018-07-04 08:51:00 before approval 2018-07-05 16:10:39,low,20180703,BA
3184,reconciliation,reconciliation,66633,b887a2e34410f9ca015c231938fc3842,b887a2e34410f9ca015c231938fc3842,recon_installment_interest,"sold 46.22 vs paid 53.38 BRL, gap 7.16",low,20180610,SP
3053,reconciliation,reconciliation,53670,a52e6fa2d7c6ecaf73ff5f7f10438339,a52e6fa2d7c6ecaf73ff5f7f10438339,recon_installment_interest,"sold 207.00 vs paid 233.97 BRL, gap 26.97",low,20170128,RJ
2668,reconciliation,reconciliation,17220,40c3b608098b72f21af4a0a9006af9d2,40c3b608098b72f21af4a0a9006af9d2,recon_installment_interest,"sold 58.33 vs paid 63.10 BRL, gap 4.77",low,20180807,RJ
1890,data_quality,orders,62350,0133a47b53fee66218790a8d7dcab993,0133a47b53fee66218790a8d7dcab993,carrier_before_approval,handed to carrier 2018-04-23 17:33:54 before approval 2018-04-24 18:59:19,low,20180420,RS
1808,data_quality,orders,57358,f91129f9c042c85dbc000f46b36492a5,f91129f9c042c85dbc000f46b36492a5,carrier_before_approval,handed to carrier 2018-07-31 13:36:00 before approval 2018-08-02 13:43:18,low,20180730,MS
1401,data_quality,orders,30370,0d8bde7325af3ab269064a609e832c91,0d8bde7325af3ab269064a609e832c91,carrier_before_approval,handed to carrier 2018-07-05 13:10:00 before approval 2018-07-05 16:30:48,low,20180705,ES
912,data_quality,orders,211,412fccb2b44a99b36714bca3fef8ad7b,412fccb2b44a99b36714bca3fef8ad7b,carrier_before_approval,handed to carrier 2018-07-23 12:24:00 before approval 2018-07-23 12:31:53,low,20180722,SP
1086,data_quality,orders,10582,16388d0b6852174384f06c9f1509d10c,16388d0b6852174384f06c9f1509d10c,carrier_before_approval,handed to carrier 2018-08-10 15:20:00 before approval 2018-08-10 15:50:17,low,20180810,SP
1069,data_quality,orders,9648,326fa4ef13e06290f3b142da7663d4af,326fa4ef13e06290f3b142da7663d4af,carrier_before_approval,handed to carrier 2018-08-06 12:33:00 before approval 2018-08-11 23:31:58,low,20180806,BA
25,data_quality,order_payments,31783,45e12e19713820e099be97aaeb65b4d4|2,45e12e19713820e099be97aaeb65b4d4,payment_sequence_gap,payment_sequential jumps from 0 to 2,low,20171015,MA
1607,data_quality,orders,44453,85d142633f7411ccb6c6af60c196b8c5,85d142633f7411ccb6c6af60c196b8c5,carrier_before_approval,handed to carrier 2018-07-04 14:30:00 before approval 2018-07-05 16:27:16,low,20180703,MG
1420,data_quality,orders,31590,7e44fbbef1ef258486c161d0f53f2c19,7e44fbbef1ef258486c161d0f53f2c19,carrier_before_approval,handed to carrier 2018-07-05 14:45:00 before approval 2018-07-05 16:25:15,low,20180704,MG
2454,data_quality,orders,98711,1378f9601350615613cc8832d6789c5d,1378f9601350615613cc8832d6789c5d,carrier_before_approval,handed to carrier 2017-09-04 18:07:55 before approval 2017-09-13 22:03:51,low,20170901,RS
1207,data_quality,orders,17716,19ac9c16a1ba1aad8f39aee10e7daef2,19ac9c16a1ba1aad8f39aee10e7daef2,carrier_before_approval,handed to carrier 2018-04-23 23:25:30 before approval 2018-04-24 18:57:07,low,20180420,MG
1517,data_quality,orders,38828,6d70b44b2d0742e51c0434faba7c9afe,6d70b44b2d0742e51c0434faba7c9afe,carrier_before_approval,handed to carrier 2018-07-24 11:05:00 before approval 2018-07-26 23:31:41,low,20180721,ES
2092,data_quality,orders,76092,3c93a4cc9ca8a3e1148b82d0425be9c4,3c93a4cc9ca8a3e1148b82d0425be9c4,carrier_before_approval,handed to carrier 2018-08-09 13:37:00 before approval 2018-08-09 14:30:16,low,20180809,SP
1912,data_quality,orders,64232,3a41d0e227b4c6fff055561af5eaca13,3a41d0e227b4c6fff055561af5eaca13,carrier_before_approval,handed to carrier 2018-07-04 15:11:00 before approval 2018-07-05 16:11:06,low,20180703,SP
3192,reconciliation,reconciliation,67515,028aa7c930356788f861ed1b7f984819,028aa7c930356788f861ed1b7f984819,recon_installment_interest,"sold 57.53 vs paid 62.94 BRL, gap 5.41",low,20180113,RJ
1245,data_quality,orders,21253,ff3d6fd1b0c2dff1989ae3e6841498bf,ff3d6fd1b0c2dff1989ae3e6841498bf,carrier_before_approval,handed to carrier 2018-06-27 08:59:00 before approval 2018-06-27 09:56:03,low,20180626,MG
3097,reconciliation,reconciliation,58199,d9647302d75348f06e63f8444ef95544,d9647302d75348f06e63f8444ef95544,recon_installment_interest,"sold 52.59 vs paid 59.44 BRL, gap 6.85",low,20171029,SP
2426,data_quality,orders,97588,7c91640daf4cb53f476cd9db5eb0baf5,7c91640daf4cb53f476cd9db5eb0baf5,carrier_before_approval,handed to carrier 2018-05-21 15:05:00 before approval 2018-05-24 17:35:04,low,20180521,SP
1349,data_quality,orders,27277,8ad43a57bb88d52531c6facae014a8ae,8ad43a57bb88d52531c6facae014a8ae,carrier_before_approval,handed to carrier 2018-07-04 14:31:00 before approval 2018-07-05 17:02:53,low,20180704,MG
2022,data_quality,orders,71562,5394df5f572a529d916abd5272d0bb13,5394df5f572a529d916abd5272d0bb13,carrier_before_approval,handed to carrier 2018-07-05 14:37:00 before approval 2018-07-05 16:24:48,low,20180704,SP
1680,data_quality,orders,48531,e317f41180b8a6fa3ce86b6fba6ac3fa,e317f41180b8a6fa3ce86b6fba6ac3fa,carrier_before_approval,handed to carrier 2018-06-27 07:37:00 before approval 2018-06-27 08:54:31,low,20180625,AC
2632,reconciliation,reconciliation,13509,06d7e8a85f5cfef576c5303ed7d7f2e5,06d7e8a85f5cfef576c5303ed7d7f2e5,recon_installment_interest,"sold 63.72 vs paid 72.02 BRL, gap 8.30",low,20161007,MG
2462,data_quality,orders,98969,bf0e0772c9e81651f6f0f255ed74bf88,bf0e0772c9e81651f6f0f255ed74bf88,carrier_before_approval,handed to carrier 2018-05-29 14:09:00 before approval 2018-05-29 14:11:32,low,20180529,MG
3299,reconciliation,reconciliation,75953,4b3176150cda3ef1348ba91dfb6c7b32,4b3176150cda3ef1348ba91dfb6c7b32,recon_installment_interest,"sold 46.00 vs paid 48.67 BRL, gap 2.67",low,20171114,RJ
1947,data_quality,orders,66532,33155e3c770d0aeb3c0e7d431e6b420d,33155e3c770d0aeb3c0e7d431e6b420d,carrier_before_approval,handed to carrier 2018-07-04 16:13:00 before approval 2018-07-05 16:32:50,low,20180704,RJ
1356,data_quality,orders,27478,267519bdbe13b2f237af57f3f1b86a9e,267519bdbe13b2f237af57f3f1b86a9e,carrier_before_approval,handed to carrier 2018-07-04 06:54:00 before approval 2018-07-05 16:13:39,low,20180703,GO
1586,data_quality,orders,43025,aa61e95f95f3ec74b8a3b7c5c174c0c5,aa61e95f95f3ec74b8a3b7c5c174c0c5,carrier_before_approval,handed to carrier 2018-07-05 09:08:00 before approval 2018-07-05 16:32:10,low,20180704,RS
1861,data_quality,orders,60581,12f0d35d150a1645900980264e766cc6,12f0d35d150a1645900980264e766cc6,carrier_before_approval,handed to carrier 2018-07-04 14:59:00 before approval 2018-07-05 16:32:47,low,20180703,MG
1673,data_quality,orders,48108,a5bc76cff5020a123d1fdbbf26e06774,a5bc76cff5020a123d1fdbbf26e06774,carrier_before_approval,handed to carrier 2018-07-05 12:42:00 before approval 2018-07-05 16:24:48,low,20180704,SP
1545,data_quality,orders,40847,06f69fec6e098f6350cefea19ca51ff4,06f69fec6e098f6350cefea19ca51ff4,carrier_before_approval,handed to carrier 2018-07-05 15:26:00 before approval 2018-07-05 16:11:09,low,20180705,DF
1054,data_quality,orders,8600,038f8b45fafa1130d2557e5b8dfd5d71,038f8b45fafa1130d2557e5b8dfd5d71,carrier_before_approval,handed to carrier 2018-07-23 11:11:00 before approval 2018-07-23 11:31:28,low,20180722,SP
91,data_quality,order_payments,98135,94fe39bee80c1c3079352b97adba095a|2,94fe39bee80c1c3079352b97adba095a,payment_sequence_gap,payment_sequential jumps from 0 to 2,low,20180118,PI
1919,data_quality,orders,65329,59bcef0c3287abc23a5807748b62b7ad,59bcef0c3287abc23a5807748b62b7ad,carrier_before_approval,handed to carrier 2018-07-31 14:56:00 before approval 2018-08-02 13:43:21,low,20180730,SP
2376,data_quality,orders,94248,0814daa4d12a646aeb73c429d5852f4d,0814daa4d12a646aeb73c429d5852f4d,carrier_before_approval,handed to carrier 2018-07-30 14:58:00 before approval 2018-08-01 16:31:31,low,20180728,MG
1370,data_quality,orders,28159,6c9d8a503389b985fe15e2f6c3b5f7cb,6c9d8a503389b985fe15e2f6c3b5f7cb,carrier_before_approval,handed to carrier 2018-07-04 08:40:00 before approval 2018-07-05 16:04:15,low,20180630,SP
2423,data_quality,orders,97316,6a7479a3e53e4e29f03b3ae5f83a5498,6a7479a3e53e4e29f03b3ae5f83a5498,carrier_before_approval,handed to carrier 2018-04-24 17:17:44 before approval 2018-04-24 17:30:24,low,20180422,MG
1491,data_quality,orders,37572,b8da1a3a182f9172670e36c996363708,b8da1a3a182f9172670e36c996363708,carrier_before_approval,handed to carrier 2018-04-24 17:58:39 before approval 2018-04-24 19:08:24,low,20180424,SP
1480,data_quality,orders,36407,60d1bad2dd9051ddf6155fa1965d5c72,60d1bad2dd9051ddf6155fa1965d5c72,carrier_before_approval,handed to carrier 2018-04-24 17:17:58 before approval 2018-04-24 18:59:44,low,20180421,SP
2876,reconciliation,reconciliation,37486,a60e074eb5678582482c8bc0612e591c,a60e074eb5678582482c8bc0612e591c,recon_installment_interest,"sold 74.66 vs paid 85.65 BRL, gap 10.99",low,20180129,RS
2063,data_quality,orders,74188,d15a4c4d1426b7275d538063d8fe4c6a,d15a4c4d1426b7275d538063d8fe4c6a,carrier_before_approval,handed to carrier 2018-04-23 16:48:48 before approval 2018-04-24 18:44:29,low,20180420,SP
2395,data_quality,orders,95128,ed737c73d49d514352d4a57de3ca77c2,ed737c73d49d514352d4a57de3ca77c2,carrier_before_approval,handed to carrier 2018-04-24 11:22:13 before approval 2018-04-24 18:22:44,low,20180422,SP
1304,data_quality,orders,24592,b0018957adea4b9acded9df77514b844,b0018957adea4b9acded9df77514b844,carrier_before_approval,handed to carrier 2018-07-04 15:06:00 before approval 2018-07-05 16:11:47,low,20180703,SP
1924,data_quality,orders,65533,db2ab2d67b7e072882b87621025cc8d6,db2ab2d67b7e072882b87621025cc8d6,carrier_before_approval,handed to carrier 2017-08-01 15:22:11 before approval 2017-08-02 08:32:15,low,20170730,SP
2960,reconciliation,reconciliation,44865,8dd554aaa8e7d61ddde56ba4189c780f,8dd554aaa8e7d61ddde56ba4189c780f,recon_rounding,"sold 307.21 vs paid 307.23 BRL, gap 0.02",low,20180130,GO
2853,reconciliation,reconciliation,35019,e99bb46d32c47a666290f7c5928f7236,e99bb46d32c47a666290f7c5928f7236,recon_installment_interest,"sold 136.59 vs paid 154.38 BRL, gap 17.79",low,20170712,RJ
1588,data_quality,orders,43285,eb9c386367b06468eb9334ad5a9f28bc,eb9c386367b06468eb9334ad5a9f28bc,carrier_before_approval,handed to carrier 2018-04-24 16:10:04 before approval 2018-04-24 19:08:47,low,20180422,SP
2331,data_quality,orders,91445,7f579a347e00ac4d36c143a5969e5189,7f579a347e00ac4d36c143a5969e5189,carrier_before_approval,handed to carrier 2018-07-24 13:38:00 before approval 2018-07-26 23:31:24,low,20180721,RS
2387,data_quality,orders,94800,dd71d407875ef4dd2c29c8eabd2bc56e,dd71d407875ef4dd2c29c8eabd2bc56e,carrier_before_approval,handed to carrier 2018-04-23 18:30:52 before approval 2018-04-24 17:41:57,low,20180422,DF
1553,data_quality,orders,41422,1bab77281b20f4719d0a9f87f2282fde,1bab77281b20f4719d0a9f87f2282fde,carrier_before_approval,handed to carrier 2017-04-27 07:42:03 before approval 2017-04-27 10:33:13,low,20170424,SP
2226,data_quality,orders,86020,9ac6af8b99d3bac9717dfb60bfdaed60,9ac6af8b99d3bac9717dfb60bfdaed60,carrier_before_approval,handed to carrier 2018-07-23 08:46:00 before approval 2018-07-23 11:31:23,low,20180722,BA
2245,data_quality,orders,86701,9e1b037882254a396408181e76546b01,9e1b037882254a396408181e76546b01,carrier_before_approval,handed to carrier 2018-07-24 15:55:00 before approval 2018-07-28 23:31:07,low,20180723,PR
2320,data_quality,orders,90781,529803de3fafe0402da504545ed10047,529803de3fafe0402da504545ed10047,carrier_before_approval,handed to carrier 2018-07-05 12:54:00 before approval 2018-07-05 16:05:44,low,20180701,SP
1384,data_quality,orders,29088,cfa2faba61860f34b537dc9a7e42f544,cfa2faba61860f34b537dc9a7e42f544,carrier_before_approval,handed to carrier 2018-01-31 18:14:34 before approval 2018-02-04 23:31:41,low,20180130,RS
2030,data_quality,orders,72081,d62a17b3c34827259aa27647123f551e,d62a17b3c34827259aa27647123f551e,carrier_before_approval,handed to carrier 2018-04-23 19:34:54 before approval 2018-04-24 19:23:56,low,20180420,SP
1819,data_quality,orders,57872,c651217322b400d1c7f2fb8230870721,c651217322b400d1c7f2fb8230870721,carrier_before_approval,handed to carrier 2018-04-24 17:04:24 before approval 2018-04-24 18:14:49,low,20180420,RJ
2106,data_quality,orders,77119,8007ea147c63f8912e750ada3665086d,8007ea147c63f8912e750ada3665086d,carrier_before_approval,handed to carrier 2018-04-24 16:08:34 before approval 2018-04-24 18:42:05,low,20180423,SP
2384,data_quality,orders,94672,2d834ec410b63544e1d9bc1461ecf175,2d834ec410b63544e1d9bc1461ecf175,carrier_before_approval,handed to carrier 2018-01-31 19:34:03 before approval 2018-02-04 23:31:46,low,20180130,SC
1871,data_quality,orders,61341,61f6ae0e872b9606ece03b676b113436,61f6ae0e872b9606ece03b676b113436,carrier_before_approval,handed to carrier 2018-04-23 19:18:00 before approval 2018-04-24 18:13:59,low,20180421,SP
1492,data_quality,orders,37602,9230c8324320aabb46dcfbc11da845aa,9230c8324320aabb46dcfbc11da845aa,carrier_before_approval,handed to carrier 2018-05-07 15:05:00 before approval 2018-05-07 16:13:20,low,20180507,PR
3269,reconciliation,reconciliation,73378,f51fb43d2d69e83cc9cca35f9706798b,f51fb43d2d69e83cc9cca35f9706798b,recon_installment_interest,"sold 43.58 vs paid 46.61 BRL, gap 3.03",low,20171121,SP
2081,data_quality,orders,75097,a4396e55c140360b67296ee34f56752c,a4396e55c140360b67296ee34f56752c,carrier_before_approval,handed to carrier 2018-07-26 10:17:00 before approval 2018-07-28 23:31:03,low,20180723,RS
1504,data_quality,orders,38098,da7d3c6c66e6838cfb5b2ec2df177a57,da7d3c6c66e6838cfb5b2ec2df177a57,carrier_before_approval,handed to carrier 2018-05-22 09:04:00 before approval 2018-05-22 09:14:33,low,20180518,BA
1126,data_quality,orders,13136,5b431846416d0c400a970fee0d33b654,5b431846416d0c400a970fee0d33b654,carrier_before_approval,handed to carrier 2018-04-23 19:03:11 before approval 2018-04-24 17:43:39,low,20180421,MG
1448,data_quality,orders,34033,308af2adf367ec45187f929522f6b9ac,308af2adf367ec45187f929522f6b9ac,carrier_before_approval,handed to carrier 2018-07-04 15:20:00 before approval 2018-07-05 16:33:01,low,20180703,RJ
1283,data_quality,orders,23142,df719e82188cc47552d259703d5413f0,df719e82188cc47552d259703d5413f0,carrier_before_approval,handed to carrier 2018-07-30 14:58:00 before approval 2018-08-01 16:31:43,low,20180728,DF
1029,data_quality,orders,6611,997aa6af22dd08ccfc5064a112a22aac,997aa6af22dd08ccfc5064a112a22aac,carrier_before_approval,handed to carrier 2018-05-22 15:43:00 before approval 2018-05-22 17:15:06,low,20180522,SC
1737,data_quality,orders,52096,de1b85f04c5fe5b727293a8133502cb1,de1b85f04c5fe5b727293a8133502cb1,carrier_before_approval,handed to carrier 2018-04-23 23:39:47 before approval 2018-04-24 18:58:16,low,20180419,SP
1213,data_quality,orders,18075,b367cc1437c9d0b2794f759930e61eba,b367cc1437c9d0b2794f759930e61eba,carrier_before_approval,handed to carrier 2018-04-23 22:28:54 before approval 2018-04-24 18:42:20,low,20180421,RJ
1550,data_quality,orders,41204,f02c97921d050822b79ace5646299e12,f02c97921d050822b79ace5646299e12,carrier_before_approval,handed to carrier 2018-07-04 10:48:00 before approval 2018-07-05 16:25:21,low,20180702,RS
2830,reconciliation,reconciliation,33385,6b0ac1bdea322c7060eea92feb9e9a6f,6b0ac1bdea322c7060eea92feb9e9a6f,recon_installment_interest,"sold 327.87 vs paid 362.56 BRL, gap 34.69",low,20180628,RS
1751,data_quality,orders,52980,0f6f05d4fb3a94f1cf6cca2700c259d3,0f6f05d4fb3a94f1cf6cca2700c259d3,carrier_before_approval,handed to carrier 2018-04-24 00:03:30 before approval 2018-04-24 18:39:29,low,20180422,BA
1055,data_quality,orders,8662,45acb6840b062e10dd63454b19ce5212,45acb6840b062e10dd63454b19ce5212,carrier_before_approval,handed to carrier 2018-07-05 12:46:00 before approval 2018-07-05 16:21:01,low,20180703,SE
2232,data_quality,orders,86263,0b2e6b4673da2264a5318ef4abe1fd44,0b2e6b4673da2264a5318ef4abe1fd44,carrier_before_approval,handed to carrier 2018-07-04 11:07:00 before approval 2018-07-05 16:18:53,low,20180703,MA
1236,data_quality,orders,20240,d8148e06f2f2b366a0c8df064103223b,d8148e06f2f2b366a0c8df064103223b,carrier_before_approval,handed to carrier 2018-04-24 18:09:01 before approval 2018-04-24 19:24:14,low,20180423,RS
2217,data_quality,orders,85560,23b1eb268049c1d2a04b22784867e75b,23b1eb268049c1d2a04b22784867e75b,carrier_before_approval,handed to carrier 2018-07-03 12:06:00 before approval 2018-07-05 16:15:48,low,20180701,MG
1002,data_quality,orders,5264,0983f1f175846f974bff91862731fa68,0983f1f175846f974bff91862731fa68,carrier_before_approval,handed to carrier 2018-04-23 23:12:14 before approval 2018-04-24 17:55:38,low,20180422,RS
2404,data_quality,orders,95882,982727416ef47cb3095b02dfccb621bf,982727416ef47cb3095b02dfccb621bf,carrier_before_approval,handed to carrier 2018-07-05 14:13:00 before approval 2018-07-05 16:21:53,low,20180703,RJ
1037,data_quality,orders,7295,f75d04d7bf218d0026ebdbd703d70fa0,f75d04d7bf218d0026ebdbd703d70fa0,carrier_before_approval,handed to carrier 2018-07-04 11:44:00 before approval 2018-07-05 16:34:57,low,20180703,BA
79,data_quality,order_payments,80760,931a32b4ca3fdc36741af29ea645d8bf|2,931a32b4ca3fdc36741af29ea645d8bf,payment_sequence_gap,payment_sequential jumps from 0 to 2,low,20171206,SP
50,data_quality,order_payments,52391,7f949bbc94c8580ad60e90fd93358395|2,7f949bbc94c8580ad60e90fd93358395,payment_sequence_gap,payment_sequential jumps from 0 to 2,low,20180214,RJ
2295,data_quality,orders,89704,fcbf4f4ef049367f9f85af94ed3b6010,fcbf4f4ef049367f9f85af94ed3b6010,carrier_before_approval,handed to carrier 2018-04-23 21:58:45 before approval 2018-04-24 18:41:20,low,20180420,SP
58,data_quality,order_payments,62610,0fdb6f73fab7005c84d4a43d8a93682b|2,0fdb6f73fab7005c84d4a43d8a93682b,payment_sequence_gap,payment_sequential jumps from 0 to 2,low,20180611,ES
930,data_quality,orders,1368,dda3e0dbde3a2cd09432650b3634582d,dda3e0dbde3a2cd09432650b3634582d,carrier_before_approval,handed to carrier 2018-04-24 16:22:39 before approval 2018-04-24 18:37:08,low,20180422,SP
3500,reconciliation,reconciliation,94786,5570ac493a57e5dc00296c8de3813672,5570ac493a57e5dc00296c8de3813672,recon_installment_interest,"sold 60.72 vs paid 64.24 BRL, gap 3.52",low,20170621,MG
1862,data_quality,orders,60626,fcca6c3fefb03709360cbcc79f2ff73d,fcca6c3fefb03709360cbcc79f2ff73d,carrier_before_approval,handed to carrier 2018-06-27 10:18:00 before approval 2018-06-27 10:51:56,low,20180627,SP
3384,reconciliation,reconciliation,82878,ecc1f5f885620b17543f01bf228ccd0a,ecc1f5f885620b17543f01bf228ccd0a,recon_installment_interest,"sold 47.13 vs paid 50.99 BRL, gap 3.86",low,20180802,BA
2997,reconciliation,reconciliation,47988,e003d94282e5f1e45760dde794a8a173,e003d94282e5f1e45760dde794a8a173,recon_installment_interest,"sold 116.32 vs paid 125.06 BRL, gap 8.74",low,20170510,SP
1325,data_quality,orders,25475,3660e114692157e805cdd9f04e83d9e9,3660e114692157e805cdd9f04e83d9e9,carrier_before_approval,handed to carrier 2018-07-04 09:27:00 before approval 2018-07-05 16:31:51,low,20180704,SP
3162,reconciliation,reconciliation,64381,90d589e42b7249c447d31594bd992684,90d589e42b7249c447d31594bd992684,recon_installment_interest,"sold 54.08 vs paid 56.57 BRL, gap 2.49",low,20180220,SP
2288,data_quality,orders,89459,33eafd0ea4c37147b521b67b83b6769c,33eafd0ea4c37147b521b67b83b6769c,carrier_before_approval,handed to carrier 2018-07-04 12:17:00 before approval 2018-07-05 16:32:53,low,20180703,MG
959,data_quality,orders,3012,b777b7d618ee48ec7cf64aeb188e9da5,b777b7d618ee48ec7cf64aeb188e9da5,carrier_before_approval,handed to carrier 2018-08-09 14:24:00 before approval 2018-08-09 14:26:08,low,20180809,SP
1907,data_quality,orders,63877,d8c03aab0fec0814864f1ddfb5135698,d8c03aab0fec0814864f1ddfb5135698,carrier_before_approval,handed to carrier 2018-07-05 15:43:00 before approval 2018-07-05 16:13:12,low,20180704,RS
1198,data_quality,orders,17339,13ccf8b8e58a45adbc06ffb651474fdf,13ccf8b8e58a45adbc06ffb651474fdf,carrier_before_approval,handed to carrier 2018-04-23 20:59:06 before approval 2018-04-24 19:17:20,low,20180422,SP
1933,data_quality,orders,66059,e0dbf52e0c78f9be2caeaa5d799a83ea,e0dbf52e0c78f9be2caeaa5d799a83ea,carrier_before_approval,handed to carrier 2018-05-22 14:33:00 before approval 2018-05-24 17:35:37,low,20180521,SP
30,data_quality,order_payments,38566,45c6469f0136458ebcb1ae34e7a4c3b9|2,45c6469f0136458ebcb1ae34e7a4c3b9,payment_sequence_gap,payment_sequential jumps from 0 to 2,low,20180704,PR
64,data_quality,order_payments,68561,45acb6840b062e10dd63454b19ce5212|2,45acb6840b062e10dd63454b19ce5212,payment_sequence_gap,payment_sequential jumps from 0 to 2,low,20180703,SE
2675,reconciliation,reconciliation,18080,53e57107ef6a155ab06400be24aa7922,53e57107ef6a155ab06400be24aa7922,recon_installment_interest,"sold 112.27 vs paid 129.68 BRL, gap 17.41",low,20170416,SP
1372,data_quality,orders,28222,cbdda7b3592588a17fa43ca6c7300e72,cbdda7b3592588a17fa43ca6c7300e72,carrier_before_approval,handed to carrier 2017-04-28 11:25:32 before approval 2017-04-28 11:46:49,low,20170426,DF
1393,data_quality,orders,29435,c4694142c485a1a9d1ca666ea9c00d07,c4694142c485a1a9d1ca666ea9c00d07,carrier_before_approval,handed to carrier 2018-07-04 14:59:00 before approval 2018-07-05 16:33:19,low,20180703,SP
2380,data_quality,orders,94360,9c3186381b733d4304e2e416afc6bbc1,9c3186381b733d4304e2e416afc6bbc1,carrier_before_approval,handed to carrier 2018-07-31 14:09:00 before approval 2018-08-02 23:30:29,low,20180728,SP
2274,data_quality,orders,88642,53555a45da468a1ae66bd1572a7002e6,53555a45da468a1ae66bd1572a7002e6,carrier_before_approval,handed to carrier 2018-07-05 14:52:00 before approval 2018-07-05 16:11:35,low,20180704,SP
1716,data_quality,orders,50799,131c6bd0b11c3fc93c3c8dbe45f317e6,131c6bd0b11c3fc93c3c8dbe45f317e6,carrier_before_approval,handed to carrier 2018-04-23 19:51:22 before approval 2018-04-24 17:37:23,low,20180420,RS
2847,reconciliation,reconciliation,34484,3f319eb09e31aa1ea2a4079bdd655c62,3f319eb09e31aa1ea2a4079bdd655c62,recon_installment_interest,"sold 43.69 vs paid 45.71 BRL, gap 2.02",low,20180403,SP
1352,data_quality,orders,27320,b064e7c32db081ff3c6283331d1669ce,b064e7c32db081ff3c6283331d1669ce,carrier_before_approval,handed to carrier 2018-04-23 19:48:38 before approval 2018-04-24 18:59:40,low,20180421,SP
1246,data_quality,orders,21332,36321eba7223a1e5371a446405480aa2,36321eba7223a1e5371a446405480aa2,carrier_before_approval,handed to carrier 2017-04-28 09:45:02 before approval 2017-04-28 11:46:31,low,20170427,SP
2219,data_quality,orders,85711,839b7051ec3965f51479de677b695b59,839b7051ec3965f51479de677b695b59,carrier_before_approval,handed to carrier 2018-04-23 23:32:59 before approval 2018-04-24 17:56:09,low,20180421,SP
2937,reconciliation,reconciliation,42384,c69be353fa727fbeba5c4b39dfb9dbc8,c69be353fa727fbeba5c4b39dfb9dbc8,recon_installment_interest,"sold 87.76 vs paid 101.39 BRL, gap 13.63",low,20180105,RJ
1376,data_quality,orders,28441,e2a45d61a460b659878a89fe8f88b5fc,e2a45d61a460b659878a89fe8f88b5fc,carrier_before_approval,handed to carrier 2018-04-23 22:03:26 before approval 2018-04-24 18:42:04,low,20180423,MG
2808,reconciliation,reconciliation,31060,ddcf6c758c04fe3f2e0d1ae301ec5f40,ddcf6c758c04fe3f2e0d1ae301ec5f40,recon_installment_interest,"sold 57.68 vs paid 66.62 BRL, gap 8.94",low,20170411,BA
3558,reconciliation,reconciliation,99282,63cb2376233663b05e9beb6bd9206c65,63cb2376233663b05e9beb6bd9206c65,recon_installment_interest,"sold 72.94 vs paid 84.25 BRL, gap 11.31",low,20170703,SP
998,data_quality,orders,5094,159da9914b51de617fe80162939965c5,159da9914b51de617fe80162939965c5,carrier_before_approval,handed to carrier 2018-07-05 14:59:00 before approval 2018-07-05 16:40:26,low,20180704,SP
3047,reconciliation,reconciliation,53299,37af0498017bcfbffca8855bdc9ecc6b,37af0498017bcfbffca8855bdc9ecc6b,recon_installment_interest,"sold 171.32 vs paid 193.63 BRL, gap 22.31",low,20180216,MG
1430,data_quality,orders,32673,31aac8ab69f5fdbc7c0ae9b6e1beee30,31aac8ab69f5fdbc7c0ae9b6e1beee30,carrier_before_approval,handed to carrier 2017-04-28 11:21:52 before approval 2017-04-28 11:46:43,low,20170427,GO
2091,data_quality,orders,76056,379d35a7f738e53131a68c79b97b005c,379d35a7f738e53131a68c79b97b005c,carrier_before_approval,handed to carrier 2018-04-24 15:51:27 before approval 2018-04-24 18:12:38,low,20180419,DF
1109,data_quality,orders,12240,9d70bcdf379a446b3a834de708aa7781,9d70bcdf379a446b3a834de708aa7781,carrier_before_approval,handed to carrier 2018-07-04 11:55:00 before approval 2018-07-05 16:17:23,low,20180703,SP
2418,data_quality,orders,96902,b18cb761efbe70da4838435a349abd07,b18cb761efbe70da4838435a349abd07,carrier_before_approval,handed to carrier 2018-07-05 13:21:00 before approval 2018-07-05 16:33:14,low,20180704,PR
65,data_quality,order_payments,68739,d41e97a225fbac25a0a54dda976cd7b7|2,d41e97a225fbac25a0a54dda976cd7b7,payment_sequence_gap,payment_sequential jumps from 0 to 2,low,20180625,SP
1761,data_quality,orders,53709,f8d1bd3e890e8a6792efb7acfc9a4853,f8d1bd3e890e8a6792efb7acfc9a4853,carrier_before_approval,handed to carrier 2018-07-05 15:56:00 before approval 2018-07-05 16:09:15,low,20180702,RJ
1632,data_quality,orders,45831,ab6d00347b9055691972ac20f00df77b,ab6d00347b9055691972ac20f00df77b,carrier_before_approval,handed to carrier 2018-07-04 14:08:00 before approval 2018-07-05 16:32:56,low,20180704,SP
1710,data_quality,orders,50400,002834535f7a609a5c68266f173fa59e,002834535f7a609a5c68266f173fa59e,carrier_before_approval,handed to carrier 2018-07-24 15:53:00 before approval 2018-07-28 23:30:59,low,20180723,PE
950,data_quality,orders,2669,3d47aacc4c27ad170b1004695eb0c359,3d47aacc4c27ad170b1004695eb0c359,carrier_before_approval,handed to carrier 2018-07-31 12:29:00 before approval 2018-08-01 16:31:30,low,20180730,BA
2249,data_quality,orders,87031,d46dac528dbfb09fdfc6a62c82d18694,d46dac528dbfb09fdfc6a62c82d18694,carrier_before_approval,handed to carrier 2018-07-05 13:27:00 before approval 2018-07-05 16:21:24,low,20180704,MG
3543,reconciliation,reconciliation,98311,d2e9aead95751dd6bd0ce80e7d506c53,d2e9aead95751dd6bd0ce80e7d506c53,recon_installment_interest,"sold 29.49 vs paid 33.33 BRL, gap 3.84",low,20170116,MG
2198,data_quality,orders,84130,9d1780c1dba60f1e3fc99e1072979110,9d1780c1dba60f1e3fc99e1072979110,carrier_before_approval,handed to carrier 2018-03-19 23:31:20 before approval 2018-03-26 09:10:13,low,20180317,SP
86,data_quality,order_payments,88531,159da9914b51de617fe80162939965c5|2,159da9914b51de617fe80162939965c5,payment_sequence_gap,payment_sequential jumps from 0 to 2,low,20180704,SP
2382,data_quality,orders,94401,6eace5a496456d346454761a9fc00dd2,6eace5a496456d346454761a9fc00dd2,carrier_before_approval,handed to carrier 2018-08-14 14:47:00 before approval 2018-08-20 09:21:49,low,20180813,SC
1095,data_quality,orders,10906,06f39c67a9d68f76a8bfdb092852829f,06f39c67a9d68f76a8bfdb092852829f,carrier_before_approval,handed to carrier 2018-07-05 15:17:00 before approval 2018-07-05 16:32:57,low,20180704,MG
3339,reconciliation,reconciliation,79884,0345ba423eed2b009e0e407b19c422e4,0345ba423eed2b009e0e407b19c422e4,recon_installment_interest,"sold 77.75 vs paid 83.17 BRL, gap 5.42",low,20170515,RJ
2357,data_quality,orders,93278,a1702545bdfba19345c69fa098b15020,a1702545bdfba19345c69fa098b15020,carrier_before_approval,handed to carrier 2018-04-23 18:51:59 before approval 2018-04-24 17:43:33,low,20180419,MG
2796,reconciliation,reconciliation,30219,faf132fb35b3b3b533a67efbd6e7c02d,faf132fb35b3b3b533a67efbd6e7c02d,recon_installment_interest,"sold 115.02 vs paid 130.01 BRL, gap 14.99",low,20170422,PI
1481,data_quality,orders,36612,f5234dc943e266dc8922b4870dc9d491,f5234dc943e266dc8922b4870dc9d491,carrier_before_approval,handed to carrier 2018-07-03 16:52:00 before approval 2018-07-05 16:15:52,low,20180702,SP
3052,reconciliation,reconciliation,53561,6ecf7023e8dd4ec8b08746c35b9fcb60,6ecf7023e8dd4ec8b08746c35b9fcb60,recon_rounding,"sold 163.86 vs paid 163.88 BRL, gap 0.02",low,20171124,SP
3281,reconciliation,reconciliation,74588,e3d86ff081e92dedbd7b2a87838f0159,e3d86ff081e92dedbd7b2a87838f0159,recon_installment_interest,"sold 100.14 vs paid 107.12 BRL, gap 6.98",low,20171222,PE
2816,reconciliation,reconciliation,31650,3263ce99ba29ddb2a3a4133210581dce,3263ce99ba29ddb2a3a4133210581dce,recon_installment_interest,"sold 103.48 vs paid 116.95 BRL, gap 13.47",low,20170528,SP
3122,reconciliation,reconciliation,60797,3993ec583d077dd338c870d8b1f8d213,3993ec583d077dd338c870d8b1f8d213,recon_installment_interest,"sold 45.82 vs paid 48.46 BRL, gap 2.64",low,20180403,SP
1228,data_quality,orders,19401,73e85a295c3028a2283eb8182a8ac56b,73e85a295c3028a2283eb8182a8ac56b,carrier_before_approval,handed to carrier 2018-07-31 12:57:00 before approval 2018-08-02 13:42:54,low,20180730,SP
1154,data_quality,orders,14881,16ee19fe4df0a090015e2fa16f3bf3e0,16ee19fe4df0a090015e2fa16f3bf3e0,carrier_before_approval,handed to carrier 2018-04-24 18:34:54 before approval 2018-04-24 18:39:58,low,20180423,MG
1467,data_quality,orders,35096,030475e22d114f70be1a265fee326192,030475e22d114f70be1a265fee326192,carrier_before_approval,handed to carrier 2018-04-24 16:50:50 before approval 2018-04-24 19:10:38,low,20180423,SP
1477,data_quality,orders,36056,d0a75d6eda61b8a7261946b34ffb350c,d0a75d6eda61b8a7261946b34ffb350c,carrier_before_approval,handed to carrier 2018-04-23 12:48:48 before approval 2018-04-24 19:21:47,low,20180420,AC
3160,reconciliation,reconciliation,63925,aa962f90c14940f2df3c6184f35a2184,aa962f90c14940f2df3c6184f35a2184,recon_installment_interest,"sold 35.59 vs paid 36.82 BRL, gap 1.23",low,20180427,SP
1728,data_quality,orders,51441,e0656680044e57cdeb0d3ec00c152a39,e0656680044e57cdeb0d3ec00c152a39,carrier_before_approval,handed to carrier 2018-04-23 23:52:43 before approval 2018-04-24 18:28:09,low,20180420,RJ
2598,reconciliation,reconciliation,10771,9be011772d473c8a8c87e86029ab511c,9be011772d473c8a8c87e86029ab511c,recon_installment_interest,"sold 150.73 vs paid 162.65 BRL, gap 11.92",low,20170515,RS
2225,data_quality,orders,85920,004345d16a1ab2c21962992c721c8643,004345d16a1ab2c21962992c721c8643,carrier_before_approval,handed to carrier 2018-07-05 14:08:00 before approval 2018-07-05 16:09:18,low,20180704,GO
1945,data_quality,orders,66461,f6f0b2497c5a4ca89670186757ab2684,f6f0b2497c5a4ca89670186757ab2684,carrier_before_approval,handed to carrier 2017-06-27 17:03:09 before approval 2017-07-05 17:09:11,low,20170626,SP
2263,data_quality,orders,87918,b446a93ccd5bf1a2c97c4fe3cdfe2707,b446a93ccd5bf1a2c97c4fe3cdfe2707,carrier_before_approval,handed to carrier 2018-07-05 13:58:00 before approval 2018-07-05 16:08:09,low,20180705,SP
2318,data_quality,orders,90714,0337e9398b087d93f41230ceb2410b50,0337e9398b087d93f41230ceb2410b50,carrier_before_approval,handed to carrier 2018-04-23 18:33:05 before approval 2018-04-24 19:24:47,low,20180421,RS
2763,reconciliation,reconciliation,26377,3ff25314bbe9dc1ec7c983499bdff8f2,3ff25314bbe9dc1ec7c983499bdff8f2,recon_installment_interest,"sold 110.38 vs paid 110.97 BRL, gap 0.59",low,20170920,BA
2049,data_quality,orders,73355,8fde182213914d24ed0bb9d4b02371a0,8fde182213914d24ed0bb9d4b02371a0,carrier_before_approval,handed to carrier 2018-05-18 14:26:00 before approval 2018-05-18 14:34:53,low,20180517,MG
1137,data_quality,orders,13849,933824572e25f2482e2b59e73b1c9858,933824572e25f2482e2b59e73b1c9858,carrier_before_approval,handed to carrier 2018-07-05 10:21:00 before approval 2018-07-05 16:13:04,low,20180704,RJ
1015,data_quality,orders,5900,dcfdf4c257739648a81742a5ea7f8a07,dcfdf4c257739648a81742a5ea7f8a07,carrier_before_approval,handed to carrier 2018-04-24 11:06:37 before approval 2018-04-24 18:22:33,low,20180419,RS
2032,data_quality,orders,72164,a4680fb98fd4f2ef703c815a43e4811f,a4680fb98fd4f2ef703c815a43e4811f,carrier_before_approval,handed to carrier 2018-07-03 15:01:00 before approval 2018-07-05 16:40:16,low,20180703,ES
1647,data_quality,orders,46586,0e490dd9ff8d1bf7259c4265f49bd577,0e490dd9ff8d1bf7259c4265f49bd577,carrier_before_approval,handed to carrier 2018-04-24 00:18:41 before approval 2018-04-24 18:06:04,low,20180419,DF
1250,data_quality,orders,21537,2a0f332fd6b3b477c16619a99313d29c,2a0f332fd6b3b477c16619a99313d29c,carrier_before_approval,handed to carrier 2018-07-04 14:06:00 before approval 2018-07-05 16:32:59,low,20180703,SP
2787,reconciliation,reconciliation,29414,47bc2fbe3e9b64a723dd530a4f1612b8,47bc2fbe3e9b64a723dd530a4f1612b8,recon_installment_interest,"sold 65.78 vs paid 74.35 BRL, gap 8.57",low,20180126,BA
2867,reconciliation,reconciliation,36728,ddad987b1ab585281640b4b7e7261ede,ddad987b1ab585281640b4b7e7261ede,recon_installment_interest,"sold 105.18 vs paid 113.77 BRL, gap 8.59",low,20180122,SC
1450,data_quality,orders,34156,9c37d7a7de99233fd6490a1c09ba0404,9c37d7a7de99233fd6490a1c09ba0404,carrier_before_approval,handed to carrier 2018-07-05 14:50:00 before approval 2018-07-05 16:07:20,low,20180705,RS
3555,reconciliation,reconciliation,99194,87a71a39b50dac1a8ad74cddfaa82703,87a71a39b50dac1a8ad74cddfaa82703,recon_installment_interest,"sold 73.43 vs paid 83.00 BRL, gap 9.57",low,20180130,SP
1134,data_quality,orders,13651,edaa372913b1dc07209e39b2f15f605c,edaa372913b1dc07209e39b2f15f605c,carrier_before_approval,handed to carrier 2018-07-04 11:28:00 before approval 2018-07-05 16:40:34,low,20180703,PI
1367,data_quality,orders,27924,ef18166b5f1dfc60d75435c548674981,ef18166b5f1dfc60d75435c548674981,carrier_before_approval,handed to carrier 2018-07-24 09:34:00 before approval 2018-07-24 10:31:03,low,20180723,RR
3517,reconciliation,reconciliation,95797,2edcf6adbf3719366560d6863cb28799,2edcf6adbf3719366560d6863cb28799,recon_rounding,"sold 963.36 vs paid 963.34 BRL, gap -0.02",low,20180507,ES
1432,data_quality,orders,32917,b2f01d619b5557f295317bca57f07471,b2f01d619b5557f295317bca57f07471,carrier_before_approval,handed to carrier 2018-04-23 19:34:41 before approval 2018-04-24 18:41:45,low,20180421,SP
974,data_quality,orders,3887,fd6ae3b1149c4a3a920086befc628e3d,fd6ae3b1149c4a3a920086befc628e3d,carrier_before_approval,handed to carrier 2018-07-04 12:02:00 before approval 2018-07-05 16:26:52,low,20180630,SP
2262,data_quality,orders,87896,ea7dfe9f928b33cb2e9d8bc99dd7e0f3,ea7dfe9f928b33cb2e9d8bc99dd7e0f3,carrier_before_approval,handed to carrier 2018-07-05 14:19:00 before approval 2018-07-05 16:21:06,low,20180704,MG
964,data_quality,orders,3471,3505a2f5fdc9c1c19d2eea9bfdac56c4,3505a2f5fdc9c1c19d2eea9bfdac56c4,carrier_before_approval,handed to carrier 2018-07-11 14:23:00 before approval 2018-07-13 16:06:19,low,20180710,PE
2915,reconciliation,reconciliation,40506,bcc3b9b2b1b0f27be6e2816968b08fc6,bcc3b9b2b1b0f27be6e2816968b08fc6,recon_installment_interest,"sold 109.02 vs paid 117.93 BRL, gap 8.91",low,20180115,MG
2090,data_quality,orders,75907,36ca3c87ca7562cf9be42d80a0abe097,36ca3c87ca7562cf9be42d80a0abe097,carrier_before_approval,handed to carrier 2018-02-09 22:14:36 before approval 2018-02-10 09:31:27,low,20180208,MG
1023,data_quality,orders,6351,6f3428447439d9e2de6274149281dae6,6f3428447439d9e2de6274149281dae6,carrier_before_approval,handed to carrier 2018-04-24 16:04:52 before approval 2018-04-24 17:14:36,low,20180422,SC
1745,data_quality,orders,52502,8b5e19adc5101e4b002ed7c4dfd0ecb3,8b5e19adc5101e4b002ed7c4dfd0ecb3,carrier_before_approval,handed to carrier 2018-07-04 13:44:00 before approval 2018-07-05 16:19:58,low,20180704,SP
2689,reconciliation,reconciliation,19819,e4406088398131aed8c21c5a4ec3442b,e4406088398131aed8c21c5a4ec3442b,recon_installment_interest,"sold 103.55 vs paid 109.55 BRL, gap 6.00",low,20170612,SP
2439,data_quality,orders,98149,0eec617eceb2ecbaec84cb904530b048,0eec617eceb2ecbaec84cb904530b048,carrier_before_approval,handed to carrier 2018-07-04 13:32:00 before approval 2018-07-05 16:11:14,low,20180703,MG
1499,data_quality,orders,37877,05ddf4cc62efcc6f34b8c693eaa2db01,05ddf4cc62efcc6f34b8c693eaa2db01,carrier_before_approval,handed to carrier 2018-07-04 14:51:00 before approval 2018-07-05 16:26:57,low,20180703,DF
2630,reconciliation,reconciliation,13402,8fbcb92faf1aa60361f61ed7ae721a7e,8fbcb92faf1aa60361f61ed7ae721a7e,recon_rounding,"sold 140.03 vs paid 140.01 BRL, gap -0.02",low,20171223,MG
1879,data_quality,orders,61837,8a0d96f5670fea64635b9fc54650c414,8a0d96f5670fea64635b9fc54650c414,carrier_before_approval,handed to carrier 2018-04-23 23:17:35 before approval 2018-04-24 17:25:40,low,20180420,SC
2954,reconciliation,reconciliation,44517,9eac94dce77597b831e8c0dfc584bc8b,9eac94dce77597b831e8c0dfc584bc8b,recon_installment_interest,"sold 55.78 vs paid 61.68 BRL, gap 5.90",low,20180118,BA
2840,reconciliation,reconciliation,33990,e840e5955073ba6b71936b76740014f4,e840e5955073ba6b71936b76740014f4,recon_installment_interest,"sold 35.81 vs paid 40.48 BRL, gap 4.67",low,20180330,MG
1046,data_quality,orders,7896,5c5a8c9c0e8a30b697d7cea5123db572,5c5a8c9c0e8a30b697d7cea5123db572,carrier_before_approval,handed to carrier 2018-07-23 10:12:00 before approval 2018-07-23 11:32:08,low,20180722,SP
2377,data_quality,orders,94252,76b25fe0af9b04dfb3c2055e447d4492,76b25fe0af9b04dfb3c2055e447d4492,carrier_before_approval,handed to carrier 2018-04-23 19:28:52 before approval 2018-04-24 18:20:23,low,20180422,SP
1587,data_quality,orders,43053,64a22766d8a3975ba61edc4943501e24,64a22766d8a3975ba61edc4943501e24,carrier_before_approval,handed to carrier 2018-07-05 14:45:00 before approval 2018-07-05 16:19:00,low,20180703,SP
1275,data_quality,orders,22778,db70205a4fec901db7c957ac7d335064,db70205a4fec901db7c957ac7d335064,carrier_before_approval,handed to carrier 2018-07-04 15:18:00 before approval 2018-07-05 16:13:11,low,20180703,SC
1765,data_quality,orders,54132,404d71e18721243380c994069a7f411a,404d71e18721243380c994069a7f411a,carrier_before_approval,handed to carrier 2018-07-24 13:43:00 before approval 2018-07-24 13:44:29,low,20180724,MG
2634,reconciliation,reconciliation,13943,a69aaa894f707814637e9794aa556f0f,a69aaa894f707814637e9794aa556f0f,recon_installment_interest,"sold 179.35 vs paid 211.87 BRL, gap 32.52",low,20180505,RS
1082,data_quality,orders,10338,3e08eeb1c28dd17c084f4c0924104e20,3e08eeb1c28dd17c084f4c0924104e20,carrier_before_approval,handed to carrier 2018-07-04 10:13:00 before approval 2018-07-05 16:12:11,low,20180704,MG
1193,data_quality,orders,16745,7be2814aa6db9f9f8652edee423f5863,7be2814aa6db9f9f8652edee423f5863,carrier_before_approval,handed to carrier 2018-07-03 15:16:00 before approval 2018-07-05 16:40:36,low,20180703,MG
2727,reconciliation,reconciliation,23468,9a85e7c1fbe3b6519b2f943527d21426,9a85e7c1fbe3b6519b2f943527d21426,recon_installment_interest,"sold 63.60 vs paid 66.53 BRL, gap 2.93",low,20180226,MS
1633,data_quality,orders,45877,98b4d7416936a07ca82851907fb3c63b,98b4d7416936a07ca82851907fb3c63b,carrier_before_approval,handed to carrier 2018-07-05 14:41:00 before approval 2018-07-05 16:19:56,low,20180704,SP
2293,data_quality,orders,89668,13707439a728b23bd3033dfab70b9840,13707439a728b23bd3033dfab70b9840,carrier_before_approval,handed to carrier 2018-02-01 01:08:58 before approval 2018-02-04 23:31:38,low,20180130,PE
2053,data_quality,orders,73766,27bb9f8cf03a1e189a4047a05621074c,27bb9f8cf03a1e189a4047a05621074c,carrier_before_approval,handed to carrier 2018-04-24 00:14:49 before approval 2018-04-24 17:41:57,low,20180423,SP
1837,data_quality,orders,59583,0bcf4c7784f314d5c92bcfc30b7813e2,0bcf4c7784f314d5c92bcfc30b7813e2,carrier_before_approval,handed to carrier 2018-04-24 00:16:49 before approval 2018-04-24 18:40:40,low,20180421,GO
1005,data_quality,orders,5516,a99d889887e1de4ac286fc3847455a97,a99d889887e1de4ac286fc3847455a97,carrier_before_approval,handed to carrier 2018-07-04 14:43:00 before approval 2018-07-05 16:26:40,low,20180704,SP
2626,reconciliation,reconciliation,13138,af37018fa60dd6b208ca5c88052cffee,af37018fa60dd6b208ca5c88052cffee,recon_installment_interest,"sold 239.18 vs paid 270.34 BRL, gap 31.16",low,20180201,GO
2975,reconciliation,reconciliation,46201,778d6f8f92b218606a82dc5d2f5221e2,778d6f8f92b218606a82dc5d2f5221e2,recon_rounding,"sold 468.40 vs paid 468.42 BRL, gap 0.02",low,20171125,RJ
1083,data_quality,orders,10393,347a523a41b9c5ff0194b0cbdff11fc7,347a523a41b9c5ff0194b0cbdff11fc7,carrier_before_approval,handed to carrier 2018-04-23 19:41:27 before approval 2018-04-24 17:22:07,low,20180422,PR
2695,reconciliation,reconciliation,20238,12619b9be5cc3665b3f36f1e4b4d0ffa,12619b9be5cc3665b3f36f1e4b4d0ffa,recon_installment_interest,"sold 37.77 vs paid 39.95 BRL, gap 2.18",low,20170413,MG
1435,data_quality,orders,33043,278e7730f7062014d198fbf20451b935,278e7730f7062014d198fbf20451b935,carrier_before_approval,handed to carrier 2018-07-31 13:03:00 before approval 2018-08-01 16:31:40,low,20180730,RJ
3425,reconciliation,reconciliation,86123,57a82955454fb2a9a18633d841ac480d,57a82955454fb2a9a18633d841ac480d,recon_installment_interest,"sold 22.33 vs paid 23.62 BRL, gap 1.29",low,20171013,SP
2037,data_quality,orders,72777,876c93b0a50c1fd2ad77f265d32de95e,876c93b0a50c1fd2ad77f265d32de95e,carrier_before_approval,handed to carrier 2018-07-05 13:06:00 before approval 2018-07-05 16:11:30,low,20180704,CE
2255,data_quality,orders,87218,1bab231e166587a2e6834a89ab97b32d,1bab231e166587a2e6834a89ab97b32d,carrier_before_approval,handed to carrier 2018-06-05 12:54:00 before approval 2018-06-05 14:32:20,low,20180604,SP
1199,data_quality,orders,17363,8c603c4cd6c5340bc4892c36e662a0bb,8c603c4cd6c5340bc4892c36e662a0bb,carrier_before_approval,handed to carrier 2018-04-24 17:15:50 before approval 2018-04-24 18:16:44,low,20180420,BA
2786,reconciliation,reconciliation,29366,3c845174981c9b87340aa1ce5ef7fc9e,3c845174981c9b87340aa1ce5ef7fc9e,recon_installment_interest,"sold 253.95 vs paid 280.80 BRL, gap 26.85",low,20180310,MG
2182,data_quality,orders,82867,7ca78299e5ac08885988b1cc259d16a9,7ca78299e5ac08885988b1cc259d16a9,carrier_before_approval,handed to carrier 2017-08-01 13:25:56 before approval 2017-08-02 08:34:02,low,20170728,DF
1243,data_quality,orders,21059,117db2f85d3f438fa92b5e9cb579e7a9,117db2f85d3f438fa92b5e9cb579e7a9,carrier_before_approval,handed to carrier 2018-07-03 13:33:00 before approval 2018-07-05 16:24:52,low,20180703,RS
1303,data_quality,orders,24587,1d1e77334238a731c494f066a6c0d500,1d1e77334238a731c494f066a6c0d500,carrier_before_approval,handed to carrier 2017-09-18 17:34:02 before approval 2017-09-20 22:36:09,low,20170915,BA
3525,reconciliation,reconciliation,96664,cabb660c11fb7f6bbb5f454ea09c0b9f,cabb660c11fb7f6bbb5f454ea09c0b9f,recon_installment_interest,"sold 254.81 vs paid 278.70 BRL, gap 23.89",low,20180131,SP
1523,data_quality,orders,39207,8346e642eb8d376b57cddc53b6118a3a,8346e642eb8d376b57cddc53b6118a3a,carrier_before_approval,handed to carrier 2018-08-01 12:39:00 before approval 2018-08-01 16:31:29,low,20180801,SC
3200,reconciliation,reconciliation,68316,580f3268bc2075c5961b2d2929c7a35b,580f3268bc2075c5961b2d2929c7a35b,recon_installment_interest,"sold 105.71 vs paid 122.10 BRL, gap 16.39",low,20170901,SC
1720,data_quality,orders,50964,e17ed9c20d79f29256a4a514e8d07230,e17ed9c20d79f29256a4a514e8d07230,carrier_before_approval,handed to carrier 2018-04-23 19:03:19 before approval 2018-04-24 18:59:40,low,20180421,SP
1828,data_quality,orders,59029,3b67413a225423c7c571ac1f07bda044,3b67413a225423c7c571ac1f07bda044,carrier_before_approval,handed to carrier 2018-07-24 15:09:00 before approval 2018-07-26 23:32:14,low,20180721,GO
1263,data_quality,orders,22049,a4220c184ed6700f8516552b2cb3c20d,a4220c184ed6700f8516552b2cb3c20d,carrier_before_approval,handed to carrier 2018-04-23 20:30:49 before approval 2018-04-24 18:04:45,low,20180422,ES
1527,data_quality,orders,39276,fa40e63c3c59d4bd7858f31c33e0d882,fa40e63c3c59d4bd7858f31c33e0d882,carrier_before_approval,handed to carrier 2018-04-23 18:00:09 before approval 2018-04-24 18:41:25,low,20180421,GO
1826,data_quality,orders,58525,a2dbd93b24fc7f52962452e1920d2ec4,a2dbd93b24fc7f52962452e1920d2ec4,carrier_before_approval,handed to carrier 2018-07-24 07:03:00 before approval 2018-07-24 08:31:37,low,20180723,RJ
1129,data_quality,orders,13181,16651b7711b8c360e79e0ac07fc8a1a9,16651b7711b8c360e79e0ac07fc8a1a9,carrier_before_approval,handed to carrier 2018-04-21 00:03:26 before approval 2018-04-24 17:43:05,low,20180419,PB
1970,data_quality,orders,68316,580f3268bc2075c5961b2d2929c7a35b,580f3268bc2075c5961b2d2929c7a35b,carrier_before_approval,handed to carrier 2017-09-05 11:58:18 before approval 2017-09-13 22:03:42,low,20170901,SC
5,data_quality,order_payments,4219,e17ed9c20d79f29256a4a514e8d07230|2,e17ed9c20d79f29256a4a514e8d07230,payment_sequence_gap,payment_sequential jumps from 0 to 2,low,20180421,SP
1975,data_quality,orders,68514,a36a7f2219c828e52cb094ddc8d89b84,a36a7f2219c828e52cb094ddc8d89b84,carrier_before_approval,handed to carrier 2018-07-04 13:38:00 before approval 2018-07-05 16:31:01,low,20180703,DF
3371,reconciliation,reconciliation,81967,6b956d19010e956e03b175e66b2b7142,6b956d19010e956e03b175e66b2b7142,recon_installment_interest,"sold 75.48 vs paid 93.58 BRL, gap 18.10",low,20170901,SP
949,data_quality,orders,2649,d2c902f172e80f22126d53d9ff7871b2,d2c902f172e80f22126d53d9ff7871b2,carrier_before_approval,handed to carrier 2018-07-05 13:14:00 before approval 2018-07-05 16:33:24,low,20180703,SP
2399,data_quality,orders,95385,8c52dfcce0a3724101362890db77eb05,8c52dfcce0a3724101362890db77eb05,carrier_before_approval,handed to carrier 2018-07-04 11:57:00 before approval 2018-07-05 16:33:16,low,20180704,PR
3312,reconciliation,reconciliation,77211,37311087440803cc1960343121d1de26,37311087440803cc1960343121d1de26,recon_rounding,"sold 326.81 vs paid 326.79 BRL, gap -0.02",low,20180319,SP
3496,reconciliation,reconciliation,94305,af9ffff2ce6b3defd34fd4c78857a379,af9ffff2ce6b3defd34fd4c78857a379,recon_installment_interest,"sold 413.17 vs paid 466.97 BRL, gap 53.80",low,20180214,MG
2764,reconciliation,reconciliation,26389,debc12ca3f03ddd2137fa497916c4590,debc12ca3f03ddd2137fa497916c4590,recon_installment_interest,"sold 76.65 vs paid 82.00 BRL, gap 5.35",low,20171228,MG
1072,data_quality,orders,9653,ea1c943b92b11b5d15ba43481b4e3ab8,ea1c943b92b11b5d15ba43481b4e3ab8,carrier_before_approval,handed to carrier 2018-05-15 13:49:00 before approval 2018-05-15 14:35:08,low,20180515,MG
1027,data_quality,orders,6490,61527d1d8e32b98b5c185fd4f23a7876,61527d1d8e32b98b5c185fd4f23a7876,carrier_before_approval,handed to carrier 2018-07-03 12:51:00 before approval 2018-07-05 16:32:38,low,20180703,SP
3369,reconciliation,reconciliation,81853,76e1398ff6f5ed6b681d270df349e3f8,76e1398ff6f5ed6b681d270df349e3f8,recon_rounding,"sold 337.48 vs paid 337.50 BRL, gap 0.02",low,20180213,GO
1566,data_quality,orders,41685,f8a3dc81761d2783626d9deb2dc55088,f8a3dc81761d2783626d9deb2dc55088,carrier_before_approval,handed to carrier 2018-04-24 17:07:44 before approval 2018-04-24 19:00:41,low,20180420,SP
1870,data_quality,orders,61175,7a43439d03078dce6fa291258b5d9796,7a43439d03078dce6fa291258b5d9796,carrier_before_approval,handed to carrier 2018-07-04 14:02:00 before approval 2018-07-05 16:40:38,low,20180703,SP
13,data_quality,order_payments,13637,de1c6db658e84e0ba847b2c1bc857bb5|2,de1c6db658e84e0ba847b2c1bc857bb5,payment_sequence_gap,payment_sequential jumps from 0 to 2,low,20180329,SC
2244,data_quality,orders,86608,52a96c4082dfe660d01acfdc740c4f61,52a96c4082dfe660d01acfdc740c4f61,carrier_before_approval,handed to carrier 2018-04-24 17:51:06 before approval 2018-04-24 18:11:13,low,20180424,ES
1298,data_quality,orders,24213,8b83251dbc9bd02530320cceb82cc03e,8b83251dbc9bd02530320cceb82cc03e,carrier_before_approval,handed to carrier 2018-04-23 18:12:48 before approval 2018-04-24 18:59:43,low,20180420,SP
2449,data_quality,orders,98514,89ca163ca854eaee18b4ba6110f524fe,89ca163ca854eaee18b4ba6110f524fe,carrier_before_approval,handed to carrier 2018-07-05 14:38:00 before approval 2018-07-05 16:17:49,low,20180704,SC
911,data_quality,orders,200,58d4c4747ee059eeeb865b349b41f53a,58d4c4747ee059eeeb865b349b41f53a,carrier_before_approval,handed to carrier 2018-07-24 12:57:00 before approval 2018-07-26 23:31:53,low,20180721,SP
46,data_quality,order_payments,49747,f17a58e669a7f4cf7a7f227899f8abf7|2,f17a58e669a7f4cf7a7f227899f8abf7,payment_sequence_gap,payment_sequential jumps from 0 to 2,low,20180117,SC
1866,data_quality,orders,60863,ad716a0d2ae795dfccfb3afc5d40a6e9,ad716a0d2ae795dfccfb3afc5d40a6e9,carrier_before_approval,handed to carrier 2018-07-05 13:15:00 before approval 2018-07-05 16:18:56,low,20180704,SP
2050,data_quality,orders,73362,ebc45391c3d191ea75a52f6e2201d311,ebc45391c3d191ea75a52f6e2201d311,carrier_before_approval,handed to carrier 2018-07-05 14:11:00 before approval 2018-07-05 16:25:43,low,20180704,SP
3249,reconciliation,reconciliation,72099,32720c0c8b42f4c2cdb07cee5ec2444b,32720c0c8b42f4c2cdb07cee5ec2444b,recon_installment_interest,"sold 224.75 vs paid 259.59 BRL, gap 34.84",low,20171124,MS
3031,reconciliation,reconciliation,51989,14bceeaef362188c60dedfe65e428001,14bceeaef362188c60dedfe65e428001,recon_installment_interest,"sold 34.51 vs paid 37.33 BRL, gap 2.82",low,20170402,SP
2401,data_quality,orders,95477,176cf0b19224a77a9fe04e323627fa7e,176cf0b19224a77a9fe04e323627fa7e,carrier_before_approval,handed to carrier 2018-04-24 16:58:41 before approval 2018-04-24 18:39:40,low,20180422,SP
1637,data_quality,orders,46096,2e62dadd571541842fefc7c3b4bf4527,2e62dadd571541842fefc7c3b4bf4527,carrier_before_approval,handed to carrier 2017-06-06 13:03:59 before approval 2017-06-06 13:10:53,low,20170604,BA
2367,data_quality,orders,93854,6a5843185f8ef3ed2de016f4d88be0ec,6a5843185f8ef3ed2de016f4d88be0ec,carrier_before_approval,handed to carrier 2018-04-23 23:12:32 before approval 2018-04-24 18:44:28,low,20180420,SP
60,data_quality,order_payments,62876,d2c902f172e80f22126d53d9ff7871b2|2,d2c902f172e80f22126d53d9ff7871b2,payment_sequence_gap,payment_sequential jumps from 0 to 2,low,20180703,SP
1241,data_quality,orders,20747,deea565ebe3196a7408232c8bb0ddc0b,deea565ebe3196a7408232c8bb0ddc0b,carrier_before_approval,handed to carrier 2018-07-23 10:29:00 before approval 2018-07-23 11:32:07,low,20180722,SP
2400,data_quality,orders,95463,af18c8b9b0890d5387074340f9d39cc7,af18c8b9b0890d5387074340f9d39cc7,carrier_before_approval,handed to carrier 2018-06-13 12:14:00 before approval 2018-06-13 14:31:29,low,20180613,GO
1341,data_quality,orders,26613,7bdfa70c4049e7319a3182997e27cb95,7bdfa70c4049e7319a3182997e27cb95,carrier_before_approval,handed to carrier 2018-04-23 22:33:05 before approval 2018-04-24 19:17:35,low,20180421,RJ
1312,data_quality,orders,25095,544250ab4d14beef8f5e85c91ba932dd,544250ab4d14beef8f5e85c91ba932dd,carrier_before_approval,handed to carrier 2018-04-24 17:18:46 before approval 2018-04-24 18:30:52,low,20180422,MG
1511,data_quality,orders,38531,da53168e1e12e3408d193c03604f260d,da53168e1e12e3408d193c03604f260d,carrier_before_approval,handed to carrier 2018-07-05 10:23:00 before approval 2018-07-05 16:05:29,low,20180705,RJ
1903,data_quality,orders,63713,1f46960aa3ffd141df0ca069e617b4a2,1f46960aa3ffd141df0ca069e617b4a2,carrier_before_approval,handed to carrier 2018-07-24 12:56:00 before approval 2018-07-25 23:31:43,low,20180720,SP
1333,data_quality,orders,26270,ddd05f07be2e7c5c7f191e06bb0fbc70,ddd05f07be2e7c5c7f191e06bb0fbc70,carrier_before_approval,handed to carrier 2018-07-04 11:09:00 before approval 2018-07-05 16:32:51,low,20180703,DF
1266,data_quality,orders,22237,9142e38d4f7b7cf458a1eb8ee2b52157,9142e38d4f7b7cf458a1eb8ee2b52157,carrier_before_approval,handed to carrier 2018-07-04 11:28:00 before approval 2018-07-05 16:32:35,low,20180703,RJ
1128,data_quality,orders,13154,cf1748350d5972bde01008c436083c4b,cf1748350d5972bde01008c436083c4b,carrier_before_approval,handed to carrier 2018-07-05 10:44:00 before approval 2018-07-05 16:08:04,low,20180703,PR
1132,data_quality,orders,13471,6df6c9c9af6ef75b4f06f8a7b9f47e9c,6df6c9c9af6ef75b4f06f8a7b9f47e9c,carrier_before_approval,handed to carrier 2018-07-24 14:47:00 before approval 2018-07-28 23:31:06,low,20180723,SP
2850,reconciliation,reconciliation,34548,8fc11d5503f6e2b6e15242e0365633e4,8fc11d5503f6e2b6e15242e0365633e4,recon_rounding,"sold 597.18 vs paid 597.20 BRL, gap 0.02",low,20180227,MS
2019,data_quality,orders,71318,af2adc7e31b52bdfe068cf60426b54b2,af2adc7e31b52bdfe068cf60426b54b2,carrier_before_approval,handed to carrier 2017-04-26 18:47:58 before approval 2017-04-27 10:32:39,low,20170424,SP
1582,data_quality,orders,42503,07d395244b58ce72bbecdafbb1b60ace,07d395244b58ce72bbecdafbb1b60ace,carrier_before_approval,handed to carrier 2018-07-03 13:45:00 before approval 2018-07-05 16:26:51,low,20180702,MG
3377,reconciliation,reconciliation,82541,ac68b19902b80f75c025b4646f1d9e7c,ac68b19902b80f75c025b4646f1d9e7c,recon_installment_interest,"sold 180.07 vs paid 198.83 BRL, gap 18.76",low,20180403,GO
1898,data_quality,orders,63286,b82cf5fe4911adae1a6d2c4b171ec237,b82cf5fe4911adae1a6d2c4b171ec237,carrier_before_approval,handed to carrier 2018-07-04 12:24:00 before approval 2018-07-05 16:04:23,low,20180629,SP
2111,data_quality,orders,77531,244e8c98d54a7a388245e6b5b85d37ee,244e8c98d54a7a388245e6b5b85d37ee,carrier_before_approval,handed to carrier 2018-07-05 14:36:00 before approval 2018-07-05 16:35:20,low,20180704,SP
1308,data_quality,orders,24800,2bf247ba0fa83d6f30b133c7dc349f3a,2bf247ba0fa83d6f30b133c7dc349f3a,carrier_before_approval,handed to carrier 2018-04-23 19:17:30 before approval 2018-04-24 19:02:47,low,20180420,MG
1218,data_quality,orders,18741,c50c0ae5e7fcdb752cc2d1c9e357c82b,c50c0ae5e7fcdb752cc2d1c9e357c82b,carrier_before_approval,handed to carrier 2018-04-24 16:10:45 before approval 2018-04-24 17:13:21,low,20180422,MA
1469,data_quality,orders,35236,3b44236022543714625fb6d8daaa0734,3b44236022543714625fb6d8daaa0734,carrier_before_approval,handed to carrier 2018-04-23 21:52:07 before approval 2018-04-24 17:45:50,low,20180420,SP
2415,data_quality,orders,96717,26c2b0e7dd3eb988721bb042f783c80e,26c2b0e7dd3eb988721bb042f783c80e,carrier_before_approval,handed to carrier 2017-08-02 20:33:04 before approval 2017-08-04 11:33:49,low,20170802,RJ
1530,data_quality,orders,39307,652ea8ea554ac0339e725a3a9c028040,652ea8ea554ac0339e725a3a9c028040,carrier_before_approval,handed to carrier 2018-04-24 00:41:47 before approval 2018-04-24 18:12:56,low,20180420,RJ
1767,data_quality,orders,54235,3d366c0511565a8ddf3cbeaaba174193,3d366c0511565a8ddf3cbeaaba174193,carrier_before_approval,handed to carrier 2018-04-23 20:52:28 before approval 2018-04-24 18:05:15,low,20180420,SP
3474,reconciliation,reconciliation,91918,f1c86b9191896bcf9077ec22b6248153,f1c86b9191896bcf9077ec22b6248153,recon_voucher_related,"sold 55.80 vs paid 57.60 BRL, gap 1.80",medium,20180329,RJ
1979,data_quality,orders,68769,1362f8eb7b8f4e07b852a57afc251381,1362f8eb7b8f4e07b852a57afc251381,carrier_before_approval,handed to carrier 2018-07-24 13:17:00 before approval 2018-07-28 23:31:12,low,20180723,ES
1220,data_quality,orders,18960,95811675a89b66659996da5285a021db,95811675a89b66659996da5285a021db,carrier_before_approval,handed to carrier 2018-08-09 13:37:00 before approval 2018-08-09 15:25:22,low,20180809,DF
2044,data_quality,orders,73059,7c03bf6cda48e5312a9e4cfb0002f3b6,7c03bf6cda48e5312a9e4cfb0002f3b6,carrier_before_approval,handed to carrier 2018-07-05 12:45:00 before approval 2018-07-05 16:21:12,low,20180705,MG
1911,data_quality,orders,64047,5409caeb5a9baefa9e8316e7854e532f,5409caeb5a9baefa9e8316e7854e532f,carrier_before_approval,handed to carrier 2018-07-03 14:54:00 before approval 2018-07-05 16:04:21,low,20180630,SP
3450,reconciliation,reconciliation,88850,8272b63d03f5f79c56e9e4120aec44ef,8272b63d03f5f79c56e9e4120aec44ef,recon_rounding,"sold 196.17 vs paid 196.11 BRL, gap -0.06",low,20170716,SP
2282,data_quality,orders,89049,99d330b158a97e4b525cb725fa9571ec,99d330b158a97e4b525cb725fa9571ec,carrier_before_approval,handed to carrier 2018-04-23 23:54:54 before approval 2018-04-24 19:19:30,low,20180422,RS
2417,data_quality,orders,96863,5930304c1503cbf5928b7e38bc52e248,5930304c1503cbf5928b7e38bc52e248,carrier_before_approval,handed to carrier 2018-05-03 14:47:00 before approval 2018-05-03 14:55:15,low,20180503,MG
2837,reconciliation,reconciliation,33848,882634702ad671a4a28319adef8f058b,882634702ad671a4a28319adef8f058b,recon_untracked_discount,"sold 17.38 vs paid 16.38 BRL, gap -1.00",medium,20180826,SP
2281,data_quality,orders,88958,7889e9a569a5488a0c9d93381a13d5ba,7889e9a569a5488a0c9d93381a13d5ba,carrier_before_approval,handed to carrier 2018-07-05 13:59:00 before approval 2018-07-05 16:13:18,low,20180704,SP
1014,data_quality,orders,5899,bcc74496281fa806f6939a8d8f80f232,bcc74496281fa806f6939a8d8f80f232,carrier_before_approval,handed to carrier 2018-04-23 19:13:46 before approval 2018-04-24 19:02:28,low,20180420,SP
3236,reconciliation,reconciliation,70636,2dbe4c889950d30ef0988bbcac7ca86b,2dbe4c889950d30ef0988bbcac7ca86b,recon_installment_interest,"sold 77.07 vs paid 89.01 BRL, gap 11.94",low,20180122,SP
1476,data_quality,orders,35920,cc232fbf0724fb3e0289215b02b57707,cc232fbf0724fb3e0289215b02b57707,carrier_before_approval,handed to carrier 2018-07-28 08:56:00 before approval 2018-07-31 23:31:16,low,20180726,RJ
1558,data_quality,orders,41552,1676852853bb81a2a74bceb23c87ea44,1676852853bb81a2a74bceb23c87ea44,carrier_before_approval,handed to carrier 2018-04-23 19:32:56 before approval 2018-04-24 19:23:51,low,20180421,SP
1643,data_quality,orders,46397,7046baacfed62d117699e43e9cc8ee7c,7046baacfed62d117699e43e9cc8ee7c,carrier_before_approval,handed to carrier 2018-07-04 15:17:00 before approval 2018-07-05 16:06:14,low,20180702,SP
29,data_quality,order_payments,38295,7c03bf6cda48e5312a9e4cfb0002f3b6|2,7c03bf6cda48e5312a9e4cfb0002f3b6,payment_sequence_gap,payment_sequential jumps from 0 to 2,low,20180705,MG
2391,data_quality,orders,94981,2d0d4075ded592212bcd5e5bc561b406,2d0d4075ded592212bcd5e5bc561b406,carrier_before_approval,handed to carrier 2017-04-26 13:01:25 before approval 2017-04-26 13:06:25,low,20170426,RN
1344,data_quality,orders,26860,99edc58dc1d02b11403a10338c3a696c,99edc58dc1d02b11403a10338c3a696c,carrier_before_approval,handed to carrier 2018-05-15 14:34:00 before approval 2018-05-15 14:35:58,low,20180515,SP
1606,data_quality,orders,44426,4b38f9d30c069b6ec0c1da7d03c0ea21,4b38f9d30c069b6ec0c1da7d03c0ea21,carrier_before_approval,handed to carrier 2018-04-24 17:04:21 before approval 2018-04-24 19:03:58,low,20180423,SP
3128,reconciliation,reconciliation,61284,9f98fbb9d688c4f3356987801b19286d,9f98fbb9d688c4f3356987801b19286d,recon_installment_interest,"sold 80.74 vs paid 91.26 BRL, gap 10.52",low,20170611,PR
1676,data_quality,orders,48393,7e64c6b0a855acecee3ad0225a0e1da0,7e64c6b0a855acecee3ad0225a0e1da0,carrier_before_approval,handed to carrier 2018-07-03 14:35:00 before approval 2018-07-05 16:27:48,low,20180630,SP
1290,data_quality,orders,23868,8851b8f3b3c9736081a17b2f49b4eaec,8851b8f3b3c9736081a17b2f49b4eaec,carrier_before_approval,handed to carrier 2018-07-31 11:31:00 before approval 2018-07-31 11:44:27,low,20180731,MG
1362,data_quality,orders,27759,0b2d6210fb2a3be6f54add89639740ab,0b2d6210fb2a3be6f54add89639740ab,carrier_before_approval,handed to carrier 2018-04-24 00:30:42 before approval 2018-04-24 18:46:37,low,20180423,SP
1158,data_quality,orders,15180,9d53272cfdce55bd62a920f66ad66e47,9d53272cfdce55bd62a920f66ad66e47,carrier_before_approval,handed to carrier 2018-07-05 12:23:00 before approval 2018-07-05 16:32:52,low,20180704,DF
2860,reconciliation,reconciliation,35752,9f47e04f95b2bba1442d5bbf0611733e,9f47e04f95b2bba1442d5bbf0611733e,recon_installment_interest,"sold 61.75 vs paid 66.79 BRL, gap 5.04",low,20170509,SP
2278,data_quality,orders,88775,f222fcfc65ff1398b47dc51ab30d8d60,f222fcfc65ff1398b47dc51ab30d8d60,carrier_before_approval,handed to carrier 2018-07-04 15:03:00 before approval 2018-07-05 16:40:55,low,20180703,SP
3229,reconciliation,reconciliation,70059,c6f6cbb3c845593222d5c594bb69c5fd,c6f6cbb3c845593222d5c594bb69c5fd,recon_untracked_discount,"sold 113.33 vs paid 104.34 BRL, gap -8.99",medium,20180826,MG
1509,data_quality,orders,38279,fff8286f77788ab8b55b2e5747fa7dd8,fff8286f77788ab8b55b2e5747fa7dd8,carrier_before_approval,handed to carrier 2018-07-04 14:33:00 before approval 2018-07-05 16:22:01,low,20180703,MG
2011,data_quality,orders,70859,92fe083783a81f62019d6dcce018a85f,92fe083783a81f62019d6dcce018a85f,carrier_before_approval,handed to carrier 2018-07-24 14:42:00 before approval 2018-07-27 23:31:15,low,20180722,SP
913,data_quality,orders,416,56a4ac10a4a8f2ba7693523bb439eede,56a4ac10a4a8f2ba7693523bb439eede,carrier_before_approval,handed to carrier 2018-07-24 14:03:00 before approval 2018-07-27 23:31:09,low,20180722,SP
1778,data_quality,orders,55091,06eb87385425e5797a1a5c2cdb1b6559,06eb87385425e5797a1a5c2cdb1b6559,carrier_before_approval,handed to carrier 2017-09-06 21:10:11 before approval 2017-09-13 22:10:37,low,20170901,DF
39,data_quality,order_payments,43261,bf2f7a16704936db1686ba2711614520|2,bf2f7a16704936db1686ba2711614520,payment_sequence_gap,payment_sequential jumps from 0 to 2,low,20180528,MG
1672,data_quality,orders,48084,3f3f8127c7e0537f9f74550f3504f93d,3f3f8127c7e0537f9f74550f3504f93d,carrier_before_approval,handed to carrier 2018-07-03 14:51:00 before approval 2018-07-05 16:17:17,low,20180630,MG
1706,data_quality,orders,50206,5322755defeb2e8863500740172a082b,5322755defeb2e8863500740172a082b,carrier_before_approval,handed to carrier 2018-07-03 14:38:00 before approval 2018-07-05 16:25:46,low,20180703,BA
1021,data_quality,orders,6296,d342d7bad292d68d41d58ffb594cf431,d342d7bad292d68d41d58ffb594cf431,carrier_before_approval,handed to carrier 2018-04-24 18:32:41 before approval 2018-04-24 18:38:57,low,20180423,SP
2817,reconciliation,reconciliation,31662,262118ce178bb3e4590a3adcf6d62e6b,262118ce178bb3e4590a3adcf6d62e6b,recon_unexplained,"sold 177.74 vs paid 126.12 BRL, gap -51.62",high,20161006,RJ
1164,data_quality,orders,15674,0132f39e8ad9b42ad2d41c847f44c0ed,0132f39e8ad9b42ad2d41c847f44c0ed,carrier_before_approval,handed to carrier 2018-07-05 14:58:00 before approval 2018-07-05 16:22:32,low,20180705,SP
1777,data_quality,orders,55006,fc94803f2f890e115923357e5ef2d347,fc94803f2f890e115923357e5ef2d347,carrier_before_approval,handed to carrier 2018-07-05 13:33:00 before approval 2018-07-05 16:21:19,low,20180704,SP
3424,reconciliation,reconciliation,86028,38fa147f3463d7751cb8a2b2455d628c,38fa147f3463d7751cb8a2b2455d628c,recon_rounding,"sold 174.04 vs paid 174.02 BRL, gap -0.02",low,20170424,SP
1605,data_quality,orders,44400,e9b5a2375e8f252aaba047d5d20e4f84,e9b5a2375e8f252aaba047d5d20e4f84,carrier_before_approval,handed to carrier 2018-07-23 10:15:00 before approval 2018-07-23 12:31:38,low,20180722,SP
2670,reconciliation,reconciliation,17412,7d57370d053b938c6dda99e5b72ad270,7d57370d053b938c6dda99e5b72ad270,recon_installment_interest,"sold 67.60 vs paid 70.72 BRL, gap 3.12",low,20170702,MG
1395,data_quality,orders,29531,d04757c9594f6b1953682f34c0b1086c,d04757c9594f6b1953682f34c0b1086c,carrier_before_approval,handed to carrier 2018-04-23 22:03:33 before approval 2018-04-24 19:26:31,low,20180420,SC
2968,reconciliation,reconciliation,45719,bf49f84a0580ef6751e13357776b7ed9,bf49f84a0580ef6751e13357776b7ed9,recon_installment_interest,"sold 54.10 vs paid 61.14 BRL, gap 7.04",low,20170702,PR
1044,data_quality,orders,7780,d0654bfcd7000854a697aaee3ff7c5aa,d0654bfcd7000854a697aaee3ff7c5aa,carrier_before_approval,handed to carrier 2018-07-04 14:30:00 before approval 2018-07-05 16:27:45,low,20180704,PR
1363,data_quality,orders,27805,0e1501cd30758f584d1fa67cc6f9493a,0e1501cd30758f584d1fa67cc6f9493a,carrier_before_approval,handed to carrier 2018-07-03 14:36:00 before approval 2018-07-05 16:25:45,low,20180702,SP
916,data_quality,orders,586,16e38caa92e342c7780f68832f832d4d,16e38caa92e342c7780f68832f832d4d,carrier_before_approval,handed to carrier 2018-05-07 15:09:00 before approval 2018-05-07 16:52:39,low,20180507,MT
2416,data_quality,orders,96813,5a8a26a982045e5cd9d257b5fdef75c9,5a8a26a982045e5cd9d257b5fdef75c9,carrier_before_approval,handed to carrier 2017-04-26 21:33:39 before approval 2017-04-27 13:33:28,low,20170425,SP
1739,data_quality,orders,52291,dbc94ce4ff22c2daba89640dacc43949,dbc94ce4ff22c2daba89640dacc43949,carrier_before_approval,handed to carrier 2018-04-23 19:38:20 before approval 2018-04-24 18:56:51,low,20180420,SP
2169,data_quality,orders,82143,15f29653eecf60489d5e04389f448526,15f29653eecf60489d5e04389f448526,carrier_before_approval,handed to carrier 2018-04-23 23:56:46 before approval 2018-04-24 18:58:58,low,20180420,RJ
3375,reconciliation,reconciliation,82361,958e0d4145c40f4951c1bf4d2cf1166a,958e0d4145c40f4951c1bf4d2cf1166a,recon_installment_interest,"sold 123.01 vs paid 142.07 BRL, gap 19.06",low,20170601,SP
1715,data_quality,orders,50740,834545a0dc30bbf519e4d9c697eca0a1,834545a0dc30bbf519e4d9c697eca0a1,carrier_before_approval,handed to carrier 2018-07-05 09:36:00 before approval 2018-07-05 16:23:33,low,20180704,PR
2451,data_quality,orders,98597,773632f583feeda7d9b063496b6526a2,773632f583feeda7d9b063496b6526a2,carrier_before_approval,handed to carrier 2018-07-03 12:59:00 before approval 2018-07-05 16:27:42,low,20180702,MT
1776,data_quality,orders,54908,43db2bc49fcbe07b3ee17f03949557f4,43db2bc49fcbe07b3ee17f03949557f4,carrier_before_approval,handed to carrier 2018-07-04 14:06:00 before approval 2018-07-05 16:23:42,low,20180703,SP
2338,data_quality,orders,91696,9a6a7ea0e1523950885c7b716b1766cc,9a6a7ea0e1523950885c7b716b1766cc,carrier_before_approval,handed to carrier 2018-07-05 07:25:00 before approval 2018-07-05 16:16:42,low,20180703,RJ
1414,data_quality,orders,31351,711446e2cbe250789dc7b3ecdfce793c,711446e2cbe250789dc7b3ecdfce793c,carrier_before_approval,handed to carrier 2018-07-05 12:04:00 before approval 2018-07-05 16:32:23,low,20180704,RO
2422,data_quality,orders,97246,04f5536db820c4ea1450c353f92d5de5,04f5536db820c4ea1450c353f92d5de5,carrier_before_approval,handed to carrier 2018-04-23 18:03:13 before approval 2018-04-24 17:33:43,low,20180422,SP
1112,data_quality,orders,12292,29f49e25d09d4c903d8b17278b5e59bf,29f49e25d09d4c903d8b17278b5e59bf,carrier_before_approval,handed to carrier 2018-02-01 10:42:12 before approval 2018-02-03 23:31:44,low,20180129,RJ
1281,data_quality,orders,23105,227a77cf2c1425f0207076c524b1bb5e,227a77cf2c1425f0207076c524b1bb5e,carrier_before_approval,handed to carrier 2018-07-05 14:22:00 before approval 2018-07-05 16:32:36,low,20180704,RJ
1719,data_quality,orders,50903,48ddd457f76f31a99e60ac8007bc8b28,48ddd457f76f31a99e60ac8007bc8b28,carrier_before_approval,handed to carrier 2018-01-31 17:59:31 before approval 2018-02-04 23:31:38,low,20180130,MG
944,data_quality,orders,2039,d65ef0f73f00ef3755af2d8ef6138ba5,d65ef0f73f00ef3755af2d8ef6138ba5,carrier_before_approval,handed to carrier 2018-04-23 19:07:40 before approval 2018-04-24 18:14:15,low,20180423,MG
1272,data_quality,orders,22566,5000db43709b8a1e13f508043ff281c9,5000db43709b8a1e13f508043ff281c9,carrier_before_approval,handed to carrier 2018-04-23 18:16:56 before approval 2018-04-24 18:58:37,low,20180417,RJ
2054,data_quality,orders,73776,3a026b1e98a953d5e0e675d1593ad4af,3a026b1e98a953d5e0e675d1593ad4af,carrier_before_approval,handed to carrier 2018-04-23 21:33:24 before approval 2018-04-24 18:29:12,low,20180423,SP
1206,data_quality,orders,17572,89db72753850524e71c11a2531aef8b8,89db72753850524e71c11a2531aef8b8,carrier_before_approval,handed to carrier 2018-01-31 21:24:06 before approval 2018-02-04 23:31:38,low,20180130,SC
1622,data_quality,orders,45283,22d03f81f36cfd05e90af56d5dc63e74,22d03f81f36cfd05e90af56d5dc63e74,carrier_before_approval,handed to carrier 2018-08-01 11:19:00 before approval 2018-08-01 16:31:37,low,20180731,MS
914,data_quality,orders,482,32e4fa9bb468884309b58b9348de70c3,32e4fa9bb468884309b58b9348de70c3,carrier_before_approval,handed to carrier 2018-07-05 14:50:00 before approval 2018-07-05 16:33:06,low,20180704,SP
1427,data_quality,orders,32482,26968873aef9380ae17bfc3717c8cd7d,26968873aef9380ae17bfc3717c8cd7d,carrier_before_approval,handed to carrier 2018-07-03 13:55:00 before approval 2018-07-05 16:17:45,low,20180630,PA
2188,data_quality,orders,83237,56989126486c2d5a8797256f0011753f,56989126486c2d5a8797256f0011753f,carrier_before_approval,handed to carrier 2018-07-05 14:47:00 before approval 2018-07-05 16:33:01,low,20180704,SP
1876,data_quality,orders,61615,be68a2bd0ec703cf10253c611bfda5d4,be68a2bd0ec703cf10253c611bfda5d4,carrier_before_approval,handed to carrier 2018-07-04 10:46:00 before approval 2018-07-05 16:30:42,low,20180703,SP
1552,data_quality,orders,41328,27f7d43a44061f79fa0e259a3b9a7922,27f7d43a44061f79fa0e259a3b9a7922,carrier_before_approval,handed to carrier 2018-04-23 23:41:42 before approval 2018-04-24 17:16:31,low,20180422,DF
1382,data_quality,orders,28897,2e55db958a20257bc57183a4e74e6b47,2e55db958a20257bc57183a4e74e6b47,carrier_before_approval,handed to carrier 2018-07-31 10:01:00 before approval 2018-08-01 16:31:33,low,20180730,SP
1214,data_quality,orders,18098,0467205a89711e4ec8e70ef2277e3287,0467205a89711e4ec8e70ef2277e3287,carrier_before_approval,handed to carrier 2018-07-03 13:12:00 before approval 2018-07-05 16:40:30,low,20180703,SP
1714,data_quality,orders,50725,292d3c40e87d260ea28e83b76b5e352c,292d3c40e87d260ea28e83b76b5e352c,carrier_before_approval,handed to carrier 2018-05-17 13:47:00 before approval 2018-05-19 11:31:31,low,20180517,DF
1807,data_quality,orders,57249,935337c314d75668fe94f2a51ade79a3,935337c314d75668fe94f2a51ade79a3,carrier_before_approval,handed to carrier 2018-07-05 14:13:00 before approval 2018-07-05 16:34:56,low,20180704,SP
2572,reconciliation,reconciliation,8570,e57d9d7eca079892fe0aee2b0cf96311,e57d9d7eca079892fe0aee2b0cf96311,recon_installment_interest,"sold 105.38 vs paid 115.42 BRL, gap 10.04",low,20180218,MG
1515,data_quality,orders,38768,65bf80b7cf4363113089bc022bfef891,65bf80b7cf4363113089bc022bfef891,carrier_before_approval,handed to carrier 2018-04-23 17:04:01 before approval 2018-04-24 19:05:55,low,20180422,MG
1999,data_quality,orders,70064,787bfd3b90a91fda23d2e58665f5e1ac,787bfd3b90a91fda23d2e58665f5e1ac,carrier_before_approval,handed to carrier 2018-06-21 14:01:00 before approval 2018-06-21 14:22:02,low,20180621,PR
1707,data_quality,orders,50244,8358045db0b940a1fcaa47dadb2b79c9,8358045db0b940a1fcaa47dadb2b79c9,carrier_before_approval,handed to carrier 2018-04-23 18:54:34 before approval 2018-04-24 18:38:39,low,20180422,MG
54,data_quality,order_payments,59375,fe49c4a1416840f8ed6bd36daac85aae|2,fe49c4a1416840f8ed6bd36daac85aae,payment_sequence_gap,payment_sequential jumps from 0 to 2,low,20180619,SC
2010,data_quality,orders,70857,b681b75880c64cf34a01e503b6c2aafc,b681b75880c64cf34a01e503b6c2aafc,carrier_before_approval,handed to carrier 2018-07-05 12:03:00 before approval 2018-07-05 16:15:52,low,20180704,SP
2057,data_quality,orders,73817,dad0bbde895c4becabe332fcdfd47893,dad0bbde895c4becabe332fcdfd47893,carrier_before_approval,handed to carrier 2018-04-24 15:54:40 before approval 2018-04-24 18:07:47,low,20180422,SP
994,data_quality,orders,4823,6a83e5c040d9fc9d14c1035925ecee1f,6a83e5c040d9fc9d14c1035925ecee1f,carrier_before_approval,handed to carrier 2018-07-04 12:22:00 before approval 2018-07-05 16:15:54,low,20180702,GO
1357,data_quality,orders,27539,5506aa9cafae9629ef0a21b3ad199219,5506aa9cafae9629ef0a21b3ad199219,carrier_before_approval,handed to carrier 2017-12-04 20:58:59 before approval 2017-12-05 10:30:54,low,20171202,BA
3434,reconciliation,reconciliation,86794,5af817dcc7682f13101dbdef134be4e0,5af817dcc7682f13101dbdef134be4e0,recon_voucher_related,"sold 44.09 vs paid 45.42 BRL, gap 1.33",medium,20180124,PR
1319,data_quality,orders,25384,a727355acb88d9b3e6e41fb2e3888a0e,a727355acb88d9b3e6e41fb2e3888a0e,carrier_before_approval,handed to carrier 2018-07-24 15:07:00 before approval 2018-07-28 23:31:01,low,20180723,SP
1943,data_quality,orders,66388,1166c0cee90e165a1b3cf275339be6cc,1166c0cee90e165a1b3cf275339be6cc,carrier_before_approval,handed to carrier 2018-07-24 14:27:00 before approval 2018-07-26 23:31:24,low,20180721,PR
1600,data_quality,orders,44165,0fb2036805020445edceb236ebe847c8,0fb2036805020445edceb236ebe847c8,carrier_before_approval,handed to carrier 2018-04-23 19:04:00 before approval 2018-04-24 19:04:29,low,20180423,SP
3457,reconciliation,reconciliation,89595,5ec8127f0e7abadc5ee625f266ee0742,5ec8127f0e7abadc5ee625f266ee0742,recon_installment_interest,"sold 36.13 vs paid 40.36 BRL, gap 4.23",low,20180605,DF
42,data_quality,order_payments,45015,b6424d3ecaedf5f49836d503d4f0d671|2,b6424d3ecaedf5f49836d503d4f0d671,payment_sequence_gap,payment_sequential jumps from 0 to 2,low,20180722,SP
1534,data_quality,orders,39929,0417b4ccdad2da3b88aa378eef45528c,0417b4ccdad2da3b88aa378eef45528c,carrier_before_approval,handed to carrier 2018-04-24 01:56:52 before approval 2018-04-24 19:05:58,low,20180422,RJ
1151,data_quality,orders,14822,83b168c70ec0325445963b36cda1eef3,83b168c70ec0325445963b36cda1eef3,carrier_before_approval,handed to carrier 2018-04-23 21:11:20 before approval 2018-04-24 18:59:21,low,20180421,PR
40,data_quality,order_payments,43745,6ccb433e00daae1283ccc956189c82ae|4,6ccb433e00daae1283ccc956189c82ae,zero_value_payment,voucher payment with value 0.00,low,20171026,RJ
3026,reconciliation,reconciliation,51599,3adc794e637a2ef67f006b35b36904a4,3adc794e637a2ef67f006b35b36904a4,recon_installment_interest,"sold 46.14 vs paid 49.91 BRL, gap 3.77",low,20180208,MA
1688,data_quality,orders,48954,b5cded175dda03c8360eb5d652b931e1,b5cded175dda03c8360eb5d652b931e1,carrier_before_approval,handed to carrier 2018-04-24 16:54:51 before approval 2018-04-24 19:17:52,low,20180421,PR
2007,data_quality,orders,70556,f29bcfc9110dfb7b1fc0f77b31b749b8,f29bcfc9110dfb7b1fc0f77b31b749b8,carrier_before_approval,handed to carrier 2018-04-23 17:33:11 before approval 2018-04-24 18:09:42,low,20180422,GO
2157,data_quality,orders,81291,559f0bbfa2518e102877dcb7f65735ef,559f0bbfa2518e102877dcb7f65735ef,carrier_before_approval,handed to carrier 2018-07-05 10:46:00 before approval 2018-07-05 16:22:11,low,20180704,SP
7,data_quality,order_payments,4430,9769f28d910e7304d7bf0fcd32d8ecd6|2,9769f28d910e7304d7bf0fcd32d8ecd6,payment_sequence_gap,payment_sequential jumps from 0 to 2,low,20180725,MG
67,data_quality,order_payments,72475,d65ef0f73f00ef3755af2d8ef6138ba5|2,d65ef0f73f00ef3755af2d8ef6138ba5,payment_sequence_gap,payment_sequential jumps from 0 to 2,low,20180423,MG
2163,data_quality,orders,82018,6423db30ee1e8cbd5d066f414bde1a0e,6423db30ee1e8cbd5d066f414bde1a0e,carrier_before_approval,handed to carrier 2018-04-24 01:17:48 before approval 2018-04-24 18:06:56,low,20180421,SC
61,data_quality,order_payments,62965,229d2824e311bf2592b6b7ce32af04a8|2,229d2824e311bf2592b6b7ce32af04a8,payment_sequence_gap,payment_sequential jumps from 0 to 2,low,20180423,PE
16,data_quality,order_payments,19923,8bcbe01d44d147f901cd3192671144db|4,8bcbe01d44d147f901cd3192671144db,zero_value_payment,voucher payment with value 0.00,low,20180124,RJ
1387,data_quality,orders,29268,fff0db5573c78c1cb5a2b68a2bbd8d4a,fff0db5573c78c1cb5a2b68a2bbd8d4a,carrier_before_approval,handed to carrier 2018-06-27 10:19:00 before approval 2018-06-27 11:05:27,low,20180627,SP
2448,data_quality,orders,98498,23b6026f4aa837ed95e0941208f31434,23b6026f4aa837ed95e0941208f31434,carrier_before_approval,handed to carrier 2018-07-04 13:44:00 before approval 2018-07-05 16:17:36,low,20180702,SP
1045,data_quality,orders,7874,2d7a8c97e529d66fad6f5eef0f44d6a4,2d7a8c97e529d66fad6f5eef0f44d6a4,carrier_before_approval,handed to carrier 2018-04-23 18:46:52 before approval 2018-04-24 17:53:00,low,20180419,GO
1175,data_quality,orders,16173,4409219388d83b4e077e0537ac46ec0c,4409219388d83b4e077e0537ac46ec0c,carrier_before_approval,handed to carrier 2018-04-24 02:07:00 before approval 2018-04-24 18:05:45,low,20180421,BA
1183,data_quality,orders,16472,518f64553f1bdccfe47ed290584a60a3,518f64553f1bdccfe47ed290584a60a3,carrier_before_approval,handed to carrier 2018-07-05 13:29:00 before approval 2018-07-05 16:35:08,low,20180704,RJ
2811,reconciliation,reconciliation,31223,7c9669c84a4eea3a3ab4f052945346b0,7c9669c84a4eea3a3ab4f052945346b0,recon_installment_interest,"sold 44.34 vs paid 47.43 BRL, gap 3.09",low,20180113,SP
2356,data_quality,orders,93276,d8e436a94b1158d6fff244c9ae75fccb,d8e436a94b1158d6fff244c9ae75fccb,carrier_before_approval,handed to carrier 2018-07-03 16:21:00 before approval 2018-07-05 16:17:41,low,20180630,RS
1371,data_quality,orders,28176,438b46304b3217ea878c63aeb5b98f5d,438b46304b3217ea878c63aeb5b98f5d,carrier_before_approval,handed to carrier 2018-07-04 11:51:00 before approval 2018-07-05 16:40:34,low,20180703,SP
1793,data_quality,orders,55925,15e76da51e30092973501aec21769ee2,15e76da51e30092973501aec21769ee2,carrier_before_approval,handed to carrier 2018-07-05 14:19:00 before approval 2018-07-05 16:06:59,low,20180704,SP
1203,data_quality,orders,17483,5a45d91a6a45708d28e1f018a24a2607,5a45d91a6a45708d28e1f018a24a2607,carrier_before_approval,handed to carrier 2018-04-23 17:27:42 before approval 2018-04-24 19:06:34,low,20180421,PR
1611,data_quality,orders,44644,d1c3e5942668c790cea34c89fd33f05f,d1c3e5942668c790cea34c89fd33f05f,carrier_before_approval,handed to carrier 2018-04-24 16:38:58 before approval 2018-04-24 18:26:31,low,20180419,SP
1104,data_quality,orders,11883,6cac054c444c98466bfa9af759df2f8a,6cac054c444c98466bfa9af759df2f8a,carrier_before_approval,handed to carrier 2018-07-05 12:26:00 before approval 2018-07-05 16:13:01,low,20180703,RS
1120,data_quality,orders,12750,fba03bf5e3db2585caab95fb6ef71c45,fba03bf5e3db2585caab95fb6ef71c45,carrier_before_approval,handed to carrier 2018-04-23 19:22:54 before approval 2018-04-24 18:59:06,low,20180422,RS
2370,data_quality,orders,94030,9e020562e720fd5b4120ccc4ae0132ef,9e020562e720fd5b4120ccc4ae0132ef,carrier_before_approval,handed to carrier 2018-07-05 14:47:00 before approval 2018-07-05 16:21:59,low,20180704,SP
2443,data_quality,orders,98360,5a41aefdf8010bbd69a5264f69213b73,5a41aefdf8010bbd69a5264f69213b73,carrier_before_approval,handed to carrier 2018-07-03 12:40:00 before approval 2018-07-05 16:17:20,low,20180702,SP
1910,data_quality,orders,64031,f6f0b540e89f9b3f6f256e9c5c739f6f,f6f0b540e89f9b3f6f256e9c5c739f6f,carrier_before_approval,handed to carrier 2018-07-05 14:58:00 before approval 2018-07-05 16:03:22,low,20180701,SP
2239,data_quality,orders,86479,e8d5ac327490a6d1580be779a264c2fb,e8d5ac327490a6d1580be779a264c2fb,carrier_before_approval,handed to carrier 2018-04-23 23:51:12 before approval 2018-04-24 17:13:21,low,20180423,MG
1717,data_quality,orders,50812,ac17f36b9ec35c47dc44e96558d33dc7,ac17f36b9ec35c47dc44e96558d33dc7,carrier_before_approval,handed to carrier 2018-07-04 08:00:00 before approval 2018-07-05 16:27:11,low,20180703,MG
3319,reconciliation,reconciliation,78075,fa87437f971fce498b2184cd2401e23e,fa87437f971fce498b2184cd2401e23e,recon_installment_interest,"sold 63.27 vs paid 66.93 BRL, gap 3.66",low,20180206,SP
1820,data_quality,orders,57930,77eebc56e710b7d5e02097984981cd76,77eebc56e710b7d5e02097984981cd76,carrier_before_approval,handed to carrier 2018-05-30 14:05:00 before approval 2018-05-30 14:17:00,low,20180529,MG
1843,data_quality,orders,59858,4bdb3af7b8d5db206e5ea7b4f964ba4c,4bdb3af7b8d5db206e5ea7b4f964ba4c,carrier_before_approval,handed to carrier 2018-07-03 13:56:00 before approval 2018-07-05 16:05:22,low,20180630,MG
2495,reconciliation,reconciliation,1670,239f380355f65dcb68551f07d16fc4a8,239f380355f65dcb68551f07d16fc4a8,recon_installment_interest,"sold 222.63 vs paid 251.63 BRL, gap 29.00",low,20180626,BA
2104,data_quality,orders,76834,78b7833f56f2ac54efd0e617ef4d4673,78b7833f56f2ac54efd0e617ef4d4673,carrier_before_approval,handed to carrier 2018-04-23 19:24:45 before approval 2018-04-24 18:05:15,low,20180420,RN
1883,data_quality,orders,62070,e7d1cbc138189b71137ee7031026b62e,e7d1cbc138189b71137ee7031026b62e,carrier_before_approval,handed to carrier 2018-04-24 17:04:18 before approval 2018-04-24 18:59:35,low,20180421,RJ
1584,data_quality,orders,42733,59e2aa6cada46ead4c4520d965785640,59e2aa6cada46ead4c4520d965785640,carrier_before_approval,handed to carrier 2018-07-05 14:13:00 before approval 2018-07-05 16:31:07,low,20180705,SP
1840,data_quality,orders,59726,f9acbb9c41a974fa5fdd57e6bf85846a,f9acbb9c41a974fa5fdd57e6bf85846a,carrier_before_approval,handed to carrier 2018-07-04 11:28:00 before approval 2018-07-05 16:40:33,low,20180703,CE
1757,data_quality,orders,53456,2e2c60b99754ae1e4d8b18846cfec9f2,2e2c60b99754ae1e4d8b18846cfec9f2,carrier_before_approval,handed to carrier 2018-04-23 20:46:36 before approval 2018-04-24 18:33:53,low,20180422,SP
2042,data_quality,orders,73033,3586033d33df96014cf815491f3e287a,3586033d33df96014cf815491f3e287a,carrier_before_approval,handed to carrier 2018-04-20 23:03:53 before approval 2018-04-24 17:22:33,low,20180420,RJ
3166,reconciliation,reconciliation,64896,585f3aa654c4d58eb968fc4fe6e3e92e,585f3aa654c4d58eb968fc4fe6e3e92e,recon_installment_interest,"sold 89.63 vs paid 101.31 BRL, gap 11.68",low,20180209,BA
2938,reconciliation,reconciliation,42474,848b0561d4bc26f57b288a5004f38683,848b0561d4bc26f57b288a5004f38683,recon_rounding,"sold 604.86 vs paid 604.84 BRL, gap -0.02",low,20171127,SP
2771,reconciliation,reconciliation,27429,aeffea2c78ec9b15d6cd7478c9072c07,aeffea2c78ec9b15d6cd7478c9072c07,recon_installment_interest,"sold 117.08 vs paid 135.22 BRL, gap 18.14",low,20180211,PR
1306,data_quality,orders,24698,e9de409fda259726830399eaf5fb4e42,e9de409fda259726830399eaf5fb4e42,carrier_before_approval,handed to carrier 2018-05-28 14:02:00 before approval 2018-05-28 14:10:46,low,20180528,SP
10,data_quality,order_payments,6804,497dd86000dbe348d33b6fa239f2521b|2,497dd86000dbe348d33b6fa239f2521b,payment_sequence_gap,payment_sequential jumps from 0 to 2,low,20180621,SP
995,data_quality,orders,4857,335cf1cb074c8dfcdf59bc86f8255409,335cf1cb074c8dfcdf59bc86f8255409,carrier_before_approval,handed to carrier 2018-05-16 08:57:00 before approval 2018-05-16 09:33:16,low,20180515,PE
1488,data_quality,orders,37360,dbebf60e0907d4124719fe7a872e7694,dbebf60e0907d4124719fe7a872e7694,carrier_before_approval,handed to carrier 2018-07-04 10:48:00 before approval 2018-07-05 16:27:11,low,20180702,RJ
2368,data_quality,orders,93894,cad95e56b8bc5ed2c10ee964ba21ac96,cad95e56b8bc5ed2c10ee964ba21ac96,carrier_before_approval,handed to carrier 2018-01-31 21:12:05 before approval 2018-02-04 23:31:32,low,20180130,SP
3218,reconciliation,reconciliation,69465,aad7d7dacb681055d348e02842f0590b,aad7d7dacb681055d348e02842f0590b,recon_installment_interest,"sold 32.60 vs paid 34.82 BRL, gap 2.22",low,20180211,SP
2610,reconciliation,reconciliation,11792,ce6d150fb29ada17d2082f4847107665,ce6d150fb29ada17d2082f4847107665,recon_installment_interest,"sold 1403.66 vs paid 1586.47 BRL, gap 182.81",low,20180125,MT
2023,data_quality,orders,71709,3b2639c14a48df0a716ce3bb0c9c6735,3b2639c14a48df0a716ce3bb0c9c6735,carrier_before_approval,handed to carrier 2018-08-14 11:51:00 before approval 2018-08-14 12:24:01,low,20180813,RN
1636,data_quality,orders,45993,caec6ec3266608cf43f2abc14334a25f,caec6ec3266608cf43f2abc14334a25f,carrier_before_approval,handed to carrier 2018-04-23 19:17:26 before approval 2018-04-24 18:05:40,low,20180420,SP
1311,data_quality,orders,25006,924d24dd7c6de024d96e25d4812d65bd,924d24dd7c6de024d96e25d4812d65bd,carrier_before_approval,handed to carrier 2018-07-03 13:45:00 before approval 2018-07-05 16:05:43,low,20180702,PE
2342,data_quality,orders,92046,a69ca27e5ae20da24dd0b144a6bfe2e9,a69ca27e5ae20da24dd0b144a6bfe2e9,carrier_before_approval,handed to carrier 2017-05-12 12:51:10 before approval 2017-05-12 13:06:48,low,20170512,MG
2021,data_quality,orders,71491,adad66be45caa015d25e03ed17610197,adad66be45caa015d25e03ed17610197,carrier_before_approval,handed to carrier 2017-12-04 22:53:02 before approval 2017-12-05 10:30:54,low,20171203,MG
2273,data_quality,orders,88512,34280c3bc1c50403f0f1d4b272565256,34280c3bc1c50403f0f1d4b272565256,carrier_before_approval,handed to carrier 2018-07-05 14:45:00 before approval 2018-07-05 16:23:07,low,20180704,GO
2138,data_quality,orders,79437,df87f618719ef397d4681011b2e2e934,df87f618719ef397d4681011b2e2e934,carrier_before_approval,handed to carrier 2018-04-23 18:42:12 before approval 2018-04-24 18:14:27,low,20180419,SC
2211,data_quality,orders,85394,40de47dfa620d667117e4a6067b6e1ec,40de47dfa620d667117e4a6067b6e1ec,carrier_before_approval,handed to carrier 2017-09-04 20:36:58 before approval 2017-09-13 21:58:38,low,20170901,MG
1351,data_quality,orders,27310,c3b8c17ee15e0e798c2e178b7d4c7f42,c3b8c17ee15e0e798c2e178b7d4c7f42,carrier_before_approval,handed to carrier 2017-09-05 15:43:31 before approval 2017-09-13 22:08:55,low,20170901,SP
1557,data_quality,orders,41532,4d15992eecccff8ef3bf6d2adece1b0a,4d15992eecccff8ef3bf6d2adece1b0a,carrier_before_approval,handed to carrier 2018-04-20 23:16:43 before approval 2018-04-24 19:26:30,low,20180420,SP
2227,data_quality,orders,86046,a7cc09fb58107d971a9b1f94e176a910,a7cc09fb58107d971a9b1f94e176a910,carrier_before_approval,handed to carrier 2018-04-23 20:30:52 before approval 2018-04-24 18:09:42,low,20180421,SC
1022,data_quality,orders,6341,b8739e2347eff7c8473c5b9568fbb221,b8739e2347eff7c8473c5b9568fbb221,carrier_before_approval,handed to carrier 2018-07-04 15:41:00 before approval 2018-07-05 16:35:32,low,20180702,SP
1028,data_quality,orders,6492,1fb42df5f777c1b9bf5790d888e15075,1fb42df5f777c1b9bf5790d888e15075,carrier_before_approval,handed to carrier 2018-06-21 13:09:00 before approval 2018-06-21 14:00:26,low,20180621,SP
1902,data_quality,orders,63557,047ea1a58aad923c2c108eafa2c28192,047ea1a58aad923c2c108eafa2c28192,carrier_before_approval,handed to carrier 2018-07-03 13:34:00 before approval 2018-07-05 16:05:43,low,20180701,SP
2650,reconciliation,reconciliation,16336,71dab1155600756af6de79de92e712e3,71dab1155600756af6de79de92e712e3,recon_rounding,"sold 1988.53 vs paid 1988.55 BRL, gap 0.02",low,20180201,BA
2180,data_quality,orders,82777,0f375a22986f5561dd6c2a22c86c6b25,0f375a22986f5561dd6c2a22c86c6b25,carrier_before_approval,handed to carrier 2018-07-25 14:07:00 before approval 2018-07-25 14:24:32,low,20180724,MG
1340,data_quality,orders,26592,7bda7db3336fe81423dded5d342d4115,7bda7db3336fe81423dded5d342d4115,carrier_before_approval,handed to carrier 2018-07-04 12:34:00 before approval 2018-07-05 16:11:04,low,20180703,SP
2107,data_quality,orders,77233,f08dc1531373f63ea0779a333ae40275,f08dc1531373f63ea0779a333ae40275,carrier_before_approval,handed to carrier 2018-07-04 14:07:00 before approval 2018-07-05 16:27:00,low,20180704,RJ
1285,data_quality,orders,23293,55a54184af6cdb5cbd95d124883c2dbb,55a54184af6cdb5cbd95d124883c2dbb,carrier_before_approval,handed to carrier 2018-06-27 09:57:00 before approval 2018-06-27 11:18:24,low,20180627,BA
3175,reconciliation,reconciliation,66003,fa0d5b3cb1f2221766145a60ba18ac64,fa0d5b3cb1f2221766145a60ba18ac64,recon_installment_interest,"sold 129.21 vs paid 141.32 BRL, gap 12.11",low,20171230,MT
1516,data_quality,orders,38812,736fa605c3ae7ebfa61d3fc8caa49b47,736fa605c3ae7ebfa61d3fc8caa49b47,carrier_before_approval,handed to carrier 2018-07-04 08:39:00 before approval 2018-07-05 16:17:17,low,20180630,MT
1973,data_quality,orders,68421,104cf29a266be8f412ca30ec4cdab145,104cf29a266be8f412ca30ec4cdab145,carrier_before_approval,handed to carrier 2017-04-26 09:47:10 before approval 2017-04-27 13:36:40,low,20170425,SP
3357,reconciliation,reconciliation,81067,29692492693482bc3acf19d97fac69f8,29692492693482bc3acf19d97fac69f8,recon_installment_interest,"sold 123.69 vs paid 142.86 BRL, gap 19.17",low,20180122,SP
2181,data_quality,orders,82794,d21711f4bfc26162d5a8e471d7edb25f,d21711f4bfc26162d5a8e471d7edb25f,carrier_before_approval,handed to carrier 2018-07-25 15:09:00 before approval 2018-07-27 23:30:58,low,20180722,DF
2447,data_quality,orders,98469,7d4bbd720f893f2ce3f6e19f95c4249a,7d4bbd720f893f2ce3f6e19f95c4249a,carrier_before_approval,handed to carrier 2018-05-25 11:15:00 before approval 2018-05-25 11:37:01,low,20180524,SP
1062,data_quality,orders,9071,2f66b4903890f8fcc8bccfd80510dae9,2f66b4903890f8fcc8bccfd80510dae9,carrier_before_approval,handed to carrier 2018-04-24 18:04:46 before approval 2018-04-24 18:24:18,low,20180423,PB
2852,reconciliation,reconciliation,34721,e09dd765041e9934d762d51ccb26adee,e09dd765041e9934d762d51ccb26adee,recon_rounding,"sold 109.42 vs paid 109.40 BRL, gap -0.02",low,20170121,SP
2065,data_quality,orders,74382,753a3deab4eed64bb300591cb01874b3,753a3deab4eed64bb300591cb01874b3,carrier_before_approval,handed to carrier 2018-04-23 17:08:51 before approval 2018-04-24 18:58:32,low,20180421,RJ
3495,reconciliation,reconciliation,94267,8c82eab3813ca92415655a5e4b1a8b7a,8c82eab3813ca92415655a5e4b1a8b7a,recon_installment_interest,"sold 67.73 vs paid 87.32 BRL, gap 19.59",low,20180121,SP
1331,data_quality,orders,26135,f7411b386b99ab297f888848be4198a6,f7411b386b99ab297f888848be4198a6,carrier_before_approval,handed to carrier 2018-05-16 08:50:00 before approval 2018-05-16 09:06:45,low,20180515,MG
1601,data_quality,orders,44168,bec3652605143e5f7e0265d993793eba,bec3652605143e5f7e0265d993793eba,carrier_before_approval,handed to carrier 2018-08-23 13:05:00 before approval 2018-08-23 13:24:57,low,20180823,SP
2558,reconciliation,reconciliation,7424,02f4dd90ba0feb8ec394cac05862d2b5,02f4dd90ba0feb8ec394cac05862d2b5,recon_installment_interest,"sold 130.96 vs paid 141.65 BRL, gap 10.69",low,20180529,AM
2297,data_quality,orders,89888,17f71a234f74de0e7c52630aa272eb17,17f71a234f74de0e7c52630aa272eb17,carrier_before_approval,handed to carrier 2018-07-03 14:59:00 before approval 2018-07-05 16:40:35,low,20180703,MG
2117,data_quality,orders,78254,e9cec3364270c67c922b8891465148db,e9cec3364270c67c922b8891465148db,carrier_before_approval,handed to carrier 2018-04-24 02:52:11 before approval 2018-04-24 19:26:12,low,20180421,MT
2166,data_quality,orders,82056,c0a8ef94e050fd7fb74a3757be5b3da0,c0a8ef94e050fd7fb74a3757be5b3da0,carrier_before_approval,handed to carrier 2018-07-04 15:16:00 before approval 2018-07-05 16:27:53,low,20180703,SP
1513,data_quality,orders,38742,b1790ff077b7630f790bba65c012c64b,b1790ff077b7630f790bba65c012c64b,carrier_before_approval,handed to carrier 2018-06-20 15:39:00 before approval 2018-06-20 15:40:12,low,20180620,SP
1119,data_quality,orders,12734,478b98b4c7442950e6911539465abc95,478b98b4c7442950e6911539465abc95,carrier_before_approval,handed to carrier 2018-04-24 18:19:48 before approval 2018-04-24 19:27:57,low,20180421,SP
1202,data_quality,orders,17468,45281486033aa1a5fb951a3cb2105e29,45281486033aa1a5fb951a3cb2105e29,carrier_before_approval,handed to carrier 2018-02-15 19:29:01 before approval 2018-02-16 14:30:51,low,20180214,SP
2722,reconciliation,reconciliation,22987,7e4ac7e51f277ac8bd918f82063b20d8,7e4ac7e51f277ac8bd918f82063b20d8,recon_installment_interest,"sold 62.01 vs paid 64.89 BRL, gap 2.88",low,20170614,PR
2605,reconciliation,reconciliation,11226,8d2a68ca0ac61329c56e0b74695b04b4,8d2a68ca0ac61329c56e0b74695b04b4,recon_installment_interest,"sold 66.01 vs paid 72.90 BRL, gap 6.89",low,20180207,SP
1324,data_quality,orders,25470,9562a9a598a619a1726397eb5246e623,9562a9a598a619a1726397eb5246e623,carrier_before_approval,handed to carrier 2018-06-11 16:16:00 before approval 2018-06-11 16:31:36,low,20180611,SP
3487,reconciliation,reconciliation,93711,dc3adcf742779e0c8eb5bd587ed4ec57,dc3adcf742779e0c8eb5bd587ed4ec57,recon_rounding,"sold 727.56 vs paid 727.58 BRL, gap 0.02",low,20171125,SP
1300,data_quality,orders,24523,fa8af66ee11f929d58f95e9a0522d792,fa8af66ee11f929d58f95e9a0522d792,carrier_before_approval,handed to carrier 2018-04-23 18:32:27 before approval 2018-04-24 17:16:32,low,20180422,SP
2958,reconciliation,reconciliation,44794,c9c703564ad4d6fb43a1cff5524574ac,c9c703564ad4d6fb43a1cff5524574ac,recon_installment_interest,"sold 154.49 vs paid 170.58 BRL, gap 16.09",low,20170718,SP
2167,data_quality,orders,82057,3f2dd0e27853384475d6ead696ff3fbb,3f2dd0e27853384475d6ead696ff3fbb,carrier_before_approval,handed to carrier 2017-04-28 10:56:52 before approval 2017-04-28 12:53:52,low,20170427,MG
1483,data_quality,orders,36853,6e7d56b33e25e67ee602c9bfb9a63018,6e7d56b33e25e67ee602c9bfb9a63018,carrier_before_approval,handed to carrier 2017-08-01 17:25:38 before approval 2017-08-04 11:33:04,low,20170730,SP
3168,reconciliation,reconciliation,64931,01e51b7c3025655646143d09b911e1d7,01e51b7c3025655646143d09b911e1d7,recon_installment_interest,"sold 33.10 vs paid 35.02 BRL, gap 1.92",low,20180114,RJ
1608,data_quality,orders,44510,c52d58426aab3759ad2cf6fcb69e4add,c52d58426aab3759ad2cf6fcb69e4add,carrier_before_approval,handed to carrier 2017-08-01 15:54:30 before approval 2017-08-02 08:33:31,low,20170730,MA
3074,reconciliation,reconciliation,55455,c915c070ee2f91af30208cd30cd0dee0,c915c070ee2f91af30208cd30cd0dee0,recon_installment_interest,"sold 152.27 vs paid 162.88 BRL, gap 10.61",low,20170411,SP
1909,data_quality,orders,63941,7c14826dc2064f880f7652f2b1da73e4,7c14826dc2064f880f7652f2b1da73e4,carrier_before_approval,handed to carrier 2018-07-31 11:19:00 before approval 2018-08-01 16:31:38,low,20180730,SP
1570,data_quality,orders,41943,f40af969fcf3d71db248ca5459f0b7ca,f40af969fcf3d71db248ca5459f0b7ca,carrier_before_approval,handed to carrier 2018-06-27 09:54:00 before approval 2018-06-27 11:03:45,low,20180627,SP
1696,data_quality,orders,49655,872b07190c0c9c0f13475d2141c4036a,872b07190c0c9c0f13475d2141c4036a,carrier_before_approval,handed to carrier 2018-07-03 12:00:00 before approval 2018-07-05 16:22:38,low,20180703,PA
75,data_quality,order_payments,78908,254ef6ca0da659f3476797affc235f8b|2,254ef6ca0da659f3476797affc235f8b,payment_sequence_gap,payment_sequential jumps from 0 to 2,low,20180203,PI
3554,reconciliation,reconciliation,99181,469f0b908881368c45917f1bed8240ce,469f0b908881368c45917f1bed8240ce,recon_installment_interest,"sold 84.20 vs paid 95.17 BRL, gap 10.97",low,20170124,RJ
1613,data_quality,orders,44775,3cb2ba0f933044d545dcce9bb8dbbed8,3cb2ba0f933044d545dcce9bb8dbbed8,carrier_before_approval,handed to carrier 2018-04-23 18:42:19 before approval 2018-04-24 18:13:35,low,20180421,SP
2168,data_quality,orders,82067,9c808eeed3e79336f8e007a7922cf8bc,9c808eeed3e79336f8e007a7922cf8bc,carrier_before_approval,handed to carrier 2018-04-24 00:38:37 before approval 2018-04-24 19:00:46,low,20180421,SP
2314,data_quality,orders,90558,f22ef2baecb171381117e0ce752cf282,f22ef2baecb171381117e0ce752cf282,carrier_before_approval,handed to carrier 2017-08-01 17:47:58 before approval 2017-08-02 08:34:24,low,20170728,MA
2031,data_quality,orders,72153,d897077d0836ffdc2178d70b3f680baa,d897077d0836ffdc2178d70b3f680baa,carrier_before_approval,handed to carrier 2018-07-05 07:40:00 before approval 2018-07-05 16:33:07,low,20180703,SP
1159,data_quality,orders,15378,c13a062c19003147450d2f42e7b7239b,c13a062c19003147450d2f42e7b7239b,carrier_before_approval,handed to carrier 2018-07-05 14:15:00 before approval 2018-07-05 16:32:44,low,20180704,PR
1436,data_quality,orders,33126,d04e58d009641c790ddf6b7b41790f87,d04e58d009641c790ddf6b7b41790f87,carrier_before_approval,handed to carrier 2018-04-23 19:26:39 before approval 2018-04-24 19:27:39,low,20180422,PR
2509,reconciliation,reconciliation,2616,b7579d24f5b2dd3e20f2e57d0e07d170,b7579d24f5b2dd3e20f2e57d0e07d170,recon_installment_interest,"sold 466.28 vs paid 504.37 BRL, gap 38.09",low,20170421,SP
3348,reconciliation,reconciliation,80323,4b8790aad555862909b489f99383b16c,4b8790aad555862909b489f99383b16c,recon_rounding,"sold 794.48 vs paid 794.46 BRL, gap -0.02",low,20180424,BA
1592,data_quality,orders,43606,7c6146547d5509c612ec26867d1cd47b,7c6146547d5509c612ec26867d1cd47b,carrier_before_approval,handed to carrier 2018-07-04 16:17:00 before approval 2018-07-05 16:13:03,low,20180703,PB
1182,data_quality,orders,16457,d9544a5262bc4ab34c701c37a69635c2,d9544a5262bc4ab34c701c37a69635c2,carrier_before_approval,handed to carrier 2017-08-02 18:22:28 before approval 2017-08-04 11:33:20,low,20170730,PR
35,data_quality,order_payments,40696,da9aa61ec7bb8713f483bf0bf94c71c2|2,da9aa61ec7bb8713f483bf0bf94c71c2,payment_sequence_gap,payment_sequential jumps from 0 to 2,low,20171003,PE
2089,data_quality,orders,75882,c809b7fce9716f7f28909c7d5aca9eab,c809b7fce9716f7f28909c7d5aca9eab,carrier_before_approval,handed to carrier 2018-07-03 15:23:00 before approval 2018-07-05 16:33:19,low,20180703,MG
2260,data_quality,orders,87825,9a84ad63a942918f330f5009401daed0,9a84ad63a942918f330f5009401daed0,carrier_before_approval,handed to carrier 2017-05-22 09:41:01 before approval 2017-05-22 10:41:39,low,20170521,RS
3524,reconciliation,reconciliation,96608,971d58b94f7bda9a79f4847e1509a433,971d58b94f7bda9a79f4847e1509a433,recon_installment_interest,"sold 67.67 vs paid 83.89 BRL, gap 16.22",low,20170207,MS
1189,data_quality,orders,16670,666e488ce51569ca13755283bce0e7f0,666e488ce51569ca13755283bce0e7f0,carrier_before_approval,handed to carrier 2018-04-24 16:36:56 before approval 2018-04-24 19:04:44,low,20180423,SP
967,data_quality,orders,3487,73efca6402c1b6108195348448d76147,73efca6402c1b6108195348448d76147,carrier_before_approval,handed to carrier 2018-08-06 14:55:00 before approval 2018-08-06 14:55:21,low,20180804,SP
2421,data_quality,orders,97095,2290b45124e2773329685c8dd7458e68,2290b45124e2773329685c8dd7458e68,carrier_before_approval,handed to carrier 2018-07-05 09:56:00 before approval 2018-07-05 16:09:14,low,20180704,SC
2220,data_quality,orders,85753,ba7517020cc8cdda51bffbd30bb1b781,ba7517020cc8cdda51bffbd30bb1b781,carrier_before_approval,handed to carrier 2018-07-04 14:50:00 before approval 2018-07-05 16:21:27,low,20180703,SP
1262,data_quality,orders,22001,9065442ba82e20a8ec900872056f9b35,9065442ba82e20a8ec900872056f9b35,carrier_before_approval,handed to carrier 2018-04-24 17:28:58 before approval 2018-04-24 18:01:17,low,20180423,BA
1809,data_quality,orders,57497,e884177a9732255a4b37042acf760c06,e884177a9732255a4b37042acf760c06,carrier_before_approval,handed to carrier 2018-04-24 18:03:05 before approval 2018-04-24 19:22:40,low,20180422,SP
2316,data_quality,orders,90616,8d2d0f8cd26ecbe01fe9b2820bf45836,8d2d0f8cd26ecbe01fe9b2820bf45836,carrier_before_approval,handed to carrier 2018-06-27 09:55:00 before approval 2018-06-27 11:03:24,low,20180627,SP
1877,data_quality,orders,61638,de5b9ed8a33e27633d1c4a31445dddd1,de5b9ed8a33e27633d1c4a31445dddd1,carrier_before_approval,handed to carrier 2018-04-23 23:10:35 before approval 2018-04-24 18:40:05,low,20180420,MG
1783,data_quality,orders,55303,77ca435b03fbf991e5027e3776e37885,77ca435b03fbf991e5027e3776e37885,carrier_before_approval,handed to carrier 2017-09-04 20:50:00 before approval 2017-09-13 21:56:08,low,20170901,BA
2256,data_quality,orders,87311,98b3b28db55c9f6e365c56f05004d3b5,98b3b28db55c9f6e365c56f05004d3b5,carrier_before_approval,handed to carrier 2018-04-23 23:38:39 before approval 2018-04-24 18:39:32,low,20180420,SP
1419,data_quality,orders,31549,be000eea7b699cb1b93baa620f7ddfa0,be000eea7b699cb1b93baa620f7ddfa0,carrier_before_approval,handed to carrier 2018-04-23 19:06:49 before approval 2018-04-24 19:28:20,low,20180420,RS
2286,data_quality,orders,89179,1dfe460e88f7ff1daca47feab6cd614d,1dfe460e88f7ff1daca47feab6cd614d,carrier_before_approval,handed to carrier 2018-07-04 14:35:00 before approval 2018-07-05 17:02:53,low,20180704,SP
2046,data_quality,orders,73151,66d737f81143e3724207d2f2fb457ad9,66d737f81143e3724207d2f2fb457ad9,carrier_before_approval,handed to carrier 2018-07-24 13:34:00 before approval 2018-07-27 23:31:18,low,20180722,RJ
1216,data_quality,orders,18344,e9136cf586a5b6aecf6fcd804542772c,e9136cf586a5b6aecf6fcd804542772c,carrier_before_approval,handed to carrier 2018-04-23 22:34:49 before approval 2018-04-24 18:58:58,low,20180421,SP
3126,reconciliation,reconciliation,61176,69840aae60642aee7093192b37961c08,69840aae60642aee7093192b37961c08,recon_rounding,"sold 1972.00 vs paid 1972.03 BRL, gap 0.03",low,20180705,SP
1648,data_quality,orders,46590,874315445af6a82710d4b4bc4ed0dd4e,874315445af6a82710d4b4bc4ed0dd4e,carrier_before_approval,handed to carrier 2018-04-23 19:03:47 before approval 2018-04-24 17:25:11,low,20180421,SP
3338,reconciliation,reconciliation,79873,363524b17966c3a64696d5a68c5f4d34,363524b17966c3a64696d5a68c5f4d34,recon_rounding,"sold 276.13 vs paid 276.11 BRL, gap -0.02",low,20180510,SP
2921,reconciliation,reconciliation,40970,dc6b76e937308e88a3464d0f4352b959,dc6b76e937308e88a3464d0f4352b959,recon_installment_interest,"sold 46.00 vs paid 51.99 BRL, gap 5.99",low,20171021,SP
1825,data_quality,orders,58465,b1e786caeddece12e5efd30580eaaabc,b1e786caeddece12e5efd30580eaaabc,carrier_before_approval,handed to carrier 2018-04-23 12:34:51 before approval 2018-04-24 17:46:25,low,20180420,RJ
22,data_quality,order_payments,27903,de5b9ed8a33e27633d1c4a31445dddd1|2,de5b9ed8a33e27633d1c4a31445dddd1,payment_sequence_gap,payment_sequential jumps from 0 to 2,low,20180420,MG
2346,data_quality,orders,92617,c1377e7b1831c006b3739d06c303ea69,c1377e7b1831c006b3739d06c303ea69,carrier_before_approval,handed to carrier 2018-04-23 19:11:08 before approval 2018-04-24 19:18:16,low,20180421,SP
2159,data_quality,orders,81662,a602aea3a8a3551032ed0214a2006707,a602aea3a8a3551032ed0214a2006707,carrier_before_approval,handed to carrier 2018-07-05 14:47:00 before approval 2018-07-05 16:32:40,low,20180703,PR
2730,reconciliation,reconciliation,23689,98ffd20f7510aafde026fc41c46876b1,98ffd20f7510aafde026fc41c46876b1,recon_rounding,"sold 542.96 vs paid 542.98 BRL, gap 0.02",low,20180406,SP
2094,data_quality,orders,76218,9fa4fbddf06979761ad62c2cb6fcd315,9fa4fbddf06979761ad62c2cb6fcd315,carrier_before_approval,handed to carrier 2018-07-03 19:01:00 before approval 2018-07-05 16:11:45,low,20180629,SP
1988,data_quality,orders,69509,3478b113b28e0c77c5b870f927de40cc,3478b113b28e0c77c5b870f927de40cc,carrier_before_approval,handed to carrier 2018-07-05 13:55:00 before approval 2018-07-05 16:09:05,low,20180705,MG
996,data_quality,orders,4875,48761cfd8309604ddb00a812ae7d9473,48761cfd8309604ddb00a812ae7d9473,carrier_before_approval,handed to carrier 2018-08-16 12:41:00 before approval 2018-08-16 16:40:09,low,20180816,RS
2365,data_quality,orders,93782,1cf471f71a04b68d1cda071b51d7e391,1cf471f71a04b68d1cda071b51d7e391,carrier_before_approval,handed to carrier 2018-07-23 11:26:00 before approval 2018-07-26 23:33:00,low,20180721,PA
4,data_quality,order_payments,3273,cfa1591318ed6c901b0c80debfd4b811|2,cfa1591318ed6c901b0c80debfd4b811,payment_sequence_gap,payment_sequential jumps from 0 to 2,low,20180319,SP
1090,data_quality,orders,10699,5e703e05bcb502963f75e2a2a2eb7b73,5e703e05bcb502963f75e2a2a2eb7b73,carrier_before_approval,handed to carrier 2018-07-04 08:51:00 before approval 2018-07-05 16:22:47,low,20180701,PB
2041,data_quality,orders,72964,36e4e23cd12bdb0504acb89751e85bc8,36e4e23cd12bdb0504acb89751e85bc8,carrier_before_approval,handed to carrier 2018-07-26 07:20:00 before approval 2018-07-26 09:15:15,low,20180725,MA
1486,data_quality,orders,37033,641879e47a518bfcd257cdedda69f029,641879e47a518bfcd257cdedda69f029,carrier_before_approval,handed to carrier 2018-04-23 19:04:12 before approval 2018-04-24 19:25:17,low,20180421,SP
2846,reconciliation,reconciliation,34318,eff853aac91ab73f53304207c4571d1f,eff853aac91ab73f53304207c4571d1f,recon_installment_interest,"sold 36.09 vs paid 40.78 BRL, gap 4.69",low,20180209,SC
1923,data_quality,orders,65506,a138c0644d38ab9a92ab77dfdd294584,a138c0644d38ab9a92ab77dfdd294584,carrier_before_approval,handed to carrier 2018-07-05 14:43:00 before approval 2018-07-05 16:27:10,low,20180704,SP
3019,reconciliation,reconciliation,50500,b8bf711248376c421faaea8f02d149f9,b8bf711248376c421faaea8f02d149f9,recon_installment_interest,"sold 78.84 vs paid 91.06 BRL, gap 12.22",low,20170429,SC
1949,data_quality,orders,66934,1190543041e25468b0370ddae215f01d,1190543041e25468b0370ddae215f01d,carrier_before_approval,handed to carrier 2018-04-23 19:14:29 before approval 2018-04-24 19:18:16,low,20180421,SP
1085,data_quality,orders,10499,9c7786ec8d2394cbee42bba833f7c537,9c7786ec8d2394cbee42bba833f7c537,carrier_before_approval,handed to carrier 2017-04-28 10:57:41 before approval 2017-04-28 11:46:07,low,20170427,MG
2271,data_quality,orders,88202,2efd11439a203a20e9a473a10a2c18f1,2efd11439a203a20e9a473a10a2c18f1,carrier_before_approval,handed to carrier 2018-04-23 20:07:54 before approval 2018-04-24 17:16:59,low,20180422,SC
1259,data_quality,orders,21877,e9deefc5724bd9c035dc3727fa4ad4d0,e9deefc5724bd9c035dc3727fa4ad4d0,carrier_before_approval,handed to carrier 2018-04-24 15:51:30 before approval 2018-04-24 18:12:14,low,20180422,RS
2299,data_quality,orders,89922,fb4867639cdcf519269b594d659bf27b,fb4867639cdcf519269b594d659bf27b,carrier_before_approval,handed to carrier 2018-07-24 15:26:00 before approval 2018-07-26 23:32:01,low,20180721,BA
1282,data_quality,orders,23115,de0d8b8e774b3211e7e001d3e5985470,de0d8b8e774b3211e7e001d3e5985470,carrier_before_approval,handed to carrier 2018-05-29 14:26:00 before approval 2018-05-29 14:39:40,low,20180529,DF
920,data_quality,orders,927,7ebe19943d85e81a7b0eb108681276b7,7ebe19943d85e81a7b0eb108681276b7,carrier_before_approval,handed to carrier 2018-07-23 10:09:00 before approval 2018-07-23 11:31:43,low,20180722,DF
2152,data_quality,orders,80987,34eb84795617859f326a6615f0fff940,34eb84795617859f326a6615f0fff940,carrier_before_approval,handed to carrier 2018-07-04 12:25:00 before approval 2018-07-05 16:26:38,low,20180702,MG
3380,reconciliation,reconciliation,82618,d8523695fd09e96dd93c94cde119c037,d8523695fd09e96dd93c94cde119c037,recon_installment_interest,"sold 89.39 vs paid 94.56 BRL, gap 5.17",low,20180416,MG
1194,data_quality,orders,16805,4308e12e9ffac5a442e69838bb90872d,4308e12e9ffac5a442e69838bb90872d,carrier_before_approval,handed to carrier 2018-06-05 13:41:00 before approval 2018-06-05 14:31:59,low,20180605,MG
2431,data_quality,orders,97744,bf63ff8d7ca75098eaba0418489ad64d,bf63ff8d7ca75098eaba0418489ad64d,carrier_before_approval,handed to carrier 2018-08-17 14:13:00 before approval 2018-08-17 14:30:12,low,20180817,PE
1987,data_quality,orders,69399,d0444c65949d9cea920374debbfbd723,d0444c65949d9cea920374debbfbd723,carrier_before_approval,handed to carrier 2018-07-04 13:30:00 before approval 2018-07-05 16:32:37,low,20180703,RJ
1186,data_quality,orders,16620,3bef345f66e6215315fa59acd680c863,3bef345f66e6215315fa59acd680c863,carrier_before_approval,handed to carrier 2018-07-05 14:03:00 before approval 2018-07-05 16:25:43,low,20180704,SP
942,data_quality,orders,1970,31abfb3d839221bf8dc8165fbd494c2f,31abfb3d839221bf8dc8165fbd494c2f,carrier_before_approval,handed to carrier 2018-07-05 07:38:00 before approval 2018-07-05 16:32:36,low,20180704,MG
2500,reconciliation,reconciliation,1987,6e57e23ecac1ae881286657694444267,6e57e23ecac1ae881286657694444267,recon_untracked_discount,"sold 350.41 vs paid 333.91 BRL, gap -16.50",medium,20180809,RJ
2199,data_quality,orders,84135,6260b8b7e35f7b2163df6a9eb133a072,6260b8b7e35f7b2163df6a9eb133a072,carrier_before_approval,handed to carrier 2018-07-05 13:46:00 before approval 2018-07-05 16:01:39,low,20180704,RJ
1519,data_quality,orders,38910,7b60439ce00c75448babbcbfb0bdb6f0,7b60439ce00c75448babbcbfb0bdb6f0,carrier_before_approval,handed to carrier 2018-05-14 13:11:00 before approval 2018-05-14 14:10:18,low,20180512,RJ
1540,data_quality,orders,40586,5b9983c12367a47fae641c25ac8877f4,5b9983c12367a47fae641c25ac8877f4,carrier_before_approval,handed to carrier 2018-02-01 01:28:01 before approval 2018-02-04 23:31:36,low,20180130,MG
1060,data_quality,orders,8963,1ffb3c1929b16d9c1aec1958e11b3e9b,1ffb3c1929b16d9c1aec1958e11b3e9b,carrier_before_approval,handed to carrier 2018-07-03 14:13:00 before approval 2018-07-05 16:27:01,low,20180630,SP
1136,data_quality,orders,13749,efd4b23521a036f85f700bc5cb8fe971,efd4b23521a036f85f700bc5cb8fe971,carrier_before_approval,handed to carrier 2018-04-23 21:56:43 before approval 2018-04-24 18:14:36,low,20180422,RS
1033,data_quality,orders,7031,ad5f36b2517f60b9ec2f04f80503566d,ad5f36b2517f60b9ec2f04f80503566d,carrier_before_approval,handed to carrier 2018-07-05 10:46:00 before approval 2018-07-05 16:32:42,low,20180704,PR
1383,data_quality,orders,28947,7a8107927fd13f239a62ba070873fe45,7a8107927fd13f239a62ba070873fe45,carrier_before_approval,handed to carrier 2018-07-31 11:01:00 before approval 2018-08-01 16:31:33,low,20180730,RJ
943,data_quality,orders,1987,6e57e23ecac1ae881286657694444267,6e57e23ecac1ae881286657694444267,carrier_before_approval,handed to carrier 2018-08-14 13:26:00 before approval 2018-08-20 15:55:42,low,20180809,RJ
1735,data_quality,orders,51895,05d657dbf5a4b2e7a685903cc8bb03f0,05d657dbf5a4b2e7a685903cc8bb03f0,carrier_before_approval,handed to carrier 2018-02-02 09:15:37 before approval 2018-02-04 23:31:34,low,20180130,MG
1051,data_quality,orders,8322,b4eeb5f8b01e30cfea0247dfbee0d054,b4eeb5f8b01e30cfea0247dfbee0d054,carrier_before_approval,handed to carrier 2018-07-04 11:19:00 before approval 2018-07-05 16:17:32,low,20180703,SP
2375,data_quality,orders,94196,62f22bb8b5c6a5beabbbe1582f4b2dfe,62f22bb8b5c6a5beabbbe1582f4b2dfe,carrier_before_approval,handed to carrier 2018-05-18 14:29:00 before approval 2018-05-18 14:34:55,low,20180518,SP
2108,data_quality,orders,77251,e15c9f222bbdc4bf1d94606407787134,e15c9f222bbdc4bf1d94606407787134,carrier_before_approval,handed to carrier 2018-04-24 16:06:54 before approval 2018-04-24 17:42:29,low,20180421,RS
1296,data_quality,orders,24189,54822c94cce4ceb64eb08bbb05fa8fea,54822c94cce4ceb64eb08bbb05fa8fea,carrier_before_approval,handed to carrier 2018-04-20 23:03:46 before approval 2018-04-24 18:39:04,low,20180420,BA
12,data_quality,order_payments,12786,056c68d093c100017aab1f00f260705c|2,056c68d093c100017aab1f00f260705c,payment_sequence_gap,payment_sequential jumps from 0 to 2,low,20180421,SP
2907,reconciliation,reconciliation,40024,f49de64f8655abdc94a86603570e10ec,f49de64f8655abdc94a86603570e10ec,recon_installment_interest,"sold 72.85 vs paid 77.23 BRL, gap 4.38",low,20170920,PR
1908,data_quality,orders,63935,a60d571514c73cfc7655d67c75ed82c7,a60d571514c73cfc7655d67c75ed82c7,carrier_before_approval,handed to carrier 2017-04-27 07:18:06 before approval 2017-04-27 10:32:03,low,20170425,SP
2290,data_quality,orders,89478,4f13ee1d03583de54e86a2e4f640d0f2,4f13ee1d03583de54e86a2e4f640d0f2,carrier_before_approval,handed to carrier 2017-04-27 12:55:54 before approval 2017-04-27 13:34:55,low,20170426,RJ
1756,data_quality,orders,53289,6c996c013efca89d881f5717239cf3b0,6c996c013efca89d881f5717239cf3b0,carrier_before_approval,handed to carrier 2018-04-23 17:12:43 before approval 2018-04-24 18:10:51,low,20180422,PR
2769,reconciliation,reconciliation,26834,eaf0add60b176b64a692a1e382addea8,eaf0add60b176b64a692a1e382addea8,recon_installment_interest,"sold 56.69 vs paid 59.98 BRL, gap 3.29",low,20171218,PR
2951,reconciliation,reconciliation,44049,2bdfeff498c8742708633364e3eeee08,2bdfeff498c8742708633364e3eeee08,recon_installment_interest,"sold 79.17 vs paid 89.48 BRL, gap 10.31",low,20171210,SP
1472,data_quality,orders,35623,a0f26edb69d57d6b0624f0ebef947c79,a0f26edb69d57d6b0624f0ebef947c79,carrier_before_approval,handed to carrier 2018-07-04 08:51:00 before approval 2018-07-05 16:14:41,low,20180703,GO
1359,data_quality,orders,27592,a64faadf772cdd7147ed00192cbf4ff2,a64faadf772cdd7147ed00192cbf4ff2,carrier_before_approval,handed to carrier 2018-07-04 15:11:00 before approval 2018-07-05 16:32:09,low,20180703,RJ
1853,data_quality,orders,60157,a7708ffa8966514c098d15e1abfa6417,a7708ffa8966514c098d15e1abfa6417,carrier_before_approval,handed to carrier 2018-04-24 16:22:36 before approval 2018-04-24 19:17:45,low,20180423,SP
1789,data_quality,orders,55810,5adea766ca8f3521f957b27154b09761,5adea766ca8f3521f957b27154b09761,carrier_before_approval,handed to carrier 2018-07-31 11:12:00 before approval 2018-08-02 23:30:35,low,20180728,SP
2052,data_quality,orders,73585,c700b407cfb9699e423866878835f42b,c700b407cfb9699e423866878835f42b,carrier_before_approval,handed to carrier 2018-07-04 08:51:00 before approval 2018-07-05 16:12:51,low,20180703,RJ
1501,data_quality,orders,38032,70e534acd4ff3f46956f7b4b36418474,70e534acd4ff3f46956f7b4b36418474,carrier_before_approval,handed to carrier 2018-07-04 12:39:00 before approval 2018-07-05 16:34:40,low,20180703,SP
1800,data_quality,orders,56667,6cdd8e55d732c4757465f8eb53d4a8a0,6cdd8e55d732c4757465f8eb53d4a8a0,carrier_before_approval,handed to carrier 2018-07-04 15:11:00 before approval 2018-07-05 16:32:22,low,20180704,SP
1185,data_quality,orders,16616,2a797f1dfd6274ca81b660f4c59d0269,2a797f1dfd6274ca81b660f4c59d0269,carrier_before_approval,handed to carrier 2018-07-04 14:50:00 before approval 2018-07-05 16:09:39,low,20180702,SP
2142,data_quality,orders,79939,0872f22df707596feed1639609f6eba7,0872f22df707596feed1639609f6eba7,carrier_before_approval,handed to carrier 2018-02-01 23:37:21 before approval 2018-02-04 23:31:47,low,20180130,SC
2261,data_quality,orders,87867,e55507dc5f963fbdb8ae1c47181974b5,e55507dc5f963fbdb8ae1c47181974b5,carrier_before_approval,handed to carrier 2018-04-23 18:46:53 before approval 2018-04-24 18:48:15,low,20180422,PE
1574,data_quality,orders,42078,083fa2fb9d3de18eabbb3427045a1a1f,083fa2fb9d3de18eabbb3427045a1a1f,carrier_before_approval,handed to carrier 2018-07-05 15:18:00 before approval 2018-07-05 16:25:48,low,20180703,RJ
2121,data_quality,orders,78718,f4f6ca3a1a95c3f5db08489c2ec2ef1c,f4f6ca3a1a95c3f5db08489c2ec2ef1c,carrier_before_approval,handed to carrier 2018-07-05 15:28:00 before approval 2018-07-05 16:40:42,low,20180704,MG
1590,data_quality,orders,43493,43f0d057f0850582f4045651805ef133,43f0d057f0850582f4045651805ef133,carrier_before_approval,handed to carrier 2018-07-05 14:11:00 before approval 2018-07-05 16:16:58,low,20180704,SP
2156,data_quality,orders,81290,a9850ce15ae344ed38a260105a67e118,a9850ce15ae344ed38a260105a67e118,carrier_before_approval,handed to carrier 2018-04-24 18:47:49 before approval 2018-04-24 18:58:44,low,20180422,SP
1020,data_quality,orders,6294,4fc44d78867142c627497b60a7e0228a,4fc44d78867142c627497b60a7e0228a,carrier_before_approval,handed to carrier 2018-07-05 15:55:00 before approval 2018-07-05 16:33:00,low,20180704,RJ
1412,data_quality,orders,31212,bc4854efd86d9f42140c951c595d20c1,bc4854efd86d9f42140c951c595d20c1,carrier_before_approval,handed to carrier 2017-09-04 20:49:57 before approval 2017-09-13 22:00:51,low,20170901,SP
3397,reconciliation,reconciliation,83408,4d4aac37e91472a2cbb36ee91d35866f,4d4aac37e91472a2cbb36ee91d35866f,recon_installment_interest,"sold 69.75 vs paid 75.44 BRL, gap 5.69",low,20170214,PR
3405,reconciliation,reconciliation,84614,674eb13687ba86abeaee12ece9ce0309,674eb13687ba86abeaee12ece9ce0309,recon_rounding,"sold 148.00 vs paid 147.98 BRL, gap -0.02",low,20180813,SC
2140,data_quality,orders,79881,86509c09dbafbcba748558e5f36d1e7c,86509c09dbafbcba748558e5f36d1e7c,carrier_before_approval,handed to carrier 2018-04-24 00:12:13 before approval 2018-04-24 18:34:54,low,20180422,RS
1836,data_quality,orders,59574,d5ed14d56a32bdc31d25faabc33e7b7a,d5ed14d56a32bdc31d25faabc33e7b7a,carrier_before_approval,handed to carrier 2018-04-23 21:42:47 before approval 2018-04-24 17:25:07,low,20180423,RJ
31,data_quality,order_payments,39714,ada1a38681627159c9618c5c7f047885|2,ada1a38681627159c9618c5c7f047885,payment_sequence_gap,payment_sequential jumps from 0 to 2,low,20180208,PA
2028,data_quality,orders,71861,97823d6731e59cd6b4f9d3ea113a976e,97823d6731e59cd6b4f9d3ea113a976e,carrier_before_approval,handed to carrier 2018-07-24 07:14:00 before approval 2018-07-28 23:30:58,low,20180723,SP
2192,data_quality,orders,83645,8bfa83be33530ae82398716e67a2943f,8bfa83be33530ae82398716e67a2943f,carrier_before_approval,handed to carrier 2018-04-23 18:00:19 before approval 2018-04-24 18:44:54,low,20180420,CE
999,data_quality,orders,5136,9109f2cca26d92ac4e064bb93da37c74,9109f2cca26d92ac4e064bb93da37c74,carrier_before_approval,handed to carrier 2018-07-24 14:01:00 before approval 2018-07-27 23:31:15,low,20180722,RJ
2196,data_quality,orders,83978,bcd3f0c10ca729cd572b499317d287d8,bcd3f0c10ca729cd572b499317d287d8,carrier_before_approval,handed to carrier 2018-04-23 21:57:48 before approval 2018-04-24 18:06:13,low,20180421,PR
2147,data_quality,orders,80378,304e8cf62306a897106fd54ccfcc88bc,304e8cf62306a897106fd54ccfcc88bc,carrier_before_approval,handed to carrier 2018-04-20 22:28:26 before approval 2018-04-24 17:33:43,low,20180420,MG
2710,reconciliation,reconciliation,21890,f7d17bafe7c67afef77b8a96ad5abfd3,f7d17bafe7c67afef77b8a96ad5abfd3,recon_installment_interest,"sold 108.10 vs paid 115.64 BRL, gap 7.54",low,20180121,SC
1342,data_quality,orders,26669,2008d42068c636c1f2dfc2679457e8c9,2008d42068c636c1f2dfc2679457e8c9,carrier_before_approval,handed to carrier 2018-07-04 13:29:00 before approval 2018-07-05 16:27:10,low,20180704,PE
1042,data_quality,orders,7537,e905fcbedf011d18698d529c885b7802,e905fcbedf011d18698d529c885b7802,carrier_before_approval,handed to carrier 2018-07-05 12:23:00 before approval 2018-07-05 16:31:08,low,20180704,SP
1708,data_quality,orders,50331,9ec8fd6e5988089dadaa2c8ebdc15a0f,9ec8fd6e5988089dadaa2c8ebdc15a0f,carrier_before_approval,handed to carrier 2018-04-24 18:09:08 before approval 2018-04-24 18:59:08,low,20180423,MG
2576,reconciliation,reconciliation,8812,bdd163683d4bc75b0b2b7a8d9e1ccd26,bdd163683d4bc75b0b2b7a8d9e1ccd26,recon_installment_interest,"sold 69.05 vs paid 73.05 BRL, gap 4.00",low,20180110,PA
1345,data_quality,orders,26892,52dad0f7bc913b9f6bee5df584adeffb,52dad0f7bc913b9f6bee5df584adeffb,carrier_before_approval,handed to carrier 2018-06-07 12:41:00 before approval 2018-06-07 13:57:46,low,20180606,SC
1797,data_quality,orders,56359,497ce9c1558c455c54cdc09e3f5e961a,497ce9c1558c455c54cdc09e3f5e961a,carrier_before_approval,handed to carrier 2018-04-23 22:39:29 before approval 2018-04-24 18:33:23,low,20180421,SP
1003,data_quality,orders,5383,c2320c404179d2b8805c42b8b8de9668,c2320c404179d2b8805c42b8b8de9668,carrier_before_approval,handed to carrier 2018-07-05 15:53:00 before approval 2018-07-05 16:22:03,low,20180704,SP
2795,reconciliation,reconciliation,30188,abf1130bc676c9dcadf91e24f5e30a30,abf1130bc676c9dcadf91e24f5e30a30,recon_installment_interest,"sold 459.36 vs paid 496.89 BRL, gap 37.53",low,20180111,MG
2317,data_quality,orders,90653,8ca43faa3b964d5ef9d833123b3b1d2e,8ca43faa3b964d5ef9d833123b3b1d2e,carrier_before_approval,handed to carrier 2018-07-04 14:56:00 before approval 2018-07-05 16:24:54,low,20180703,SP
2412,data_quality,orders,96524,a61b9456778de69d35a9addadfc57ca8,a61b9456778de69d35a9addadfc57ca8,carrier_before_approval,handed to carrier 2018-07-04 15:28:00 before approval 2018-07-05 16:17:44,low,20180701,RJ
1500,data_quality,orders,37899,133d08a542c28f4400480b9483517c32,133d08a542c28f4400480b9483517c32,carrier_before_approval,handed to carrier 2018-07-23 11:47:00 before approval 2018-07-26 23:31:55,low,20180721,PA
1140,data_quality,orders,14040,a00d80133807b3fcebee86be41116908,a00d80133807b3fcebee86be41116908,carrier_before_approval,handed to carrier 2018-04-23 22:37:31 before approval 2018-04-24 18:35:49,low,20180422,PR
1578,data_quality,orders,42183,294a3f0960f3588f7b1597da079f590e,294a3f0960f3588f7b1597da079f590e,carrier_before_approval,handed to carrier 2017-04-27 07:18:06 before approval 2017-04-27 13:33:23,low,20170425,SP
3522,reconciliation,reconciliation,96463,3c052d74f852adbeb14c7e8da52b9e6e,3c052d74f852adbeb14c7e8da52b9e6e,recon_installment_interest,"sold 125.43 vs paid 137.17 BRL, gap 11.74",low,20180124,RJ
947,data_quality,orders,2522,e6fad28cb7f01e461467af959930ae8a,e6fad28cb7f01e461467af959930ae8a,carrier_before_approval,handed to carrier 2018-04-23 17:52:52 before approval 2018-04-24 18:45:48,low,20180420,RJ
2146,data_quality,orders,80117,d29a401d12ff3433597a0aa1d17d37ba,d29a401d12ff3433597a0aa1d17d37ba,carrier_before_approval,handed to carrier 2018-04-24 16:42:36 before approval 2018-04-24 18:38:45,low,20180420,SP
2469,data_quality,orders,99378,a6bd1f93b7ff72cc348ca07f38ec4bee,a6bd1f93b7ff72cc348ca07f38ec4bee,carrier_before_approval,handed to carrier 2018-04-23 17:18:40 before approval 2018-04-24 19:26:10,low,20180420,SP
73,data_quality,order_payments,76493,442d76affff0114c57a8b5e3af634638|2,442d76affff0114c57a8b5e3af634638,payment_sequence_gap,payment_sequential jumps from 0 to 2,low,20180422,PI
1116,data_quality,orders,12342,ff280fe8985905ec69a41d6510cdcbe4,ff280fe8985905ec69a41d6510cdcbe4,carrier_before_approval,handed to carrier 2018-01-31 21:15:01 before approval 2018-02-04 23:31:36,low,20180130,SP
2485,reconciliation,reconciliation,465,8adafb3466daa5395694d3a906ff9d40,8adafb3466daa5395694d3a906ff9d40,recon_rounding,"sold 218.02 vs paid 218.00 BRL, gap -0.02",low,20170125,SP
1234,data_quality,orders,20125,09a5c8d751662bfb96c5a3307619cb36,09a5c8d751662bfb96c5a3307619cb36,carrier_before_approval,handed to carrier 2018-08-02 13:23:00 before approval 2018-08-02 13:43:20,low,20180730,RJ
1416,data_quality,orders,31381,647ce922555f433f94e02c2458c6e164,647ce922555f433f94e02c2458c6e164,carrier_before_approval,handed to carrier 2018-04-24 14:38:40 before approval 2018-04-24 18:30:30,low,20180423,PR
1935,data_quality,orders,66131,f32c0e06190ba6756bf5532cae9f07c1,f32c0e06190ba6756bf5532cae9f07c1,carrier_before_approval,handed to carrier 2018-04-23 09:57:00 before approval 2018-04-24 19:06:28,low,20180420,SP
2150,data_quality,orders,80929,339063a819f93e6e25102c3bb66ab667,339063a819f93e6e25102c3bb66ab667,carrier_before_approval,handed to carrier 2018-04-23 19:26:40 before approval 2018-04-24 19:18:43,low,20180420,SP
1752,data_quality,orders,53080,f4f81d9284f8b6894f76d2a8fa524467,f4f81d9284f8b6894f76d2a8fa524467,carrier_before_approval,handed to carrier 2018-07-05 07:51:00 before approval 2018-07-05 16:27:49,low,20180704,RJ
2289,data_quality,orders,89463,85c0ddad95967f361fd9cd9e3d1886b1,85c0ddad95967f361fd9cd9e3d1886b1,carrier_before_approval,handed to carrier 2018-07-05 11:33:00 before approval 2018-07-05 16:40:17,low,20180703,MG
2889,reconciliation,reconciliation,38704,94d1193f2a0ae739f23399b913bd577c,94d1193f2a0ae739f23399b913bd577c,recon_installment_interest,"sold 33.27 vs paid 35.59 BRL, gap 2.32",low,20170506,SP
3304,reconciliation,reconciliation,76616,c253cb678b5c3b8e8c9a13fc97d8e7f5,c253cb678b5c3b8e8c9a13fc97d8e7f5,recon_installment_interest,"sold 35.70 vs paid 36.94 BRL, gap 1.24",low,20170206,PE
1424,data_quality,orders,31888,12b14ff427f6ae44eaeda7943fd08eec,12b14ff427f6ae44eaeda7943fd08eec,carrier_before_approval,handed to carrier 2018-07-04 14:24:00 before approval 2018-07-05 16:21:32,low,20180703,MG
1248,data_quality,orders,21443,312f43273284b7ab987d5bc4d880d5ef,312f43273284b7ab987d5bc4d880d5ef,carrier_before_approval,handed to carrier 2018-07-04 13:01:00 before approval 2018-07-05 16:27:45,low,20180703,SP
2450,data_quality,orders,98547,ed12c1acf2aa565658a1353aa0443768,ed12c1acf2aa565658a1353aa0443768,carrier_before_approval,handed to carrier 2018-04-23 19:18:50 before approval 2018-04-24 18:59:40,low,20180422,RS
1835,data_quality,orders,59524,22a0f64560b6a90eb7175a87387a1aa1,22a0f64560b6a90eb7175a87387a1aa1,carrier_before_approval,handed to carrier 2018-04-23 18:03:44 before approval 2018-04-24 18:04:42,low,20180421,RS
1336,data_quality,orders,26483,763cef494955df156986e220c7810b18,763cef494955df156986e220c7810b18,carrier_before_approval,handed to carrier 2018-07-05 15:02:00 before approval 2018-07-05 16:33:26,low,20180704,SP
1461,data_quality,orders,34823,920e3d44eef0b91599e027ba1592e949,920e3d44eef0b91599e027ba1592e949,carrier_before_approval,handed to carrier 2018-04-23 17:33:53 before approval 2018-04-24 17:13:19,low,20180419,PR
1806,data_quality,orders,57089,b1b1b0b5750f064412720744d890eaf0,b1b1b0b5750f064412720744d890eaf0,carrier_before_approval,handed to carrier 2018-06-11 14:20:00 before approval 2018-06-12 09:31:55,low,20180611,RJ
1360,data_quality,orders,27612,e3e54348392f8105ec69356675788604,e3e54348392f8105ec69356675788604,carrier_before_approval,handed to carrier 2018-04-24 18:19:24 before approval 2018-04-24 18:58:30,low,20180423,RJ
1555,data_quality,orders,41451,f32b1e3320d65b3c94140ffe559dda4f,f32b1e3320d65b3c94140ffe559dda4f,carrier_before_approval,handed to carrier 2018-07-18 14:08:00 before approval 2018-07-18 14:22:13,low,20180718,CE
3333,reconciliation,reconciliation,79602,7e00454e2e8b8b2e12e9a580ec77f00c,7e00454e2e8b8b2e12e9a580ec77f00c,recon_installment_interest,"sold 58.38 vs paid 65.27 BRL, gap 6.89",low,20180721,SP
1223,data_quality,orders,19089,ad0c8220f99f61bf17c26f4732bda83a,ad0c8220f99f61bf17c26f4732bda83a,carrier_before_approval,handed to carrier 2018-07-05 15:50:00 before approval 2018-07-05 16:22:32,low,20180705,RS
1108,data_quality,orders,12104,ead9d718dbe26ebdb5a79beb5f31eff6,ead9d718dbe26ebdb5a79beb5f31eff6,carrier_before_approval,handed to carrier 2018-04-24 00:15:12 before approval 2018-04-24 18:25:22,low,20180419,PB
1190,data_quality,orders,16676,38144a7c1f1d4d5bffe36063d9fc7df6,38144a7c1f1d4d5bffe36063d9fc7df6,carrier_before_approval,handed to carrier 2018-05-03 15:34:00 before approval 2018-05-03 16:30:26,low,20180503,MG
2411,data_quality,orders,96472,997d3d4e4d633291f515266c98cbda13,997d3d4e4d633291f515266c98cbda13,carrier_before_approval,handed to carrier 2018-08-27 10:43:00 before approval 2018-08-27 13:15:03,low,20180825,SP
3305,reconciliation,reconciliation,76827,2fdb4ded4a31592814f6865adcaf9ea7,2fdb4ded4a31592814f6865adcaf9ea7,recon_installment_interest,"sold 206.89 vs paid 228.78 BRL, gap 21.89",low,20180129,RJ
3410,reconciliation,reconciliation,85096,b05922c45fc699ae9049a2c5add3e02a,b05922c45fc699ae9049a2c5add3e02a,recon_installment_interest,"sold 65.01 vs paid 73.48 BRL, gap 8.47",low,20170202,RJ
1400,data_quality,orders,30215,34ab0cb9a828372a0c1de84088b216ae,34ab0cb9a828372a0c1de84088b216ae,carrier_before_approval,handed to carrier 2018-07-04 12:09:00 before approval 2018-07-05 16:32:49,low,20180703,SP
1661,data_quality,orders,47353,5c19e256f5972c1dc427a1a1f9940a3d,5c19e256f5972c1dc427a1a1f9940a3d,carrier_before_approval,handed to carrier 2018-04-23 21:52:07 before approval 2018-04-24 17:47:43,low,20180420,CE
1736,data_quality,orders,52062,fd6490ff0d0a47338582b893c79863fe,fd6490ff0d0a47338582b893c79863fe,carrier_before_approval,handed to carrier 2018-07-05 12:24:00 before approval 2018-07-05 16:15:50,low,20180704,PR
3057,reconciliation,reconciliation,53954,1daecbe2a13ab0881c418e978f1e08c1,1daecbe2a13ab0881c418e978f1e08c1,recon_rounding,"sold 241.19 vs paid 241.17 BRL, gap -0.02",low,20171018,SP
2548,reconciliation,reconciliation,6375,3f0f2949423ea4caec394b9d09f075dd,3f0f2949423ea4caec394b9d09f075dd,recon_installment_interest,"sold 217.64 vs paid 235.42 BRL, gap 17.78",low,20170505,RJ
2394,data_quality,orders,95096,d6a043b1faaa04d723fbbe8b015f0dd6,d6a043b1faaa04d723fbbe8b015f0dd6,carrier_before_approval,handed to carrier 2018-07-04 12:09:00 before approval 2018-07-05 16:27:05,low,20180703,SP
2333,data_quality,orders,91458,54f3086920092b6c1d80c5db5361e937,54f3086920092b6c1d80c5db5361e937,carrier_before_approval,handed to carrier 2018-04-30 11:08:00 before approval 2018-04-30 11:35:24,low,20180430,GO
1865,data_quality,orders,60757,44f9bb85e9dfb3f106dd017fbd8b8006,44f9bb85e9dfb3f106dd017fbd8b8006,carrier_before_approval,handed to carrier 2018-04-23 20:08:23 before approval 2018-04-24 18:10:37,low,20180420,RJ
1942,data_quality,orders,66368,ee482a8248d67e42aa1105d14a941a47,ee482a8248d67e42aa1105d14a941a47,carrier_before_approval,handed to carrier 2018-04-24 16:12:04 before approval 2018-04-24 19:10:07,low,20180423,PA
1631,data_quality,orders,45561,d429103c6be912be69781fae58d4a76c,d429103c6be912be69781fae58d4a76c,carrier_before_approval,handed to carrier 2018-04-23 21:32:25 before approval 2018-04-24 17:24:07,low,20180423,PR
1244,data_quality,orders,21200,b571f972f69a2f91ebd89ed09a6ebf42,b571f972f69a2f91ebd89ed09a6ebf42,carrier_before_approval,handed to carrier 2018-07-05 15:02:00 before approval 2018-07-05 16:07:16,low,20180703,SP
3156,reconciliation,reconciliation,63748,34e6b9f685df8e8b6465a715689c749f,34e6b9f685df8e8b6465a715689c749f,recon_installment_interest,"sold 122.57 vs paid 135.34 BRL, gap 12.77",low,20170503,PI
1913,data_quality,orders,64497,59c51bdf0c3270d962625e5ebbe22fb1,59c51bdf0c3270d962625e5ebbe22fb1,carrier_before_approval,handed to carrier 2018-07-03 19:29:00 before approval 2018-07-05 16:08:11,low,20180629,SP
1103,data_quality,orders,11742,11433594967d07f9ed0b30827fd35385,11433594967d07f9ed0b30827fd35385,carrier_before_approval,handed to carrier 2018-04-23 19:12:56 before approval 2018-04-24 17:59:45,low,20180420,RJ
2463,data_quality,orders,99024,fba0d18dccd0e4e88943d84a0f5aa448,fba0d18dccd0e4e88943d84a0f5aa448,carrier_before_approval,handed to carrier 2018-04-23 23:12:12 before approval 2018-04-24 18:33:58,low,20180422,SP
1640,data_quality,orders,46263,9a6327d5a077984fa3e3c659a24e7915,9a6327d5a077984fa3e3c659a24e7915,carrier_before_approval,handed to carrier 2018-04-23 17:56:55 before approval 2018-04-24 18:59:19,low,20180420,SP
2215,data_quality,orders,85504,44997fe5448fcd26b6c093cd6efda36b,44997fe5448fcd26b6c093cd6efda36b,carrier_before_approval,handed to carrier 2018-07-31 12:50:00 before approval 2018-08-02 13:43:29,low,20180730,SP
2369,data_quality,orders,93992,2c3d5c98d6c8420829506e18388bf118,2c3d5c98d6c8420829506e18388bf118,carrier_before_approval,handed to carrier 2018-04-24 03:18:31 before approval 2018-04-24 19:24:14,low,20180423,SP
1869,data_quality,orders,61129,f9682c67b4be66779d1ccdb17aee33f1,f9682c67b4be66779d1ccdb17aee33f1,carrier_before_approval,handed to carrier 2018-07-04 15:12:00 before approval 2018-07-05 16:40:50,low,20180703,RJ
2082,data_quality,orders,75291,ceb435f46d86d2fb2890334c4862315a,ceb435f46d86d2fb2890334c4862315a,carrier_before_approval,handed to carrier 2018-07-04 12:19:00 before approval 2018-07-05 16:27:04,low,20180703,SP
3239,reconciliation,reconciliation,70866,70b742795bc441e94a44a084b6d9ce7a,70b742795bc441e94a44a084b6d9ce7a,recon_installment_interest,"sold 466.93 vs paid 578.82 BRL, gap 111.89",low,20170824,RS
1440,data_quality,orders,33474,4ac657f0949f8f58a10b48c192df0b4e,4ac657f0949f8f58a10b48c192df0b4e,carrier_before_approval,handed to carrier 2018-07-05 14:48:00 before approval 2018-07-05 16:09:18,low,20180705,SP
3327,reconciliation,reconciliation,79026,ee9dfabed586581a184f72e03544b4a2,ee9dfabed586581a184f72e03544b4a2,recon_installment_interest,"sold 307.50 vs paid 342.12 BRL, gap 34.62",low,20180128,SP
2374,data_quality,orders,94050,c69f7508f4c5846fed84591077e583c1,c69f7508f4c5846fed84591077e583c1,carrier_before_approval,handed to carrier 2018-07-04 14:44:00 before approval 2018-07-05 16:32:04,low,20180703,MG
1848,data_quality,orders,60015,7fd6cd7e778c71e9b3721599948c104c,7fd6cd7e778c71e9b3721599948c104c,carrier_before_approval,handed to carrier 2017-05-05 11:22:24 before approval 2017-05-06 21:32:39,low,20170501,SP
1018,data_quality,orders,6193,49ed07bff8d01accb7ead0923ee6d91d,49ed07bff8d01accb7ead0923ee6d91d,carrier_before_approval,handed to carrier 2018-06-04 13:27:00 before approval 2018-06-04 13:51:36,low,20180604,RS
1985,data_quality,orders,69312,6e28c34a895e831db6c3bca247819453,6e28c34a895e831db6c3bca247819453,carrier_before_approval,handed to carrier 2018-02-05 23:34:20 before approval 2018-02-06 11:31:23,low,20180202,SC
2175,data_quality,orders,82569,66b7e4ff35d62613a10899d4eb442216,66b7e4ff35d62613a10899d4eb442216,carrier_before_approval,handed to carrier 2018-07-24 14:38:00 before approval 2018-07-28 23:31:04,low,20180723,RJ
2343,data_quality,orders,92122,2a6c075539c6b091f954bc4af60d1455,2a6c075539c6b091f954bc4af60d1455,carrier_before_approval,handed to carrier 2018-04-24 00:22:48 before approval 2018-04-24 18:05:07,low,20180422,RJ
1860,data_quality,orders,60351,12582224cebac18145db6690144db314,12582224cebac18145db6690144db314,carrier_before_approval,handed to carrier 2018-07-31 19:02:00 before approval 2018-08-01 16:31:30,low,20180730,SP
1038,data_quality,orders,7304,be0c42b7b7e9edd961e7d70426720a0d,be0c42b7b7e9edd961e7d70426720a0d,carrier_before_approval,handed to carrier 2018-07-04 10:48:00 before approval 2018-07-05 16:33:20,low,20180703,RJ
1609,data_quality,orders,44574,ae213a9f84c777fb7a31e8c0f09fd30c,ae213a9f84c777fb7a31e8c0f09fd30c,carrier_before_approval,handed to carrier 2018-07-04 16:17:00 before approval 2018-07-05 16:15:23,low,20180703,AL
2218,data_quality,orders,85627,9c595e16a30ed3d4190c5d512eb1ad17,9c595e16a30ed3d4190c5d512eb1ad17,carrier_before_approval,handed to carrier 2018-04-23 22:51:11 before approval 2018-04-24 18:04:02,low,20180421,RJ
922,data_quality,orders,1084,c6512da3ccb5263223de71b8888d4db1,c6512da3ccb5263223de71b8888d4db1,carrier_before_approval,handed to carrier 2018-07-04 14:29:00 before approval 2018-07-05 16:40:14,low,20180704,SP
1575,data_quality,orders,42128,a7dff9f82589bed9661867f1d3e5673e,a7dff9f82589bed9661867f1d3e5673e,carrier_before_approval,handed to carrier 2018-07-05 11:48:00 before approval 2018-07-05 16:32:49,low,20180704,SP
1076,data_quality,orders,9812,9aa39c76674f9f645b97303b4c2e3cc4,9aa39c76674f9f645b97303b4c2e3cc4,carrier_before_approval,handed to carrier 2018-07-05 11:56:00 before approval 2018-07-05 16:23:36,low,20180705,CE
1210,data_quality,orders,17893,4ee4c7c2fa34f8e2a66accd827f53d1f,4ee4c7c2fa34f8e2a66accd827f53d1f,carrier_before_approval,handed to carrier 2018-07-03 13:35:00 before approval 2018-07-05 16:15:55,low,20180702,SP
2594,reconciliation,reconciliation,10358,6dbcce18ba1c717a5f29d192415872ea,6dbcce18ba1c717a5f29d192415872ea,recon_installment_interest,"sold 92.57 vs paid 100.14 BRL, gap 7.57",low,20180108,SP
1489,data_quality,orders,37409,f47250cb6ba54d6506935dc2e409b914,f47250cb6ba54d6506935dc2e409b914,carrier_before_approval,handed to carrier 2018-07-04 15:01:00 before approval 2018-07-05 16:34:53,low,20180703,PE
69,data_quality,order_payments,73436,4018300cd8f4f33f0791e63dd085a089|2,4018300cd8f4f33f0791e63dd085a089,payment_sequence_gap,payment_sequential jumps from 0 to 2,low,20180423,SP
1744,data_quality,orders,52455,cbec458163d85abfb23e8838fd9196e6,cbec458163d85abfb23e8838fd9196e6,carrier_before_approval,handed to carrier 2018-04-23 19:16:42 before approval 2018-04-24 18:32:50,low,20180422,SP
71,data_quality,order_payments,75340,3c404e64aaee40b3b597aafff9795b4a|2,3c404e64aaee40b3b597aafff9795b4a,payment_sequence_gap,payment_sequential jumps from 0 to 2,low,20180413,PI
2242,data_quality,orders,86523,746e0019b6fc6170534f81e45e8d55ec,746e0019b6fc6170534f81e45e8d55ec,carrier_before_approval,handed to carrier 2018-04-24 01:06:34 before approval 2018-04-24 18:30:09,low,20180422,SP
1842,data_quality,orders,59739,69cc55eb653cc27eea935e7a0d26b83a,69cc55eb653cc27eea935e7a0d26b83a,carrier_before_approval,handed to carrier 2018-04-23 23:28:33 before approval 2018-04-24 18:25:47,low,20180421,SP
2292,data_quality,orders,89582,dd46ac8cf8a385a883f38119228c584e,dd46ac8cf8a385a883f38119228c584e,carrier_before_approval,handed to carrier 2018-07-24 15:31:00 before approval 2018-07-26 23:32:08,low,20180721,SP
1940,data_quality,orders,66347,17536c16762f9a7287c3bbf5f2262008,17536c16762f9a7287c3bbf5f2262008,carrier_before_approval,handed to carrier 2018-04-23 19:22:55 before approval 2018-04-24 18:58:59,low,20180421,SP
3141,reconciliation,reconciliation,62624,da335e512c5172e253ee80cb42acf8aa,da335e512c5172e253ee80cb42acf8aa,recon_installment_interest,"sold 114.15 vs paid 117.12 BRL, gap 2.97",low,20180516,RS
2966,reconciliation,reconciliation,45607,fd33085945f15975375cd8ec85440511,fd33085945f15975375cd8ec85440511,recon_untracked_discount,"sold 234.62 vs paid 212.82 BRL, gap -21.80",medium,20180820,SP
1867,data_quality,orders,60937,d699c734a0b1c8111f2272a3f36d398c,d699c734a0b1c8111f2272a3f36d398c,carrier_before_approval,handed to carrier 2018-04-23 20:46:40 before approval 2018-04-24 18:35:56,low,20180422,SP
2420,data_quality,orders,96948,668b09e578d6cdac0eb996a3457d49a5,668b09e578d6cdac0eb996a3457d49a5,carrier_before_approval,handed to carrier 2018-07-05 12:52:00 before approval 2018-07-05 16:23:38,low,20180704,RJ
3462,reconciliation,reconciliation,90216,cdcbc6b851b5053b23ca73bc17d2ba50,cdcbc6b851b5053b23ca73bc17d2ba50,recon_installment_interest,"sold 47.59 vs paid 53.21 BRL, gap 5.62",low,20171027,SP
1510,data_quality,orders,38489,ee81daf572c595016b038f9dcf8f6a0a,ee81daf572c595016b038f9dcf8f6a0a,carrier_before_approval,handed to carrier 2018-07-05 14:17:00 before approval 2018-07-05 16:14:02,low,20180704,CE
1064,data_quality,orders,9525,49b25de91ca7ebe3b4b740b332b5e0a0,49b25de91ca7ebe3b4b740b332b5e0a0,carrier_before_approval,handed to carrier 2018-02-01 13:35:49 before approval 2018-02-03 23:31:46,low,20180129,RS
3550,reconciliation,reconciliation,98959,1ae8a88bf94d02224f932e18297baa64,1ae8a88bf94d02224f932e18297baa64,recon_rounding,"sold 637.09 vs paid 637.11 BRL, gap 0.02",low,20180219,AM
1746,data_quality,orders,52564,7f0bbbb8c4fac9e12d3e931d8060da12,7f0bbbb8c4fac9e12d3e931d8060da12,carrier_before_approval,handed to carrier 2018-04-24 18:50:52 before approval 2018-04-24 19:07:27,low,20180423,SP
3390,reconciliation,reconciliation,83195,9bdf94af058f959fbc09c3ea1eb32465,9bdf94af058f959fbc09c3ea1eb32465,recon_rounding,"sold 227.66 vs paid 227.63 BRL, gap -0.03",low,20180419,SP
1974,data_quality,orders,68438,a0ddb810bd79dc15910dcc56a1c7f3cb,a0ddb810bd79dc15910dcc56a1c7f3cb,carrier_before_approval,handed to carrier 2018-04-23 19:51:36 before approval 2018-04-24 18:44:28,low,20180422,MG
2284,data_quality,orders,89128,f4db4affcb95da2a38c0713f619c8313,f4db4affcb95da2a38c0713f619c8313,carrier_before_approval,handed to carrier 2018-04-23 19:38:20 before approval 2018-04-24 18:56:37,low,20180420,SP
952,data_quality,orders,2709,6e60346a3ee3876c1e4bc89c597ffcb8,6e60346a3ee3876c1e4bc89c597ffcb8,carrier_before_approval,handed to carrier 2018-05-07 14:52:00 before approval 2018-05-07 15:13:42,low,20180507,RS
2024,data_quality,orders,71759,9ab8b682f4ecc3c07216e7376007829e,9ab8b682f4ecc3c07216e7376007829e,carrier_before_approval,handed to carrier 2018-04-24 16:46:51 before approval 2018-04-24 18:56:00,low,20180421,SP
2386,data_quality,orders,94759,d80799e45b1938827bfd57d8ee9b3c50,d80799e45b1938827bfd57d8ee9b3c50,carrier_before_approval,handed to carrier 2018-04-23 20:33:32 before approval 2018-04-24 18:37:33,low,20180423,MT
1535,data_quality,orders,39978,dc20804f9d8ea2452990f7c41ccb34bc,dc20804f9d8ea2452990f7c41ccb34bc,carrier_before_approval,handed to carrier 2018-04-24 17:45:38 before approval 2018-04-24 19:07:37,low,20180423,SP
1998,data_quality,orders,70048,3fe0e2ede93f661b59fb83477ac2695b,3fe0e2ede93f661b59fb83477ac2695b,carrier_before_approval,handed to carrier 2018-07-12 10:45:00 before approval 2018-07-13 16:07:22,low,20180710,SP
1972,data_quality,orders,68418,70f357cca87c1162357bf3c0a993cbe5,70f357cca87c1162357bf3c0a993cbe5,carrier_before_approval,handed to carrier 2017-09-05 12:33:19 before approval 2017-09-13 22:04:49,low,20170901,MG
1125,data_quality,orders,13135,9b5038dbc6702b00b24b9d493c82c371,9b5038dbc6702b00b24b9d493c82c371,carrier_before_approval,handed to carrier 2018-07-05 10:44:00 before approval 2018-07-05 16:10:18,low,20180705,SP
1554,data_quality,orders,41431,dbf6633516ca4df83ac9e96e2100846d,dbf6633516ca4df83ac9e96e2100846d,carrier_before_approval,handed to carrier 2018-04-24 17:32:16 before approval 2018-04-24 18:57:06,low,20180421,RN
1498,data_quality,orders,37832,366446679f4ddbffb2d8934f1abef1f8,366446679f4ddbffb2d8934f1abef1f8,carrier_before_approval,handed to carrier 2018-04-23 20:08:28 before approval 2018-04-24 18:25:34,low,20180422,PR
1417,data_quality,orders,31392,6a92e66b9d3bd75efeb50c6494ede745,6a92e66b9d3bd75efeb50c6494ede745,carrier_before_approval,handed to carrier 2018-04-23 15:45:28 before approval 2018-04-24 17:27:45,low,20180420,SC
1433,data_quality,orders,32981,83e57ebcbcf567c776aeb9c96f9181f3,83e57ebcbcf567c776aeb9c96f9181f3,carrier_before_approval,handed to carrier 2018-08-09 15:24:00 before approval 2018-08-09 17:24:52,low,20180809,SC
2694,reconciliation,reconciliation,20193,ac75a9ba33bcc9cefc7e36b0f4cc044a,ac75a9ba33bcc9cefc7e36b0f4cc044a,recon_installment_interest,"sold 65.78 vs paid 75.98 BRL, gap 10.20",low,20171204,SP
2153,data_quality,orders,81059,3af06414a3acfc16eadcc64c0b6a8f7c,3af06414a3acfc16eadcc64c0b6a8f7c,carrier_before_approval,handed to carrier 2018-04-23 18:08:42 before approval 2018-04-24 18:59:13,low,20180420,SP
1889,data_quality,orders,62282,c0064eb733991511a78ddc2fdba0effe,c0064eb733991511a78ddc2fdba0effe,carrier_before_approval,handed to carrier 2018-07-04 13:12:00 before approval 2018-07-05 16:40:44,low,20180703,SP
1418,data_quality,orders,31453,20fa8f2f9e0e99e74b93545b01a6f24a,20fa8f2f9e0e99e74b93545b01a6f24a,carrier_before_approval,handed to carrier 2018-07-31 14:51:00 before approval 2018-08-02 13:42:58,low,20180730,CE
2351,data_quality,orders,92794,09b6daf7c780e789668ee3b7f4bda1c5,09b6daf7c780e789668ee3b7f4bda1c5,carrier_before_approval,handed to carrier 2018-07-03 13:08:00 before approval 2018-07-05 16:04:53,low,20180629,RS
3531,reconciliation,reconciliation,97405,fdb034f444a32838124d8907e443d249,fdb034f444a32838124d8907e443d249,recon_installment_interest,"sold 31.38 vs paid 33.56 BRL, gap 2.18",low,20180129,PR
1677,data_quality,orders,48439,ced9d48cd170ccf0a762bf379b4723fc,ced9d48cd170ccf0a762bf379b4723fc,carrier_before_approval,handed to carrier 2018-04-23 23:12:34 before approval 2018-04-24 18:40:04,low,20180420,SP
2616,reconciliation,reconciliation,12232,911e92767c07ba9926268bae6b4362b3,911e92767c07ba9926268bae6b4362b3,recon_installment_interest,"sold 46.09 vs paid 49.73 BRL, gap 3.64",low,20180210,MG
960,data_quality,orders,3048,862cca64868df4c3a3f0058a93aef465,862cca64868df4c3a3f0058a93aef465,carrier_before_approval,handed to carrier 2018-04-23 19:32:56 before approval 2018-04-24 18:14:28,low,20180419,MG
1031,data_quality,orders,6862,d32e51406daab72e2dceefb08b096e13,d32e51406daab72e2dceefb08b096e13,carrier_before_approval,handed to carrier 2018-07-04 11:36:00 before approval 2018-07-05 16:26:40,low,20180703,MT
3436,reconciliation,reconciliation,86956,ccd9c560145e965fc5c037e0cc1160b8,ccd9c560145e965fc5c037e0cc1160b8,recon_installment_interest,"sold 38.09 vs paid 43.05 BRL, gap 4.96",low,20180117,PR
2690,reconciliation,reconciliation,19912,bd1a75149b4f3c4c2810386211835917,bd1a75149b4f3c4c2810386211835917,recon_installment_interest,"sold 44.38 vs paid 46.95 BRL, gap 2.57",low,20171130,MG
1233,data_quality,orders,19979,9f7474d5eab299f291d474286d5272ca,9f7474d5eab299f291d474286d5272ca,carrier_before_approval,handed to carrier 2018-04-23 23:12:34 before approval 2018-04-24 18:40:36,low,20180421,RJ
1377,data_quality,orders,28594,547b3596c03dfad1b87305e9c5a554c2,547b3596c03dfad1b87305e9c5a554c2,carrier_before_approval,handed to carrier 2018-04-23 19:04:05 before approval 2018-04-24 19:23:54,low,20180422,SP
3403,reconciliation,reconciliation,84169,05d5a67b06f86425711075939a164657,05d5a67b06f86425711075939a164657,recon_unexplained,"sold 17.77 vs paid 18.38 BRL, gap 0.61",high,20171024,SP
1743,data_quality,orders,52387,a52c52c656d3b3ef3ec72fcdc13c714f,a52c52c656d3b3ef3ec72fcdc13c714f,carrier_before_approval,handed to carrier 2018-04-23 18:51:59 before approval 2018-04-24 17:08:47,low,20180420,MG
2060,data_quality,orders,73986,d6e3732aea036f7d71b44db75163e2f4,d6e3732aea036f7d71b44db75163e2f4,carrier_before_approval,handed to carrier 2018-07-04 14:03:00 before approval 2018-07-05 16:27:57,low,20180703,SP
23,data_quality,order_payments,28157,a6d23aa5f1190c09129345b363de8e37|2,a6d23aa5f1190c09129345b363de8e37,payment_sequence_gap,payment_sequential jumps from 0 to 2,low,20180410,RJ
1438,data_quality,orders,33400,f70334f7397fbe35445739c793099fe6,f70334f7397fbe35445739c793099fe6,carrier_before_approval,handed to carrier 2018-07-05 10:43:00 before approval 2018-07-05 16:40:46,low,20180704,MG
1413,data_quality,orders,31214,fe4275936c291c453f09fad434e6b3d2,fe4275936c291c453f09fad434e6b3d2,carrier_before_approval,handed to carrier 2018-01-31 20:39:40 before approval 2018-02-03 23:31:47,low,20180129,PR
1694,data_quality,orders,49449,bfa6db3b1ea85796d80dabdfd83b9d40,bfa6db3b1ea85796d80dabdfd83b9d40,carrier_before_approval,handed to carrier 2018-07-05 14:59:00 before approval 2018-07-05 16:20:09,low,20180703,MG
1841,data_quality,orders,59729,04ac671da9c58d9111811d06df6d2513,04ac671da9c58d9111811d06df6d2513,carrier_before_approval,handed to carrier 2018-04-24 00:03:29 before approval 2018-04-24 17:51:00,low,20180422,SP
3237,reconciliation,reconciliation,70638,5f9e345bd69028860ff1b6a72c26dc45,5f9e345bd69028860ff1b6a72c26dc45,recon_installment_interest,"sold 44.78 vs paid 50.61 BRL, gap 5.83",low,20170608,SP
2609,reconciliation,reconciliation,11677,5b4e981913377d776f83cb4ffd82ad31,5b4e981913377d776f83cb4ffd82ad31,recon_installment_interest,"sold 41.75 vs paid 44.67 BRL, gap 2.92",low,20171107,SP
2084,data_quality,orders,75458,dbaabdb0be80480bf6306b5e3c953017,dbaabdb0be80480bf6306b5e3c953017,carrier_before_approval,handed to carrier 2018-06-05 11:48:00 before approval 2018-06-05 14:31:37,low,20180604,SP
19,data_quality,order_payments,24899,c71cbdb7b9942bb81f17f42771a10f90|2,c71cbdb7b9942bb81f17f42771a10f90,payment_sequence_gap,payment_sequential jumps from 0 to 2,low,20180202,PR
2359,data_quality,orders,93379,cea05d3139cd44136f17235b6f42969f,cea05d3139cd44136f17235b6f42969f,carrier_before_approval,handed to carrier 2018-07-05 14:00:00 before approval 2018-07-05 16:14:44,low,20180702,PR
94,data_quality,order_payments,103463,d1c8a4c31e8c7baecf7db50c988e5527|2,d1c8a4c31e8c7baecf7db50c988e5527,payment_sequence_gap,payment_sequential jumps from 0 to 2,low,20180723,GO
2114,data_quality,orders,77913,c7a7c97d430f40628efc0f1e41f723b1,c7a7c97d430f40628efc0f1e41f723b1,carrier_before_approval,handed to carrier 2018-07-05 14:58:00 before approval 2018-07-05 16:15:56,low,20180705,GO
3029,reconciliation,reconciliation,51875,8092da256aefda13b330290d2ca86521,8092da256aefda13b330290d2ca86521,recon_untracked_discount,"sold 115.65 vs paid 105.26 BRL, gap -10.39",medium,20180826,SP
2047,data_quality,orders,73274,2d3b451fae025eca7a05641e05e452bb,2d3b451fae025eca7a05641e05e452bb,carrier_before_approval,handed to carrier 2018-07-24 14:47:00 before approval 2018-07-28 23:31:07,low,20180723,SC
1759,data_quality,orders,53603,c27714731c13899240db6b32949a7d70,c27714731c13899240db6b32949a7d70,carrier_before_approval,handed to carrier 2018-04-23 23:35:31 before approval 2018-04-24 18:57:17,low,20180422,MG
2373,data_quality,orders,94049,dc70ac8fe045f98aac3bc1c2797f6788,dc70ac8fe045f98aac3bc1c2797f6788,carrier_before_approval,handed to carrier 2018-04-23 23:51:17 before approval 2018-04-24 17:22:01,low,20180423,SP
2444,data_quality,orders,98412,c54a7eec3c60268882826057b1f7f31b,c54a7eec3c60268882826057b1f7f31b,carrier_before_approval,handed to carrier 2018-07-05 14:09:00 before approval 2018-07-05 16:19:56,low,20180703,MG
2455,data_quality,orders,98742,b811c8ca07716586e80c0bc4f2a6e39f,b811c8ca07716586e80c0bc4f2a6e39f,carrier_before_approval,handed to carrier 2018-04-23 18:28:42 before approval 2018-04-24 18:49:01,low,20180420,RJ
84,data_quality,order_payments,85340,cb6c4a73c3a96d368b2eb15d29d0a243|2,cb6c4a73c3a96d368b2eb15d29d0a243,payment_sequence_gap,payment_sequential jumps from 0 to 2,low,20180510,PA
1769,data_quality,orders,54484,c2100d40d4b85ba8fc3633a85df8af87,c2100d40d4b85ba8fc3633a85df8af87,carrier_before_approval,handed to carrier 2018-06-05 13:45:00 before approval 2018-06-05 14:31:35,low,20180605,PR
2191,data_quality,orders,83505,3ae7f9146be3fb4fed651a66c7650b19,3ae7f9146be3fb4fed651a66c7650b19,carrier_before_approval,handed to carrier 2018-07-05 16:13:00 before approval 2018-07-05 16:33:16,low,20180703,SP
2064,data_quality,orders,74284,0700a8e0947d76a90800538ff87da453,0700a8e0947d76a90800538ff87da453,carrier_before_approval,handed to carrier 2018-04-24 18:58:03 before approval 2018-04-24 19:10:19,low,20180422,ES
1271,data_quality,orders,22536,15b8dab55a580b5e02a06fe73862d60b,15b8dab55a580b5e02a06fe73862d60b,carrier_before_approval,handed to carrier 2018-04-23 17:32:16 before approval 2018-04-24 19:27:33,low,20180421,CE
1885,data_quality,orders,62191,3263e5243c28ebe706f7500cf88054ad,3263e5243c28ebe706f7500cf88054ad,carrier_before_approval,handed to carrier 2018-04-23 19:31:49 before approval 2018-04-24 19:04:58,low,20180422,SP
1254,data_quality,orders,21718,44ac5be3803a136ad51df67f789a2dab,44ac5be3803a136ad51df67f789a2dab,carrier_before_approval,handed to carrier 2018-04-24 01:17:50 before approval 2018-04-24 18:35:57,low,20180420,SP
1982,data_quality,orders,69026,7fa75bfce88c324530041cb08a3ea734,7fa75bfce88c324530041cb08a3ea734,carrier_before_approval,handed to carrier 2018-04-23 22:51:51 before approval 2018-04-24 18:27:33,low,20180423,PE
2406,data_quality,orders,96101,c51f25e565a1b4a03be6979f4661a585,c51f25e565a1b4a03be6979f4661a585,carrier_before_approval,handed to carrier 2018-08-20 14:52:00 before approval 2018-08-20 15:15:36,low,20180820,RJ
1496,data_quality,orders,37754,21a8ffca665bc7a1087d31751a7b7cbc,21a8ffca665bc7a1087d31751a7b7cbc,carrier_before_approval,handed to carrier 2017-05-31 12:43:47 before approval 2017-05-31 13:07:28,low,20170531,SP
1459,data_quality,orders,34624,3ff74df75d244d7b291dc5a16004b2f0,3ff74df75d244d7b291dc5a16004b2f0,carrier_before_approval,handed to carrier 2018-07-05 15:51:00 before approval 2018-07-05 16:31:33,low,20180704,SP
90,data_quality,order_payments,95167,3263e5243c28ebe706f7500cf88054ad|2,3263e5243c28ebe706f7500cf88054ad,payment_sequence_gap,payment_sequential jumps from 0 to 2,low,20180422,SP
1773,data_quality,orders,54761,b2385a6b96543064201c7f066a2b9b56,b2385a6b96543064201c7f066a2b9b56,carrier_before_approval,handed to carrier 2018-04-23 23:41:42 before approval 2018-04-24 18:53:53,low,20180422,MG
1833,data_quality,orders,59467,fa98b69fc0f7e0d07b0f1a54cd42ebfb,fa98b69fc0f7e0d07b0f1a54cd42ebfb,carrier_before_approval,handed to carrier 2018-07-04 12:19:00 before approval 2018-07-05 16:13:19,low,20180704,SP
3221,reconciliation,reconciliation,69568,c252ac96b969b3f1f2c4b266a7a98c28,c252ac96b969b3f1f2c4b266a7a98c28,recon_installment_interest,"sold 75.54 vs paid 80.81 BRL, gap 5.27",low,20170518,SP
92,data_quality,order_payments,100767,b23878b3e8eb4d25a158f57d96331b18|4,b23878b3e8eb4d25a158f57d96331b18,zero_value_payment,voucher payment with value 0.00,low,20170527,ES
1794,data_quality,orders,56068,cb9a6504c8ba700db40dcf1442725189,cb9a6504c8ba700db40dcf1442725189,carrier_before_approval,handed to carrier 2018-06-05 13:25:00 before approval 2018-06-05 14:31:42,low,20180605,SP
2210,data_quality,orders,85031,649fbfef8ead059794ca4dff975904d0,649fbfef8ead059794ca4dff975904d0,carrier_before_approval,handed to carrier 2018-04-24 02:17:23 before approval 2018-04-24 17:43:52,low,20180423,SP
2070,data_quality,orders,74472,6d1f16f4ed292206fbeedf3b44e0ceb3,6d1f16f4ed292206fbeedf3b44e0ceb3,carrier_before_approval,handed to carrier 2018-07-03 19:26:00 before approval 2018-07-05 16:07:28,low,20180701,SP
2657,reconciliation,reconciliation,16851,e8295bee3fcc58cbd94f165f36c11f4b,e8295bee3fcc58cbd94f165f36c11f4b,recon_installment_interest,"sold 117.85 vs paid 151.93 BRL, gap 34.08",low,20171124,RJ
2259,data_quality,orders,87800,1b2bb7c2c68e882ede350ac20436790b,1b2bb7c2c68e882ede350ac20436790b,carrier_before_approval,handed to carrier 2018-04-24 17:32:14 before approval 2018-04-24 18:06:15,low,20180421,GO
1196,data_quality,orders,17147,966d900084ff48f38516ba0a9bd50cfe,966d900084ff48f38516ba0a9bd50cfe,carrier_before_approval,handed to carrier 2017-12-04 23:28:03 before approval 2017-12-05 10:30:56,low,20171204,SP
2248,data_quality,orders,87003,3f6bb104a95e5d4476c4f49d96951475,3f6bb104a95e5d4476c4f49d96951475,carrier_before_approval,handed to carrier 2018-04-23 22:12:55 before approval 2018-04-24 18:46:53,low,20180421,SP
2264,data_quality,orders,87986,ad65db823bb3d24954abfc66ee67b165,ad65db823bb3d24954abfc66ee67b165,carrier_before_approval,handed to carrier 2018-07-05 11:11:00 before approval 2018-07-05 16:10:37,low,20180701,SP
1799,data_quality,orders,56549,4eee637d6e745237adf560dec7ae412e,4eee637d6e745237adf560dec7ae412e,carrier_before_approval,handed to carrier 2018-07-28 09:05:00 before approval 2018-07-28 10:25:11,low,20180727,SP
1931,data_quality,orders,66032,1dcb629bf4ae95dddc7ec77ff8fcdd4a,1dcb629bf4ae95dddc7ec77ff8fcdd4a,carrier_before_approval,handed to carrier 2018-01-31 18:04:50 before approval 2018-02-04 23:31:46,low,20180130,MG
2283,data_quality,orders,89113,c5bb91ea2129a21a4f424d356a4d28fa,c5bb91ea2129a21a4f424d356a4d28fa,carrier_before_approval,handed to carrier 2018-07-05 14:02:00 before approval 2018-07-05 16:03:19,low,20180705,PE
1067,data_quality,orders,9602,5a8c964d59cf60933991dc8ebb88bfa2,5a8c964d59cf60933991dc8ebb88bfa2,carrier_before_approval,handed to carrier 2018-07-23 11:11:00 before approval 2018-07-23 12:31:33,low,20180722,BA
2143,data_quality,orders,79955,2f64f730b534c45e97b887c36a0ea0fd,2f64f730b534c45e97b887c36a0ea0fd,carrier_before_approval,handed to carrier 2018-07-04 06:49:00 before approval 2018-07-05 16:01:00,low,20180629,SP
1990,data_quality,orders,69533,77c514940a145ab624fa7ec202ef6dae,77c514940a145ab624fa7ec202ef6dae,carrier_before_approval,handed to carrier 2018-06-27 06:37:00 before approval 2018-06-27 08:30:42,low,20180625,PR
3473,reconciliation,reconciliation,91802,4387477eec4b3c89b39f3f454940d059,4387477eec4b3c89b39f3f454940d059,recon_untracked_discount,"sold 231.92 vs paid 222.02 BRL, gap -9.90",medium,20180809,SP
1762,data_quality,orders,53818,2833a1c17a4948451b9931c440440fc5,2833a1c17a4948451b9931c440440fc5,carrier_before_approval,handed to carrier 2018-04-24 16:58:46 before approval 2018-04-24 19:07:39,low,20180423,MA
1192,data_quality,orders,16743,b5ee9c8a7edd714067ee2db82c6da589,b5ee9c8a7edd714067ee2db82c6da589,carrier_before_approval,handed to carrier 2018-04-24 17:13:05 before approval 2018-04-24 17:28:58,low,20180423,PR
1662,data_quality,orders,47461,a3a43dd512f51c100ca62a18f50076b6,a3a43dd512f51c100ca62a18f50076b6,carrier_before_approval,handed to carrier 2018-02-15 16:52:01 before approval 2018-02-16 14:30:38,low,20180214,SP
1569,data_quality,orders,41928,1b5e2881604b415e9f8ac15e575dfbf2,1b5e2881604b415e9f8ac15e575dfbf2,carrier_before_approval,handed to carrier 2018-04-23 18:27:55 before approval 2018-04-24 18:48:58,low,20180421,SP
1653,data_quality,orders,46922,9cc8a145d8be894ab07cdbd8503c4887,9cc8a145d8be894ab07cdbd8503c4887,carrier_before_approval,handed to carrier 2017-11-28 22:15:58 before approval 2017-12-03 23:36:19,low,20171128,MG
1864,data_quality,orders,60654,656dbb4c6b66cb06a7ffd47823b6345a,656dbb4c6b66cb06a7ffd47823b6345a,carrier_before_approval,handed to carrier 2018-06-08 14:40:00 before approval 2018-06-13 23:32:29,low,20180608,MG
2390,data_quality,orders,94943,c6d80ef64d3bab44528b4f5b30b257fb,c6d80ef64d3bab44528b4f5b30b257fb,carrier_before_approval,handed to carrier 2018-07-05 11:41:00 before approval 2018-07-05 16:34:39,low,20180703,PE
2208,data_quality,orders,84833,3be02448faefd4cf9a63648ccf10c1e1,3be02448faefd4cf9a63648ccf10c1e1,carrier_before_approval,handed to carrier 2018-07-30 14:38:00 before approval 2018-07-30 16:25:26,low,20180729,PI
1332,data_quality,orders,26262,1237476520c90c304e2603af9629d0e3,1237476520c90c304e2603af9629d0e3,carrier_before_approval,handed to carrier 2018-07-05 14:15:00 before approval 2018-07-05 16:41:03,low,20180703,RS
3109,reconciliation,reconciliation,59615,911a1257a699f1b61ec55aa88eace3bd,911a1257a699f1b61ec55aa88eace3bd,recon_installment_interest,"sold 68.43 vs paid 79.04 BRL, gap 10.61",low,20171202,RS
3127,reconciliation,reconciliation,61213,090ece27665c1cc89eda287f8e834e11,090ece27665c1cc89eda287f8e834e11,recon_rounding,"sold 81.72 vs paid 81.69 BRL, gap -0.03",low,20171030,SP
1821,data_quality,orders,58068,374fcc5350e3372ce0d7cab981d7de90,374fcc5350e3372ce0d7cab981d7de90,carrier_before_approval,handed to carrier 2018-04-24 00:14:49 before approval 2018-04-24 18:34:56,low,20180423,MT
17,data_quality,order_payments,20417,2a794faaa57fd9d51264972ad3981893|2,2a794faaa57fd9d51264972ad3981893,payment_sequence_gap,payment_sequential jumps from 0 to 2,low,20180516,SP
2340,data_quality,orders,91802,4387477eec4b3c89b39f3f454940d059,4387477eec4b3c89b39f3f454940d059,carrier_before_approval,handed to carrier 2018-08-14 12:35:00 before approval 2018-08-20 15:56:29,low,20180809,SP
1043,data_quality,orders,7704,79c25882bf9157a3e38e7edb7c3a7286,79c25882bf9157a3e38e7edb7c3a7286,carrier_before_approval,handed to carrier 2018-07-05 15:44:00 before approval 2018-07-05 16:33:13,low,20180704,SP
1810,data_quality,orders,57531,d10768b753caf92effee124437f14321,d10768b753caf92effee124437f14321,carrier_before_approval,handed to carrier 2018-07-04 11:25:00 before approval 2018-07-05 16:32:41,low,20180704,SP
3486,reconciliation,reconciliation,93232,a2c173a8905b6e8f3c6ea83b7d9c6b91,a2c173a8905b6e8f3c6ea83b7d9c6b91,recon_installment_interest,"sold 153.36 vs paid 169.60 BRL, gap 16.24",low,20170731,AL
3176,reconciliation,reconciliation,66030,cc460ac4435835dfdda5526dfe84f01f,cc460ac4435835dfdda5526dfe84f01f,recon_rounding,"sold 237.74 vs paid 237.72 BRL, gap -0.02",low,20170425,RJ
1604,data_quality,orders,44296,bafb684404bd59635ed1f02e09058779,bafb684404bd59635ed1f02e09058779,carrier_before_approval,handed to carrier 2018-07-05 13:56:00 before approval 2018-07-05 16:33:22,low,20180704,SP
3493,reconciliation,reconciliation,94021,156ba06ab4556cd19613dca1cefa9f7a,156ba06ab4556cd19613dca1cefa9f7a,recon_installment_interest,"sold 87.64 vs paid 101.22 BRL, gap 13.58",low,20170808,GO
927,data_quality,orders,1224,59dba471cbd7e791c3bb0d83aa705c49,59dba471cbd7e791c3bb0d83aa705c49,carrier_before_approval,handed to carrier 2018-07-05 12:46:00 before approval 2018-07-05 16:33:22,low,20180704,SP
1989,data_quality,orders,69530,ddc904ea8bd4313e136beae61948c20d,ddc904ea8bd4313e136beae61948c20d,carrier_before_approval,handed to carrier 2018-07-04 14:39:00 before approval 2018-07-05 16:33:01,low,20180703,ES
2718,reconciliation,reconciliation,22604,612d140e314dab491efb33ec8219c2ee,612d140e314dab491efb33ec8219c2ee,recon_rounding,"sold 224.14 vs paid 224.17 BRL, gap 0.03",low,20171018,SP
2149,data_quality,orders,80836,62f30b2a0b0347a3859e2125b6f504ac,62f30b2a0b0347a3859e2125b6f504ac,carrier_before_approval,handed to carrier 2018-04-24 18:03:02 before approval 2018-04-24 18:59:51,low,20180422,MG
1052,data_quality,orders,8326,def0457f3544c33499ba8f27f14c937c,def0457f3544c33499ba8f27f14c937c,carrier_before_approval,handed to carrier 2017-08-01 12:08:02 before approval 2017-08-02 08:34:48,low,20170729,SP
1358,data_quality,orders,27573,3ff3c14b693208d95c7a79ad6fe5c117,3ff3c14b693208d95c7a79ad6fe5c117,carrier_before_approval,handed to carrier 2018-07-04 14:30:00 before approval 2018-07-05 16:12:54,low,20180703,PR
2366,data_quality,orders,93804,84b534c4e6899dae169caa25fa2c887c,84b534c4e6899dae169caa25fa2c887c,carrier_before_approval,handed to carrier 2018-04-23 22:06:43 before approval 2018-04-24 18:18:18,low,20180419,SP
2972,reconciliation,reconciliation,45968,ee38b45af2d4e705a88a37af7f0cda97,ee38b45af2d4e705a88a37af7f0cda97,recon_installment_interest,"sold 52.84 vs paid 59.73 BRL, gap 6.89",low,20171231,RJ
1731,data_quality,orders,51688,52839320a287fc82e97026f99434d425,52839320a287fc82e97026f99434d425,carrier_before_approval,handed to carrier 2018-04-24 02:18:28 before approval 2018-04-24 18:04:56,low,20180421,RS
1772,data_quality,orders,54670,86f5f7fe2f0e743fa54095370a545033,86f5f7fe2f0e743fa54095370a545033,carrier_before_approval,handed to carrier 2017-07-27 17:29:49 before approval 2017-07-31 23:33:41,low,20170726,ES
1780,data_quality,orders,55143,615915458e5cdf8939ae422e043ca879,615915458e5cdf8939ae422e043ca879,carrier_before_approval,handed to carrier 2018-04-23 17:27:43 before approval 2018-04-24 17:17:08,low,20180421,PA
2243,data_quality,orders,86574,ce82f937c1c716589386a8d4d0cb6747,ce82f937c1c716589386a8d4d0cb6747,carrier_before_approval,handed to carrier 2018-07-24 13:19:00 before approval 2018-07-28 23:31:03,low,20180723,GO
1034,data_quality,orders,7059,1a62fd2d470da1ce51e2d26cea9a44ff,1a62fd2d470da1ce51e2d26cea9a44ff,carrier_before_approval,handed to carrier 2018-04-23 21:33:13 before approval 2018-04-24 18:57:03,low,20180422,SP
1944,data_quality,orders,66412,a8a2f97bc403ceb2bc6c142b4b4add3e,a8a2f97bc403ceb2bc6c142b4b4add3e,carrier_before_approval,handed to carrier 2018-07-03 12:16:00 before approval 2018-07-05 16:20:20,low,20180703,SP
2319,data_quality,orders,90744,cdf44e8d562b9d32c7efe051c5cb71dd,cdf44e8d562b9d32c7efe051c5cb71dd,carrier_before_approval,handed to carrier 2018-04-23 19:31:45 before approval 2018-04-24 19:18:12,low,20180421,SP
1603,data_quality,orders,44273,40ec3ad4f08944421d76ad879ca56b64,40ec3ad4f08944421d76ad879ca56b64,carrier_before_approval,handed to carrier 2018-07-04 14:31:00 before approval 2018-07-05 16:02:49,low,20180702,PE
2193,data_quality,orders,83753,948d4a2cd33aa0d29d03495de3b86f9f,948d4a2cd33aa0d29d03495de3b86f9f,carrier_before_approval,handed to carrier 2018-07-05 14:11:00 before approval 2018-07-05 16:23:34,low,20180704,MG
2829,reconciliation,reconciliation,33151,996c7e73600ad3723e8627ab7bef81e4,996c7e73600ad3723e8627ab7bef81e4,recon_installment_interest,"sold 587.90 vs paid 664.43 BRL, gap 76.53",low,20180716,SP
2253,data_quality,orders,87150,f40ef9a47f9670b54b9e350f354795a2,f40ef9a47f9670b54b9e350f354795a2,carrier_before_approval,handed to carrier 2018-04-23 19:14:20 before approval 2018-04-24 18:51:22,low,20180421,MG
2328,data_quality,orders,91213,bf06a474d6806d10fdf9cdc8c428b993,bf06a474d6806d10fdf9cdc8c428b993,carrier_before_approval,handed to carrier 2018-07-05 12:27:00 before approval 2018-07-05 16:22:46,low,20180702,ES
1645,data_quality,orders,46465,6f01b35ce046bc721e6d87e5a073c620,6f01b35ce046bc721e6d87e5a073c620,carrier_before_approval,handed to carrier 2017-08-01 13:44:56 before approval 2017-08-02 08:32:59,low,20170729,BA
1980,data_quality,orders,68858,f53b2ca622ef467612d1f38ba5e6f86f,f53b2ca622ef467612d1f38ba5e6f86f,carrier_before_approval,handed to carrier 2018-04-23 20:07:56 before approval 2018-04-24 18:25:22,low,20180421,MG
3416,reconciliation,reconciliation,85480,47e786d6d06274aaf984ca007751f3f0,47e786d6d06274aaf984ca007751f3f0,recon_installment_interest,"sold 65.53 vs paid 74.07 BRL, gap 8.54",low,20170811,RS
2636,reconciliation,reconciliation,14148,515ff4f26a0c57c5011d891e45f3ed2f,515ff4f26a0c57c5011d891e45f3ed2f,recon_installment_interest,"sold 75.95 vs paid 79.18 BRL, gap 3.23",low,20171219,SP
26,data_quality,order_payments,34924,d1329f2d9a7c9c972b1ab5c6b7c8d3a5|2,d1329f2d9a7c9c972b1ab5c6b7c8d3a5,payment_sequence_gap,payment_sequential jumps from 0 to 2,low,20180103,RS
2393,data_quality,orders,95028,af989bb9d67386206a89e31d2e402821,af989bb9d67386206a89e31d2e402821,carrier_before_approval,handed to carrier 2018-04-20 23:58:35 before approval 2018-04-24 18:34:53,low,20180419,SP
1463,data_quality,orders,35064,cb0909932c118481a0e44396d80ab2e8,cb0909932c118481a0e44396d80ab2e8,carrier_before_approval,handed to carrier 2018-04-23 23:21:10 before approval 2018-04-24 19:24:43,low,20180422,SP
2742,reconciliation,reconciliation,24558,df13cbaf3230c62a4b582317936e8a39,df13cbaf3230c62a4b582317936e8a39,recon_rounding,"sold 297.04 vs paid 297.02 BRL, gap -0.02",low,20180708,SP
1447,data_quality,orders,33756,12b1cdf04230c77662cfee01e322fbdb,12b1cdf04230c77662cfee01e322fbdb,carrier_before_approval,handed to carrier 2018-07-05 12:27:00 before approval 2018-07-05 16:31:02,low,20180704,RJ
1684,data_quality,orders,48644,e758dcd9bd08272ffb2f985926579539,e758dcd9bd08272ffb2f985926579539,carrier_before_approval,handed to carrier 2018-07-30 15:39:00 before approval 2018-07-30 16:05:25,low,20180728,SP
1249,data_quality,orders,21503,a23316a0b0209f50c13935e4848e6b68,a23316a0b0209f50c13935e4848e6b68,carrier_before_approval,handed to carrier 2018-04-23 19:28:50 before approval 2018-04-24 17:47:28,low,20180422,RS
1904,data_quality,orders,63734,ebb181b4dfa0aa047045c086da0802b7,ebb181b4dfa0aa047045c086da0802b7,carrier_before_approval,handed to carrier 2018-04-23 19:07:34 before approval 2018-04-24 17:52:57,low,20180420,RJ
1930,data_quality,orders,66030,cc460ac4435835dfdda5526dfe84f01f,cc460ac4435835dfdda5526dfe84f01f,carrier_before_approval,handed to carrier 2017-04-26 09:16:59 before approval 2017-04-27 10:32:44,low,20170425,RJ
8,data_quality,order_payments,5827,615915458e5cdf8939ae422e043ca879|2,615915458e5cdf8939ae422e043ca879,payment_sequence_gap,payment_sequential jumps from 0 to 2,low,20180421,PA
83,data_quality,order_payments,85319,389a9ea0a3b847e32aafa6fc297e2a9d|2,389a9ea0a3b847e32aafa6fc297e2a9d,payment_sequence_gap,payment_sequential jumps from 0 to 2,low,20180612,SP
1484,data_quality,orders,36867,48b4f1f96d5ae13b404fe7d041a8d393,48b4f1f96d5ae13b404fe7d041a8d393,carrier_before_approval,handed to carrier 2018-08-09 13:57:00 before approval 2018-08-09 14:35:22,low,20180809,AC
1916,data_quality,orders,65000,89d89c06d4e340f4aab76ee09311062e,89d89c06d4e340f4aab76ee09311062e,carrier_before_approval,handed to carrier 2018-04-23 21:11:27 before approval 2018-04-24 18:05:50,low,20180422,MG
41,data_quality,order_payments,44718,8c13aa9bfa920854ca73694d94387d40|2,8c13aa9bfa920854ca73694d94387d40,payment_sequence_gap,payment_sequential jumps from 0 to 2,low,20180521,SP
3030,reconciliation,reconciliation,51904,00789ce015e7e5791c7914f32bb4fad4,00789ce015e7e5791c7914f32bb4fad4,recon_installment_interest,"sold 168.83 vs paid 190.81 BRL, gap 21.98",low,20170628,RJ
1598,data_quality,orders,43883,387c2cbba26c5cfe21c60a8f2208a78d,387c2cbba26c5cfe21c60a8f2208a78d,carrier_before_approval,handed to carrier 2017-05-09 08:18:12 before approval 2017-05-09 22:32:39,low,20170504,SP
2684,reconciliation,reconciliation,19249,8ccbe46ffeae4720eba99d2d2de07542,8ccbe46ffeae4720eba99d2d2de07542,recon_unexplained,"sold 28.75 vs paid 30.30 BRL, gap 1.55",high,20170606,SP
1562,data_quality,orders,41613,bf3aac7b998a34f5bc14f646652e7bed,bf3aac7b998a34f5bc14f646652e7bed,carrier_before_approval,handed to carrier 2018-07-04 14:05:00 before approval 2018-07-05 16:22:47,low,20180703,RJ
6,data_quality,order_payments,4353,c3a4760791fe90fe58b360dbfc812805|2,c3a4760791fe90fe58b360dbfc812805,payment_sequence_gap,payment_sequential jumps from 0 to 2,low,20180321,RS
1299,data_quality,orders,24233,084ce670827e3ebb5f585818b985bc25,084ce670827e3ebb5f585818b985bc25,carrier_before_approval,handed to carrier 2018-07-04 11:36:00 before approval 2018-07-05 16:40:37,low,20180703,RJ
2330,data_quality,orders,91402,cb666a5ed3eec739fae136c3da8552c7,cb666a5ed3eec739fae136c3da8552c7,carrier_before_approval,handed to carrier 2018-04-24 16:42:45 before approval 2018-04-24 17:22:49,low,20180423,PI
1932,data_quality,orders,66053,fb3d9e762ad9fb92971864a84c619fec,fb3d9e762ad9fb92971864a84c619fec,carrier_before_approval,handed to carrier 2018-07-03 15:16:00 before approval 2018-07-05 16:32:38,low,20180703,BA
81,data_quality,order_payments,82234,0d0e88a418636d40ea780339701db49c|2,0d0e88a418636d40ea780339701db49c,payment_sequence_gap,payment_sequential jumps from 0 to 2,low,20180129,RS
1277,data_quality,orders,22849,e9d2f8cb1275cfe37dd531ac43bcb2b9,e9d2f8cb1275cfe37dd531ac43bcb2b9,carrier_before_approval,handed to carrier 2018-07-05 10:24:00 before approval 2018-07-05 16:40:25,low,20180703,RS
3321,reconciliation,reconciliation,78205,c235e3fbe42d171c9177e6664107170d,c235e3fbe42d171c9177e6664107170d,recon_installment_interest,"sold 20.28 vs paid 21.94 BRL, gap 1.66",low,20170702,SP
1058,data_quality,orders,8852,61ce184c1c73abf33b18c98b0dff1229,61ce184c1c73abf33b18c98b0dff1229,carrier_before_approval,handed to carrier 2018-07-05 15:17:00 before approval 2018-07-05 16:21:59,low,20180704,SP
1984,data_quality,orders,69223,c01b52b26b2be81e5712a958631d858e,c01b52b26b2be81e5712a958631d858e,carrier_before_approval,handed to carrier 2018-04-23 17:37:47 before approval 2018-04-24 19:24:56,low,20180421,ES
1141,data_quality,orders,14178,a850819097762e4dd825ae3d911f5861,a850819097762e4dd825ae3d911f5861,carrier_before_approval,handed to carrier 2018-07-23 11:21:00 before approval 2018-07-23 11:31:42,low,20180722,SC
1474,data_quality,orders,35758,6be0e40ad5ed600b9e6b90fb9f58ba3a,6be0e40ad5ed600b9e6b90fb9f58ba3a,carrier_before_approval,handed to carrier 2018-04-23 20:18:35 before approval 2018-04-24 18:00:22,low,20180421,DF
1426,data_quality,orders,32258,0bd166e72c588bcc71cf432b653c1667,0bd166e72c588bcc71cf432b653c1667,carrier_before_approval,handed to carrier 2018-07-04 15:36:00 before approval 2018-07-05 16:23:33,low,20180703,SP
1075,data_quality,orders,9684,b9f5ca0dd8ac07db0b02705dc2be4d21,b9f5ca0dd8ac07db0b02705dc2be4d21,carrier_before_approval,handed to carrier 2018-04-24 16:48:51 before approval 2018-04-24 18:52:59,low,20180423,DF
1663,data_quality,orders,47580,2143f0dfdbb1c47ab7c75c9c097e0173,2143f0dfdbb1c47ab7c75c9c097e0173,carrier_before_approval,handed to carrier 2018-05-30 14:15:00 before approval 2018-05-30 14:31:48,low,20180530,SP
1478,data_quality,orders,36249,73b017a765ea2600be8cf4e374de23bd,73b017a765ea2600be8cf4e374de23bd,carrier_before_approval,handed to carrier 2018-07-23 15:13:00 before approval 2018-07-26 23:32:33,low,20180721,SP
2777,reconciliation,reconciliation,28489,5f20455f0e74de9eae30de410c811013,5f20455f0e74de9eae30de410c811013,recon_installment_interest,"sold 83.07 vs paid 92.87 BRL, gap 9.80",low,20180501,BA
1328,data_quality,orders,25793,6f4c8d69711bba5c237e9a353acca903,6f4c8d69711bba5c237e9a353acca903,carrier_before_approval,handed to carrier 2018-04-24 18:02:22 before approval 2018-04-24 19:25:26,low,20180422,RS
1958,data_quality,orders,67926,8fb7d40ee1093b202dec8c0e06e2d21b,8fb7d40ee1093b202dec8c0e06e2d21b,carrier_before_approval,handed to carrier 2018-07-05 14:47:00 before approval 2018-07-05 16:27:08,low,20180703,SP
1798,data_quality,orders,56470,17d465c931e7173971bb5f553a9b7750,17d465c931e7173971bb5f553a9b7750,carrier_before_approval,handed to carrier 2018-04-24 18:28:48 before approval 2018-04-24 19:07:50,low,20180423,SP
1760,data_quality,orders,53654,eca1c60d914e6b6b936a63727aaffe7f,eca1c60d914e6b6b936a63727aaffe7f,carrier_before_approval,handed to carrier 2018-07-05 10:17:00 before approval 2018-07-05 16:32:34,low,20180704,MG
1950,data_quality,orders,67186,53a24a678d0e83d0d3c718528aa0aece,53a24a678d0e83d0d3c718528aa0aece,carrier_before_approval,handed to carrier 2018-04-23 19:51:15 before approval 2018-04-24 18:13:57,low,20180420,SP
1098,data_quality,orders,11150,9419274d2366b746f60fce753c5a3618,9419274d2366b746f60fce753c5a3618,carrier_before_approval,handed to carrier 2018-07-24 13:08:00 before approval 2018-07-27 23:30:47,low,20180722,GO
24,data_quality,order_payments,30316,eeee6bb6362f699fcaf86a54fe701c7d|2,eeee6bb6362f699fcaf86a54fe701c7d,payment_sequence_gap,payment_sequential jumps from 0 to 2,low,20180411,RJ
1167,data_quality,orders,15760,19d1e5344936559f5f7b21099fdadd0e,19d1e5344936559f5f7b21099fdadd0e,carrier_before_approval,handed to carrier 2018-07-04 10:59:00 before approval 2018-07-05 16:14:55,low,20180702,SP
1276,data_quality,orders,22806,cf8b06e3cb532f6045a05a87af095b50,cf8b06e3cb532f6045a05a87af095b50,carrier_before_approval,handed to carrier 2018-04-23 22:41:41 before approval 2018-04-24 19:01:55,low,20180420,DF
1165,data_quality,orders,15728,a729a5577a90047af954bb2210ebca66,a729a5577a90047af954bb2210ebca66,carrier_before_approval,handed to carrier 2018-07-25 14:12:00 before approval 2018-07-28 23:30:57,low,20180723,SP
1544,data_quality,orders,40781,4e88622fff810dd27f43c1663684bcf7,4e88622fff810dd27f43c1663684bcf7,carrier_before_approval,handed to carrier 2018-07-05 15:26:00 before approval 2018-07-05 16:22:00,low,20180704,MG
3070,reconciliation,reconciliation,55102,9686875d0d9dcbe392244b6773605882,9686875d0d9dcbe392244b6773605882,recon_installment_interest,"sold 78.40 vs paid 83.87 BRL, gap 5.47",low,20170909,RJ
3197,reconciliation,reconciliation,68134,6f0c925fc5d548afcddeea046d4e30d1,6f0c925fc5d548afcddeea046d4e30d1,recon_installment_interest,"sold 255.92 vs paid 281.89 BRL, gap 25.97",low,20180105,PR
2129,data_quality,orders,79221,7443eeca92daa9ca934f515628610510,7443eeca92daa9ca934f515628610510,carrier_before_approval,handed to carrier 2018-08-06 14:13:00 before approval 2018-08-06 15:04:51,low,20180804,BA
1954,data_quality,orders,67587,46919c41f3e2b0e06e6fe85383250e9a,46919c41f3e2b0e06e6fe85383250e9a,carrier_before_approval,handed to carrier 2018-07-05 14:40:00 before approval 2018-07-05 16:33:01,low,20180704,PR
1166,data_quality,orders,15754,c0cb48c270009fc128318b2f9eda3bec,c0cb48c270009fc128318b2f9eda3bec,carrier_before_approval,handed to carrier 2018-04-23 18:02:33 before approval 2018-04-24 18:34:06,low,20180422,GO
2258,data_quality,orders,87797,d8bd333ce65e76948e3468e2de08cb8a,d8bd333ce65e76948e3468e2de08cb8a,carrier_before_approval,handed to carrier 2018-04-23 12:42:06 before approval 2018-04-24 19:02:47,low,20180422,RS
2407,data_quality,orders,96181,13f726430863cd4a81b6899e25010475,13f726430863cd4a81b6899e25010475,carrier_before_approval,handed to carrier 2018-07-05 13:17:00 before approval 2018-07-05 16:23:38,low,20180704,SP
1812,data_quality,orders,57561,853bcc471d6ed0eb620a497023eb9fa6,853bcc471d6ed0eb620a497023eb9fa6,carrier_before_approval,handed to carrier 2018-05-24 14:19:00 before approval 2018-05-24 14:33:22,low,20180524,PR
78,data_quality,order_payments,79083,2d2084741ee31a371ffe0b838051d0dc|2,2d2084741ee31a371ffe0b838051d0dc,payment_sequence_gap,payment_sequential jumps from 0 to 2,low,20180220,PR
1205,data_quality,orders,17550,654da57158d96035814657b5143bb11b,654da57158d96035814657b5143bb11b,carrier_before_approval,handed to carrier 2017-06-12 14:52:53 before approval 2017-06-16 23:33:49,low,20170611,SP
1624,data_quality,orders,45387,cc8778d76e567b45082b7f52bce23095,cc8778d76e567b45082b7f52bce23095,carrier_before_approval,handed to carrier 2018-04-23 18:22:46 before approval 2018-04-24 19:24:18,low,20180421,MG
1409,data_quality,orders,30814,ef3d3d6bac50c7e2e1cc25ba953e11f6,ef3d3d6bac50c7e2e1cc25ba953e11f6,carrier_before_approval,handed to carrier 2018-07-31 15:21:00 before approval 2018-08-01 16:31:33,low,20180730,RJ
2929,reconciliation,reconciliation,41541,b3f7e36f7ae979c02959004e9d800387,b3f7e36f7ae979c02959004e9d800387,recon_installment_interest,"sold 65.46 vs paid 70.04 BRL, gap 4.58",low,20170318,SP
992,data_quality,orders,4681,96006ddb955ba7f1a9e86d986f6149f3,96006ddb955ba7f1a9e86d986f6149f3,carrier_before_approval,handed to carrier 2018-06-28 08:10:00 before approval 2018-06-28 09:10:28,low,20180628,MG
3484,reconciliation,reconciliation,93083,ee5dbc8989dbc768ce58b68213bfc285,ee5dbc8989dbc768ce58b68213bfc285,recon_installment_interest,"sold 103.64 vs paid 113.34 BRL, gap 9.70",low,20170520,SP
2246,data_quality,orders,86730,112b993827414a482ef6534e251fad3a,112b993827414a482ef6534e251fad3a,carrier_before_approval,handed to carrier 2018-02-01 18:48:38 before approval 2018-02-03 23:31:58,low,20180129,SP
1724,data_quality,orders,51087,f707ff2a9514dce20b267136b60af042,f707ff2a9514dce20b267136b60af042,carrier_before_approval,handed to carrier 2018-07-05 14:51:00 before approval 2018-07-05 16:33:26,low,20180704,SP
1615,data_quality,orders,44814,730c83933acab283b21bae7b3fcc91d1,730c83933acab283b21bae7b3fcc91d1,carrier_before_approval,handed to carrier 2018-07-05 14:24:00 before approval 2018-07-05 16:07:03,low,20180705,MG
2432,data_quality,orders,97889,2f7629415fce83aab452e69eda981a49,2f7629415fce83aab452e69eda981a49,carrier_before_approval,handed to carrier 2017-04-28 10:52:58 before approval 2017-04-28 11:43:24,low,20170427,SP
1768,data_quality,orders,54320,d744f890bf27c2aa635c5d82b2ca0c8a,d744f890bf27c2aa635c5d82b2ca0c8a,carrier_before_approval,handed to carrier 2018-04-23 17:47:32 before approval 2018-04-24 18:20:52,low,20180422,PR
1460,data_quality,orders,34670,69c5ed61a7bd20a9761c8fb11d727833,69c5ed61a7bd20a9761c8fb11d727833,carrier_before_approval,handed to carrier 2017-08-01 12:26:58 before approval 2017-08-02 08:32:11,low,20170731,SP
1135,data_quality,orders,13685,b8684227da189137e8ecfd39564f85e1,b8684227da189137e8ecfd39564f85e1,carrier_before_approval,handed to carrier 2018-04-23 17:07:40 before approval 2018-04-24 18:11:28,low,20180422,SP
2619,reconciliation,reconciliation,12653,49123f75e5d9507cec9455b2ed989913,49123f75e5d9507cec9455b2ed989913,recon_installment_interest,"sold 59.42 vs paid 67.16 BRL, gap 7.74",low,20170331,RJ
3315,reconciliation,reconciliation,77509,9ea6d21c1c1b510f96f7917419175197,9ea6d21c1c1b510f96f7917419175197,recon_installment_interest,"sold 114.94 vs paid 129.89 BRL, gap 14.95",low,20180202,MG
2983,reconciliation,reconciliation,46968,705eccb4d371ea1443a991787d36b59c,705eccb4d371ea1443a991787d36b59c,recon_installment_interest,"sold 56.69 vs paid 65.47 BRL, gap 8.78",low,20171222,BA
2187,data_quality,orders,83069,0fcebef7529661e5353748c86a31d90e,0fcebef7529661e5353748c86a31d90e,carrier_before_approval,handed to carrier 2018-05-22 06:53:00 before approval 2018-05-24 17:35:05,low,20180521,SP
2173,data_quality,orders,82548,f1947038bdbb0dc6cfbb332abcd60221,f1947038bdbb0dc6cfbb332abcd60221,carrier_before_approval,handed to carrier 2018-07-23 11:23:00 before approval 2018-07-23 11:31:52,low,20180722,PB
2514,reconciliation,reconciliation,3078,8b7fd198ad184563c231653673e75a7f,8b7fd198ad184563c231653673e75a7f,recon_installment_interest,"sold 49.33 vs paid 56.97 BRL, gap 7.64",low,20171114,SP
1378,data_quality,orders,28632,51fea792e465500a842c7325adabf0ad,51fea792e465500a842c7325adabf0ad,carrier_before_approval,handed to carrier 2018-07-03 14:35:00 before approval 2018-07-05 16:04:56,low,20180701,RJ
910,data_quality,orders,65,688052146432ef8253587b930b01a06d,688052146432ef8253587b930b01a06d,carrier_before_approval,handed to carrier 2018-04-23 19:19:14 before approval 2018-04-24 18:25:22,low,20180422,MG
93,data_quality,order_payments,102657,aca32a744ead78cb64a902170bf3147e|2,aca32a744ead78cb64a902170bf3147e,payment_sequence_gap,payment_sequential jumps from 0 to 2,low,20180521,MG
3271,reconciliation,reconciliation,73555,3e073b27114fe955e184db124d34a566,3e073b27114fe955e184db124d34a566,recon_rounding,"sold 1047.96 vs paid 1047.99 BRL, gap 0.03",low,20180807,RS
1536,data_quality,orders,40422,66e1b657a71397245290f39ffe24031e,66e1b657a71397245290f39ffe24031e,carrier_before_approval,handed to carrier 2018-07-24 19:07:00 before approval 2018-07-27 23:31:10,low,20180722,SP
1150,data_quality,orders,14642,d8ff993abef623e4c9956f245c4345e9,d8ff993abef623e4c9956f245c4345e9,carrier_before_approval,handed to carrier 2018-08-06 18:18:00 before approval 2018-08-09 23:31:23,low,20180804,SP
2378,data_quality,orders,94330,e1bf61ad2edc26abb98c7d7f4a8dc47c,e1bf61ad2edc26abb98c7d7f4a8dc47c,carrier_before_approval,handed to carrier 2018-04-24 17:05:09 before approval 2018-04-24 19:07:41,low,20180420,DF
1197,data_quality,orders,17187,b5b79bbbc8693953906951dad6a55f07,b5b79bbbc8693953906951dad6a55f07,carrier_before_approval,handed to carrier 2018-07-05 15:37:00 before approval 2018-07-05 16:31:11,low,20180703,SC
1644,data_quality,orders,46400,c4fe6f6fb6b226089906913cd4ab8a20,c4fe6f6fb6b226089906913cd4ab8a20,carrier_before_approval,handed to carrier 2018-07-05 14:24:00 before approval 2018-07-05 16:04:37,low,20180704,RJ
2402,data_quality,orders,95479,249004c60a9bead3bdc73f4a8d2f0c11,249004c60a9bead3bdc73f4a8d2f0c11,carrier_before_approval,handed to carrier 2018-07-05 10:40:00 before approval 2018-07-05 16:08:58,low,20180703,SP
1180,data_quality,orders,16347,00b4c651133c06fb175123a492f1cac3,00b4c651133c06fb175123a492f1cac3,carrier_before_approval,handed to carrier 2018-08-17 13:54:00 before approval 2018-08-17 14:27:21,low,20180817,DF
1385,data_quality,orders,29158,c4e4f418e16546c854c899cde06a3385,c4e4f418e16546c854c899cde06a3385,carrier_before_approval,handed to carrier 2018-05-16 11:41:00 before approval 2018-05-16 11:58:20,low,20180516,DF
3009,reconciliation,reconciliation,49099,154b66f3b29e92e4c9fc7f1ad60cb668,154b66f3b29e92e4c9fc7f1ad60cb668,recon_installment_interest,"sold 63.09 vs paid 71.31 BRL, gap 8.22",low,20170516,SC
2928,reconciliation,reconciliation,41439,6f393015477564624446a2b4c948c0f0,6f393015477564624446a2b4c948c0f0,recon_installment_interest,"sold 35.00 vs paid 40.43 BRL, gap 5.43",low,20180117,GO
915,data_quality,orders,484,4df92d82d79c3b52c7138679fa9b07fc,4df92d82d79c3b52c7138679fa9b07fc,carrier_before_approval,handed to carrier 2018-07-26 14:46:00 before approval 2018-07-29 23:30:52,low,20180724,SP
1543,data_quality,orders,40746,d60ecff4cf9ca74d078b9a105d138eed,d60ecff4cf9ca74d078b9a105d138eed,carrier_before_approval,handed to carrier 2018-02-08 14:21:59 before approval 2018-02-10 10:18:39,low,20180206,SP
2101,data_quality,orders,76809,a6b52290e2cab59e8e7c8382eef9e523,a6b52290e2cab59e8e7c8382eef9e523,carrier_before_approval,handed to carrier 2018-04-23 19:48:19 before approval 2018-04-24 19:04:50,low,20180422,RJ
3341,reconciliation,reconciliation,79940,96c0cb58d9c14384c9441f49917a911f,96c0cb58d9c14384c9441f49917a911f,recon_installment_interest,"sold 43.01 vs paid 47.04 BRL, gap 4.03",low,20180524,SP
1922,data_quality,orders,65500,1280f995f41bf95106134b4d116a5f01,1280f995f41bf95106134b4d116a5f01,carrier_before_approval,handed to carrier 2017-05-03 16:35:47 before approval 2017-05-08 23:33:06,low,20170503,SP
1386,data_quality,orders,29175,4148591d51d8741aef65abefd186887b,4148591d51d8741aef65abefd186887b,carrier_before_approval,handed to carrier 2018-04-23 21:48:43 before approval 2018-04-24 18:57:29,low,20180420,PE
1374,data_quality,orders,28262,e939b415a638d648a1421b5520b3a28e,e939b415a638d648a1421b5520b3a28e,carrier_before_approval,handed to carrier 2018-07-05 10:43:00 before approval 2018-07-05 16:32:50,low,20180704,SC
1441,data_quality,orders,33619,b7daca2d24a93ab9351485e0bdcbb7e6,b7daca2d24a93ab9351485e0bdcbb7e6,carrier_before_approval,handed to carrier 2018-07-23 07:19:00 before approval 2018-07-23 11:32:10,low,20180722,SP
935,data_quality,orders,1588,eb3b5ecbc980ff057c188ea3b3eaf722,eb3b5ecbc980ff057c188ea3b3eaf722,carrier_before_approval,handed to carrier 2018-07-04 16:13:00 before approval 2018-07-05 16:09:14,low,20180704,SP
1008,data_quality,orders,5553,79a9149e58ce62bd439a996268d1c8f1,79a9149e58ce62bd439a996268d1c8f1,carrier_before_approval,handed to carrier 2017-04-28 08:37:28 before approval 2017-04-28 11:41:18,low,20170428,PR
1616,data_quality,orders,44824,b8f1d12f21b83fdb91d157f357617d90,b8f1d12f21b83fdb91d157f357617d90,carrier_before_approval,handed to carrier 2018-07-04 14:06:00 before approval 2018-07-05 16:40:42,low,20180703,SP
1235,data_quality,orders,20139,7dda251cd0ccf3b0e0ff56d62b779fdc,7dda251cd0ccf3b0e0ff56d62b779fdc,carrier_before_approval,handed to carrier 2017-05-22 10:40:10 before approval 2017-05-22 10:41:43,low,20170521,SP
1894,data_quality,orders,62884,aca0056ddf17f45b8d03364ba389f4fb,aca0056ddf17f45b8d03364ba389f4fb,carrier_before_approval,handed to carrier 2018-04-23 17:56:50 before approval 2018-04-24 17:29:50,low,20180420,SP
1024,data_quality,orders,6419,88d55d6258872b31bf45ce51a6675c2b,88d55d6258872b31bf45ce51a6675c2b,carrier_before_approval,handed to carrier 2018-07-04 14:24:00 before approval 2018-07-05 16:21:00,low,20180703,MG
3532,reconciliation,reconciliation,97431,0b13a698a0b7a62e8ec891081558b7aa,0b13a698a0b7a62e8ec891081558b7aa,recon_installment_interest,"sold 62.57 vs paid 72.27 BRL, gap 9.70",low,20171222,RO
1077,data_quality,orders,9839,e9541359c8913cd9c5a99703b92f84fc,e9541359c8913cd9c5a99703b92f84fc,carrier_before_approval,handed to carrier 2018-04-24 18:58:49 before approval 2018-04-24 19:26:30,low,20180420,RJ
1818,data_quality,orders,57841,49c534c4015249b8c5faf61de763c6e8,49c534c4015249b8c5faf61de763c6e8,carrier_before_approval,handed to carrier 2017-08-01 22:12:50 before approval 2017-08-02 08:33:32,low,20170730,SP
1025,data_quality,orders,6425,302ba220a9388d22b3f036a1b9919b3f,302ba220a9388d22b3f036a1b9919b3f,carrier_before_approval,handed to carrier 2017-12-05 23:47:32 before approval 2017-12-06 12:30:43,low,20171204,RJ
2036,data_quality,orders,72569,c4b40afc3b677501f34190204aea02f1,c4b40afc3b677501f34190204aea02f1,carrier_before_approval,handed to carrier 2018-05-10 13:19:00 before approval 2018-05-10 13:35:50,low,20180510,SP
11,data_quality,order_payments,10354,2f4597354cca1be196ca6b609711c109|2,2f4597354cca1be196ca6b609711c109,payment_sequence_gap,payment_sequential jumps from 0 to 2,low,20180202,MG
2216,data_quality,orders,85545,60e8b42fc95ec83d1e3bc2c7f7b4350d,60e8b42fc95ec83d1e3bc2c7f7b4350d,carrier_before_approval,handed to carrier 2017-08-01 19:19:44 before approval 2017-08-02 08:33:20,low,20170728,SP
1059,data_quality,orders,8927,93c781a8790c89bac596f6ff7d924c73,93c781a8790c89bac596f6ff7d924c73,carrier_before_approval,handed to carrier 2018-07-04 11:06:00 before approval 2018-07-05 16:31:10,low,20180703,SC
1256,data_quality,orders,21731,4dcf36a6420bf67ae5326a294ef1bcc3,4dcf36a6420bf67ae5326a294ef1bcc3,carrier_before_approval,handed to carrier 2018-07-04 06:48:00 before approval 2018-07-05 16:27:36,low,20180703,SP
1811,data_quality,orders,57534,ee00fa5093eb96d8573403b382fb60a8,ee00fa5093eb96d8573403b382fb60a8,carrier_before_approval,handed to carrier 2018-07-04 11:30:00 before approval 2018-07-05 16:08:58,low,20180630,SP
1520,data_quality,orders,39043,cd152c10c2b137322bd87555c0553c16,cd152c10c2b137322bd87555c0553c16,carrier_before_approval,handed to carrier 2018-07-05 14:05:00 before approval 2018-07-05 16:20:07,low,20180704,SP
1816,data_quality,orders,57733,b83c1be0cbe93a1aea7c3a77e4ae37ee,b83c1be0cbe93a1aea7c3a77e4ae37ee,carrier_before_approval,handed to carrier 2017-12-04 22:18:55 before approval 2017-12-05 10:30:54,low,20171202,SP
1813,data_quality,orders,57638,394d17c2b71a726e205caaeee3d2aa3d,394d17c2b71a726e205caaeee3d2aa3d,carrier_before_approval,handed to carrier 2018-08-06 11:51:00 before approval 2018-08-08 23:31:22,low,20180803,SP
1392,data_quality,orders,29310,73696c4354b75af323cf793aa474acfc,73696c4354b75af323cf793aa474acfc,carrier_before_approval,handed to carrier 2017-05-10 09:47:50 before approval 2017-05-10 21:32:36,low,20170505,RJ
1994,data_quality,orders,69776,627a881a7d2543a80dc59460ab08eaab,627a881a7d2543a80dc59460ab08eaab,carrier_before_approval,handed to carrier 2018-02-09 22:11:55 before approval 2018-02-10 10:18:37,low,20180208,MG
1415,data_quality,orders,31364,69a1da5ee773fe4d68b8e27567e2185c,69a1da5ee773fe4d68b8e27567e2185c,carrier_before_approval,handed to carrier 2018-04-23 18:02:33 before approval 2018-04-24 18:55:46,low,20180420,SP
3216,reconciliation,reconciliation,69392,44be450f0262cf8f77ea4fcab05dafa3,44be450f0262cf8f77ea4fcab05dafa3,recon_installment_interest,"sold 169.28 vs paid 191.32 BRL, gap 22.04",low,20170613,MT
2115,data_quality,orders,78119,44da5f6639e6db4190b643017e264022,44da5f6639e6db4190b643017e264022,carrier_before_approval,handed to carrier 2018-06-19 10:53:00 before approval 2018-06-19 11:18:45,low,20180619,SC
3373,reconciliation,reconciliation,82078,7f2c22c54cbae55091a09a9653fd2b8a,7f2c22c54cbae55091a09a9653fd2b8a,recon_rounding,"sold 1048.29 vs paid 1048.31 BRL, gap 0.02",low,20180310,GO
2313,data_quality,orders,90433,bd365efbba0dd1eaba5184a340fb1178,bd365efbba0dd1eaba5184a340fb1178,carrier_before_approval,handed to carrier 2018-07-04 14:34:00 before approval 2018-07-05 16:34:55,low,20180703,PR
3470,reconciliation,reconciliation,91333,637617b3ffe9e2f7a2411243829226d0,637617b3ffe9e2f7a2411243829226d0,recon_rounding,"sold 1246.95 vs paid 1246.97 BRL, gap 0.02",low,20180417,SC
2109,data_quality,orders,77300,04b2afb6447774881079872788d97883,04b2afb6447774881079872788d97883,carrier_before_approval,handed to carrier 2018-04-23 19:11:29 before approval 2018-04-24 18:27:19,low,20180421,SP
1399,data_quality,orders,30198,16a50f1f11876372829112e48b471e3e,16a50f1f11876372829112e48b471e3e,carrier_before_approval,handed to carrier 2018-04-24 18:51:04 before approval 2018-04-24 19:25:26,low,20180420,SP
3203,reconciliation,reconciliation,68616,6508f1528c3648c8a9f751e811520269,6508f1528c3648c8a9f751e811520269,recon_voucher_related,"sold 50.10 vs paid 50.70 BRL, gap 0.60",medium,20180131,MG
988,data_quality,orders,4658,b9386feadadb8bc45d250345f27ac180,b9386feadadb8bc45d250345f27ac180,carrier_before_approval,handed to carrier 2018-07-05 15:18:00 before approval 2018-07-05 17:01:24,low,20180704,SP
1655,data_quality,orders,47158,b4545b4fc2de8025a8a42fb23125cc54,b4545b4fc2de8025a8a42fb23125cc54,carrier_before_approval,handed to carrier 2017-04-28 10:31:05 before approval 2017-04-28 11:41:42,low,20170426,SP
3135,reconciliation,reconciliation,61900,5e605c248def72c23690c44126f8ecb6,5e605c248def72c23690c44126f8ecb6,recon_installment_interest,"sold 55.09 vs paid 58.28 BRL, gap 3.19",low,20180212,MG
1738,data_quality,orders,52105,e669e95aa5f8eea105055ad8829ef533,e669e95aa5f8eea105055ad8829ef533,carrier_before_approval,handed to carrier 2018-04-24 12:48:55 before approval 2018-04-24 19:23:46,low,20180422,RJ
1470,data_quality,orders,35541,f5219d97208f4c6aed81985144497f1e,f5219d97208f4c6aed81985144497f1e,carrier_before_approval,handed to carrier 2018-04-20 23:16:34 before approval 2018-04-24 18:54:01,low,20180420,SP
2350,data_quality,orders,92705,d1d599b296d82560e3c783e7b6f93392,d1d599b296d82560e3c783e7b6f93392,carrier_before_approval,handed to carrier 2018-04-23 19:08:54 before approval 2018-04-24 18:35:57,low,20180419,SC
2043,data_quality,orders,73044,537716eaf03b0a1904be0663cbcdafa9,537716eaf03b0a1904be0663cbcdafa9,carrier_before_approval,handed to carrier 2018-08-03 14:18:00 before approval 2018-08-03 14:30:19,low,20180803,PR
2383,data_quality,orders,94539,b8a33fa5ef27e365f04703b899401762,b8a33fa5ef27e365f04703b899401762,carrier_before_approval,handed to carrier 2018-07-04 15:09:00 before approval 2018-07-05 16:32:43,low,20180703,RS
2334,data_quality,orders,91460,998c57ab2d55eb30d6de8d103034384b,998c57ab2d55eb30d6de8d103034384b,carrier_before_approval,handed to carrier 2018-04-23 23:37:27 before approval 2018-04-24 18:04:56,low,20180422,GO
1660,data_quality,orders,47319,a31e3f43f9ed2f1d94b0748bc723b899,a31e3f43f9ed2f1d94b0748bc723b899,carrier_before_approval,handed to carrier 2018-07-04 10:43:00 before approval 2018-07-05 16:34:56,low,20180703,SP
1053,data_quality,orders,8407,ab2830d9aa052d7aee54359bc3f61d0c,ab2830d9aa052d7aee54359bc3f61d0c,carrier_before_approval,handed to carrier 2018-07-04 13:55:00 before approval 2018-07-05 16:27:04,low,20180703,CE
1485,data_quality,orders,36915,7e4781e7b053db140ebba2ed6e3fde99,7e4781e7b053db140ebba2ed6e3fde99,carrier_before_approval,handed to carrier 2018-07-04 16:05:00 before approval 2018-07-05 16:14:20,low,20180702,DF
2209,data_quality,orders,84877,f7cb1a22366eb2e46a22d3626871d1d5,f7cb1a22366eb2e46a22d3626871d1d5,carrier_before_approval,handed to carrier 2018-05-03 13:02:00 before approval 2018-05-03 15:10:27,low,20180502,BA
3447,reconciliation,reconciliation,88372,33711ce52ccf7b8dcb0deaf37f573d32,33711ce52ccf7b8dcb0deaf37f573d32,recon_installment_interest,"sold 114.44 vs paid 121.07 BRL, gap 6.63",low,20180111,MG
3079,reconciliation,reconciliation,55976,91fbb4bf79cbb5c19eb018248c0fe683,91fbb4bf79cbb5c19eb018248c0fe683,recon_installment_interest,"sold 109.29 vs paid 111.19 BRL, gap 1.90",low,20170814,SP
1121,data_quality,orders,12765,ee2c523648f8d3fddba9f09bc16a6490,ee2c523648f8d3fddba9f09bc16a6490,carrier_before_approval,handed to carrier 2018-04-23 18:51:29 before approval 2018-04-24 18:59:39,low,20180422,SP
2122,data_quality,orders,78749,82d2162edf841b38e563dbf4380daead,82d2162edf841b38e563dbf4380daead,carrier_before_approval,handed to carrier 2018-07-03 12:59:00 before approval 2018-07-05 16:25:13,low,20180702,SP
3241,reconciliation,reconciliation,71358,51d435906a0487f17df29d38429e931b,51d435906a0487f17df29d38429e931b,recon_installment_interest,"sold 125.29 vs paid 134.03 BRL, gap 8.74",low,20171120,SP
1145,data_quality,orders,14453,03c8468d3001db38cadd59ac670341cc,03c8468d3001db38cadd59ac670341cc,carrier_before_approval,handed to carrier 2018-07-24 14:02:00 before approval 2018-07-27 23:31:15,low,20180722,ES
973,data_quality,orders,3767,ff9475663788de57817b221392697cce,ff9475663788de57817b221392697cce,carrier_before_approval,handed to carrier 2018-04-23 18:26:48 before approval 2018-04-24 18:23:52,low,20180419,SC
2252,data_quality,orders,87137,b8d5fe8c7958a04cf0e4977be468e370,b8d5fe8c7958a04cf0e4977be468e370,carrier_before_approval,handed to carrier 2018-07-05 14:19:00 before approval 2018-07-05 16:17:01,low,20180705,SP
1740,data_quality,orders,52310,5ced629739c2b3247b4fcd4f0498c3bb,5ced629739c2b3247b4fcd4f0498c3bb,carrier_before_approval,handed to carrier 2018-04-24 17:18:00 before approval 2018-04-24 19:24:50,low,20180420,RJ
1482,data_quality,orders,36814,79fa444e8356d0ed4f75c4666db50347,79fa444e8356d0ed4f75c4666db50347,carrier_before_approval,handed to carrier 2018-07-05 13:50:00 before approval 2018-07-05 16:19:09,low,20180704,SP
2009,data_quality,orders,70786,452659f1bbc22357a8b75386eb2beb34,452659f1bbc22357a8b75386eb2beb34,carrier_before_approval,handed to carrier 2018-04-24 16:52:28 before approval 2018-04-24 19:07:37,low,20180423,MG
37,data_quality,order_payments,42582,cc809786d515550e76739eda2f98973e|2,cc809786d515550e76739eda2f98973e,payment_sequence_gap,payment_sequential jumps from 0 to 2,low,20180428,SP
3461,reconciliation,reconciliation,90149,ed4116f3f55e67e9a26b9f1891ba2497,ed4116f3f55e67e9a26b9f1891ba2497,recon_untracked_discount,"sold 161.47 vs paid 157.57 BRL, gap -3.90",medium,20180809,PB
2277,data_quality,orders,88709,68c266b203d2b5b9e4f724d2b0bf532f,68c266b203d2b5b9e4f724d2b0bf532f,carrier_before_approval,handed to carrier 2018-07-05 14:28:00 before approval 2018-07-05 16:27:08,low,20180703,RJ
2272,data_quality,orders,88510,06c0d448cbbe294852cab1310c63ab3b,06c0d448cbbe294852cab1310c63ab3b,carrier_before_approval,handed to carrier 2018-04-23 23:04:46 before approval 2018-04-24 18:48:32,low,20180422,PR
1581,data_quality,orders,42462,35cab29a44850e454b675c0160b34a45,35cab29a44850e454b675c0160b34a45,carrier_before_approval,handed to carrier 2018-07-31 15:08:00 before approval 2018-07-31 15:31:39,low,20180731,SP
1041,data_quality,orders,7485,69e1614e5770f92d02af5b0f875c11b4,69e1614e5770f92d02af5b0f875c11b4,carrier_before_approval,handed to carrier 2018-06-12 14:47:00 before approval 2018-06-12 15:05:54,low,20180612,CE
1147,data_quality,orders,14542,0f75f2844ce21ea30f36b770fe2459c3,0f75f2844ce21ea30f36b770fe2459c3,carrier_before_approval,handed to carrier 2018-07-05 10:22:00 before approval 2018-07-05 16:33:00,low,20180703,MG
43,data_quality,order_payments,45019,bbcd5aaa84b5c7ef86c0a723182d7a3a|2,bbcd5aaa84b5c7ef86c0a723182d7a3a,payment_sequence_gap,payment_sequential jumps from 0 to 2,low,20180710,RS
3130,reconciliation,reconciliation,61545,6dcf0aeb8b1eb4021c26e1d0e9394979,6dcf0aeb8b1eb4021c26e1d0e9394979,recon_untracked_discount,"sold 333.92 vs paid 318.97 BRL, gap -14.95",medium,20180809,PR
2305,data_quality,orders,90181,5990719adf4d9d93dd602a9e14879bc3,5990719adf4d9d93dd602a9e14879bc3,carrier_before_approval,handed to carrier 2018-02-02 18:05:16 before approval 2018-02-04 23:31:36,low,20180130,PA
1036,data_quality,orders,7223,163679b19841bb6d73176f4a5a80a0d6,163679b19841bb6d73176f4a5a80a0d6,carrier_before_approval,handed to carrier 2018-04-23 23:17:42 before approval 2018-04-24 17:16:50,low,20180421,MG
2944,reconciliation,reconciliation,42724,04993613aee4046caf92ea17b316dcfb,04993613aee4046caf92ea17b316dcfb,recon_rounding,"sold 524.32 vs paid 524.28 BRL, gap -0.04",low,20180130,SP
941,data_quality,orders,1946,6d5f62b312ef08610aa99b1a365ec10b,6d5f62b312ef08610aa99b1a365ec10b,carrier_before_approval,handed to carrier 2018-07-05 16:08:00 before approval 2018-07-05 16:30:53,low,20180705,MG
1219,data_quality,orders,18810,505b77e04872f9f03ae71d4f75f43af4,505b77e04872f9f03ae71d4f75f43af4,carrier_before_approval,handed to carrier 2018-07-04 08:41:00 before approval 2018-07-05 16:31:43,low,20180703,SP
3076,reconciliation,reconciliation,55856,65320cb291f4cacd8b0114a29eafa4c7,65320cb291f4cacd8b0114a29eafa4c7,recon_installment_interest,"sold 32.62 vs paid 34.89 BRL, gap 2.27",low,20170524,SP
1852,data_quality,orders,60153,2ffc1bd0212c5ba712e1da786b4328c2,2ffc1bd0212c5ba712e1da786b4328c2,carrier_before_approval,handed to carrier 2017-08-01 18:39:25 before approval 2017-08-02 08:32:33,low,20170728,RS
1926,data_quality,orders,65649,7dbcbb9165bf085d77a814bbbea38c6b,7dbcbb9165bf085d77a814bbbea38c6b,carrier_before_approval,handed to carrier 2018-04-24 18:33:10 before approval 2018-04-24 18:39:19,low,20180423,SP
85,data_quality,order_payments,87491,1896e8b8fd196151559b02e31e98ce89|2,1896e8b8fd196151559b02e31e98ce89,payment_sequence_gap,payment_sequential jumps from 0 to 2,low,20180309,MA
2302,data_quality,orders,90149,ed4116f3f55e67e9a26b9f1891ba2497,ed4116f3f55e67e9a26b9f1891ba2497,carrier_before_approval,handed to carrier 2018-08-17 13:29:00 before approval 2018-08-20 15:55:42,low,20180809,PB
1873,data_quality,orders,61545,6dcf0aeb8b1eb4021c26e1d0e9394979,6dcf0aeb8b1eb4021c26e1d0e9394979,carrier_before_approval,handed to carrier 2018-08-14 13:05:00 before approval 2018-08-20 15:59:18,low,20180809,PR
2662,reconciliation,reconciliation,16981,2f9d4ee8ca77fe0951ebfe9064cad953,2f9d4ee8ca77fe0951ebfe9064cad953,recon_installment_interest,"sold 91.07 vs paid 105.19 BRL, gap 14.12",low,20161009,MG
2862,reconciliation,reconciliation,36380,016726239765c18f66826453f39c64e3,016726239765c18f66826453f39c64e3,recon_installment_interest,"sold 235.13 vs paid 265.77 BRL, gap 30.64",low,20170614,SP
1750,data_quality,orders,52709,56b58249ffb3737fd1083df765e0838d,56b58249ffb3737fd1083df765e0838d,carrier_before_approval,handed to carrier 2018-04-23 23:44:49 before approval 2018-04-24 19:05:57,low,20180421,PR
1822,data_quality,orders,58258,9ce03263783d6de468ef6a6debdbe92a,9ce03263783d6de468ef6a6debdbe92a,carrier_before_approval,handed to carrier 2018-06-07 11:26:00 before approval 2018-06-07 11:37:01,low,20180607,RJ
2712,reconciliation,reconciliation,22094,94dcbb5ca9d603177841a40f3d630483,94dcbb5ca9d603177841a40f3d630483,recon_rounding,"sold 302.82 vs paid 302.80 BRL, gap -0.02",low,20180704,SP
2241,data_quality,orders,86512,c8e75378d45ac6daae73b7ff2d236798,c8e75378d45ac6daae73b7ff2d236798,carrier_before_approval,handed to carrier 2018-07-05 14:58:00 before approval 2018-07-05 16:10:05,low,20180704,SP
1670,data_quality,orders,47808,23c8185c60bb06f217a2437ffc73e45f,23c8185c60bb06f217a2437ffc73e45f,carrier_before_approval,handed to carrier 2018-07-05 14:50:00 before approval 2018-07-05 16:09:05,low,20180701,SP
1635,data_quality,orders,45991,0d1141bc7e92a45b00c06ed12c5c4eb2,0d1141bc7e92a45b00c06ed12c5c4eb2,carrier_before_approval,handed to carrier 2018-04-23 19:18:50 before approval 2018-04-24 17:53:29,low,20180422,RS
1232,data_quality,orders,19836,602a6242ac1fe2355d3e0ae1d53bf538,602a6242ac1fe2355d3e0ae1d53bf538,carrier_before_approval,handed to carrier 2018-04-23 20:18:31 before approval 2018-04-24 18:04:44,low,20180423,SC
1790,data_quality,orders,55815,045eff272f42f0ae0191149686f193e1,045eff272f42f0ae0191149686f193e1,carrier_before_approval,handed to carrier 2018-04-23 23:56:47 before approval 2018-04-24 17:13:48,low,20180423,MG
1321,data_quality,orders,25412,6b80bb20190715d71c43efff617bd659,6b80bb20190715d71c43efff617bd659,carrier_before_approval,handed to carrier 2017-02-22 16:05:29 before approval 2017-03-01 10:51:46,low,20170219,SP
1784,data_quality,orders,55348,c9e7721790d06c21ff6fcd2dee7a2f73,c9e7721790d06c21ff6fcd2dee7a2f73,carrier_before_approval,handed to carrier 2018-07-05 08:39:00 before approval 2018-07-05 16:24:41,low,20180704,SP
56,data_quality,order_payments,60571,a4431cbd79dbddaae7988ce6091cbc3c|2,a4431cbd79dbddaae7988ce6091cbc3c,payment_sequence_gap,payment_sequential jumps from 0 to 2,low,20180619,PR
2442,data_quality,orders,98260,594bf20a8f9e5e9cf267b3ee3260679b,594bf20a8f9e5e9cf267b3ee3260679b,carrier_before_approval,handed to carrier 2017-05-08 15:27:31 before approval 2017-05-09 22:32:38,low,20170504,SP
1614,data_quality,orders,44776,9c3ec2b1090ff630e2ff9ef49f962734,9c3ec2b1090ff630e2ff9ef49f962734,carrier_before_approval,handed to carrier 2018-06-29 11:05:00 before approval 2018-06-29 11:15:13,low,20180629,MG
2583,reconciliation,reconciliation,9644,487ebdc91b499c9442c96f81d71dcf7d,487ebdc91b499c9442c96f81d71dcf7d,recon_installment_interest,"sold 141.64 vs paid 155.14 BRL, gap 13.50",low,20180216,RN
2815,reconciliation,reconciliation,31592,9e98692197ace8ec15c6db45b5bfd9bf,9e98692197ace8ec15c6db45b5bfd9bf,recon_installment_interest,"sold 27.77 vs paid 28.73 BRL, gap 0.96",low,20171125,SP
1795,data_quality,orders,56097,7643003db706885af24736e3a12e76bd,7643003db706885af24736e3a12e76bd,carrier_before_approval,handed to carrier 2018-04-23 19:28:49 before approval 2018-04-24 19:09:38,low,20180420,MG
2721,reconciliation,reconciliation,22965,fbf352b18a26c6a86a53cca922facd25,fbf352b18a26c6a86a53cca922facd25,recon_voucher_related,"sold 151.54 vs paid 160.80 BRL, gap 9.26",medium,20180128,SP
1697,data_quality,orders,49701,0ea5fe49c67efb820d76f32ac29817c8,0ea5fe49c67efb820d76f32ac29817c8,carrier_before_approval,handed to carrier 2018-04-23 19:03:14 before approval 2018-04-24 18:42:29,low,20180422,DF
1755,data_quality,orders,53284,697dd6059b52ae362ff66b900faebc21,697dd6059b52ae362ff66b900faebc21,carrier_before_approval,handed to carrier 2018-07-04 11:59:00 before approval 2018-07-05 16:35:21,low,20180702,RS
1350,data_quality,orders,27302,ca90e0247838f37e708b833b004ba84b,ca90e0247838f37e708b833b004ba84b,carrier_before_approval,handed to carrier 2018-07-05 14:24:00 before approval 2018-07-05 16:14:52,low,20180704,PB
1317,data_quality,orders,25231,11746f9dc3d55313aadc6e6bf8464595,11746f9dc3d55313aadc6e6bf8464595,carrier_before_approval,handed to carrier 2018-04-24 17:05:50 before approval 2018-04-24 17:24:08,low,20180423,SP
1466,data_quality,orders,35086,21d83e75dc0edc8c7aa58b4370a3518a,21d83e75dc0edc8c7aa58b4370a3518a,carrier_before_approval,handed to carrier 2018-07-24 13:59:00 before approval 2018-07-28 23:31:12,low,20180723,SP
2982,reconciliation,reconciliation,46965,502668fa85b6cff5243cf74ce4100182,502668fa85b6cff5243cf74ce4100182,recon_installment_interest,"sold 29.08 vs paid 33.59 BRL, gap 4.51",low,20170609,RS
3361,reconciliation,reconciliation,81228,294b7da16c27e408f2137e10de0d9495,294b7da16c27e408f2137e10de0d9495,recon_installment_interest,"sold 200.08 vs paid 226.14 BRL, gap 26.06",low,20180119,DF
1313,data_quality,orders,25140,f294439a6719ccac91b6e2f25088dd1c,f294439a6719ccac91b6e2f25088dd1c,carrier_before_approval,handed to carrier 2018-08-14 11:37:00 before approval 2018-08-14 11:50:51,low,20180814,MG
1039,data_quality,orders,7427,e3be8e7970afa286e942ea4273061bae,e3be8e7970afa286e942ea4273061bae,carrier_before_approval,handed to carrier 2018-07-05 14:45:00 before approval 2018-07-05 16:10:41,low,20180704,RS
1458,data_quality,orders,34543,89472d2aaca9a6765521c309ef6c814a,89472d2aaca9a6765521c309ef6c814a,carrier_before_approval,handed to carrier 2018-04-23 19:21:50 before approval 2018-04-24 18:15:00,low,20180423,PE
1035,data_quality,orders,7175,785f211a578f2b593e6ecaa4db29fdfb,785f211a578f2b593e6ecaa4db29fdfb,carrier_before_approval,handed to carrier 2018-04-23 19:17:28 before approval 2018-04-24 17:30:09,low,20180422,RS
1264,data_quality,orders,22094,94dcbb5ca9d603177841a40f3d630483,94dcbb5ca9d603177841a40f3d630483,carrier_before_approval,handed to carrier 2018-07-05 13:08:00 before approval 2018-07-05 16:32:52,low,20180704,SP
1906,data_quality,orders,63803,f16e3a8c0140ade96be78de15312125b,f16e3a8c0140ade96be78de15312125b,carrier_before_approval,handed to carrier 2018-04-23 19:12:51 before approval 2018-04-24 18:20:56,low,20180422,BA
1619,data_quality,orders,45152,87e7ff710ee02d1ee56ad8d47834fb89,87e7ff710ee02d1ee56ad8d47834fb89,carrier_before_approval,handed to carrier 2018-07-24 14:40:00 before approval 2018-07-26 23:32:51,low,20180721,PR
3356,reconciliation,reconciliation,81036,235a7628971a90567378815bf35d2a67,235a7628971a90567378815bf35d2a67,recon_installment_interest,"sold 188.58 vs paid 217.82 BRL, gap 29.24",low,20180212,SP
3388,reconciliation,reconciliation,83101,e74dce994d1d4b754ec4a4e709b8b65b,e74dce994d1d4b754ec4a4e709b8b65b,recon_installment_interest,"sold 46.09 vs paid 52.09 BRL, gap 6.00",low,20180415,SP
1896,data_quality,orders,62978,7323d8e601f88123554e4d9bdb617b79,7323d8e601f88123554e4d9bdb617b79,carrier_before_approval,handed to carrier 2018-04-24 18:19:25 before approval 2018-04-24 18:39:01,low,20180423,BA
2508,reconciliation,reconciliation,2542,8b5058499c412c6cf8d013de40e4f9d2,8b5058499c412c6cf8d013de40e4f9d2,recon_installment_interest,"sold 48.77 vs paid 51.02 BRL, gap 2.25",low,20180503,MG
1163,data_quality,orders,15646,35df0cf1d7650c5c0ad88837c4dfde89,35df0cf1d7650c5c0ad88837c4dfde89,carrier_before_approval,handed to carrier 2018-07-05 14:05:00 before approval 2018-07-05 16:13:16,low,20180704,SP
1439,data_quality,orders,33420,b636037a882bd588f102f9f3fc29b2ca,b636037a882bd588f102f9f3fc29b2ca,carrier_before_approval,handed to carrier 2018-07-24 14:40:00 before approval 2018-07-25 23:31:59,low,20180720,BA
1148,data_quality,orders,14546,7916e8283be68b0f8c475ec68cf0f333,7916e8283be68b0f8c475ec68cf0f333,carrier_before_approval,handed to carrier 2018-07-05 14:13:00 before approval 2018-07-05 16:26:49,low,20180703,MG
1157,data_quality,orders,15053,a75dc59fb32aa2b2ba7db8573eabd774,a75dc59fb32aa2b2ba7db8573eabd774,carrier_before_approval,handed to carrier 2018-07-05 14:10:00 before approval 2018-07-05 16:30:53,low,20180704,RJ
1084,data_quality,orders,10399,7fc19fa60f9bb0d99b980a47eee3ec28,7fc19fa60f9bb0d99b980a47eee3ec28,carrier_before_approval,handed to carrier 2018-04-23 21:36:45 before approval 2018-04-24 19:26:07,low,20180420,AL
1295,data_quality,orders,24173,df720130627bfe896e4eaafe2df5b721,df720130627bfe896e4eaafe2df5b721,carrier_before_approval,handed to carrier 2018-08-01 15:03:00 before approval 2018-08-02 13:42:37,low,20180730,SP
951,data_quality,orders,2688,6b654c2dc2e7c610cb22c325fb723057,6b654c2dc2e7c610cb22c325fb723057,carrier_before_approval,handed to carrier 2018-07-05 12:30:00 before approval 2018-07-05 16:09:25,low,20180704,SP
2020,data_quality,orders,71394,f672640d8f525e7ee9e9662776f4ed0f,f672640d8f525e7ee9e9662776f4ed0f,carrier_before_approval,handed to carrier 2018-04-24 00:06:34 before approval 2018-04-24 18:27:33,low,20180420,SP
997,data_quality,orders,4978,53a9c421cf0e7129393a754a4d15b935,53a9c421cf0e7129393a754a4d15b935,carrier_before_approval,handed to carrier 2018-08-20 11:30:00 before approval 2018-08-20 12:15:12,low,20180819,RJ
3043,reconciliation,reconciliation,52986,70b7e94ea46d3e8b5bc12a50186edaf0,70b7e94ea46d3e8b5bc12a50186edaf0,recon_installment_interest,"sold 213.15 vs paid 274.84 BRL, gap 61.69",low,20180101,MG
1289,data_quality,orders,23591,a8fee5f264541f904519912b305d0bf6,a8fee5f264541f904519912b305d0bf6,carrier_before_approval,handed to carrier 2018-04-24 00:16:47 before approval 2018-04-24 17:29:46,low,20180423,SP
2496,reconciliation,reconciliation,1730,4c57f545143e8865ca2347d8cba154a7,4c57f545143e8865ca2347d8cba154a7,recon_installment_interest,"sold 139.61 vs paid 151.01 BRL, gap 11.40",low,20180126,SP
1102,data_quality,orders,11739,cf72398d0690f841271b695bbfda82d2,cf72398d0690f841271b695bbfda82d2,carrier_before_approval,handed to carrier 2017-09-04 20:12:41 before approval 2017-09-13 22:04:39,low,20170901,SP
3253,reconciliation,reconciliation,72301,139be8870b91e71fd70bb366305c8cde,139be8870b91e71fd70bb366305c8cde,recon_installment_interest,"sold 133.18 vs paid 142.46 BRL, gap 9.28",low,20170513,SP
1625,data_quality,orders,45429,ae93587d71bc1659fcc7614e6f4dddfa,ae93587d71bc1659fcc7614e6f4dddfa,carrier_before_approval,handed to carrier 2018-04-24 18:11:43 before approval 2018-04-24 19:25:38,low,20180420,SP
1030,data_quality,orders,6636,adfb9e0fb02034c05e4cdf3395bba600,adfb9e0fb02034c05e4cdf3395bba600,carrier_before_approval,handed to carrier 2018-06-11 16:16:00 before approval 2018-06-11 16:31:48,low,20180611,SP
2898,reconciliation,reconciliation,39394,164a6c920f4a6f51223792333af13e24,164a6c920f4a6f51223792333af13e24,recon_installment_interest,"sold 61.01 vs paid 63.12 BRL, gap 2.11",low,20180113,RS
3467,reconciliation,reconciliation,91124,a800ac0385a83264291f978ab075dd68,a800ac0385a83264291f978ab075dd68,recon_installment_interest,"sold 70.38 vs paid 81.29 BRL, gap 10.91",low,20170514,AC
1626,data_quality,orders,45484,638913622370c1dfea90659077bd5375,638913622370c1dfea90659077bd5375,carrier_before_approval,handed to carrier 2018-07-31 14:56:00 before approval 2018-08-01 16:31:34,low,20180731,SP
1009,data_quality,orders,5557,d3e50ea4c86a1cfb30aa36e3e388d021,d3e50ea4c86a1cfb30aa36e3e388d021,carrier_before_approval,handed to carrier 2018-07-04 08:21:00 before approval 2018-07-05 16:21:01,low,20180704,RJ
2561,reconciliation,reconciliation,7498,36d2de07c140425e7bd617c3665b5f80,36d2de07c140425e7bd617c3665b5f80,recon_installment_interest,"sold 72.08 vs paid 77.97 BRL, gap 5.89",low,20171023,SP
1229,data_quality,orders,19613,f19c25c87bfad3bc229897611b142a7f,f19c25c87bfad3bc229897611b142a7f,carrier_before_approval,handed to carrier 2018-06-19 14:12:00 before approval 2018-06-19 16:25:38,low,20180618,SP
2247,data_quality,orders,86773,45060534aef780077c10103b60fe71c4,45060534aef780077c10103b60fe71c4,carrier_before_approval,handed to carrier 2018-07-05 14:12:00 before approval 2018-07-05 16:12:38,low,20180703,RS
2490,reconciliation,reconciliation,1081,84d6d9710c8af32b5e88f2d1c14ab871,84d6d9710c8af32b5e88f2d1c14ab871,recon_installment_interest,"sold 57.68 vs paid 61.70 BRL, gap 4.02",low,20180127,SP
2266,data_quality,orders,88064,fab28f3d1cfbe171566884703d82682e,fab28f3d1cfbe171566884703d82682e,carrier_before_approval,handed to carrier 2018-04-23 23:35:37 before approval 2018-04-24 18:25:30,low,20180421,SP
3118,reconciliation,reconciliation,60307,c14323552816050d396da49c9f23ae1e,c14323552816050d396da49c9f23ae1e,recon_installment_interest,"sold 31.90 vs paid 33.75 BRL, gap 1.85",low,20171126,SC
3065,reconciliation,reconciliation,54770,99e5f0c685ca94e5a1c7134b1898bb1a,99e5f0c685ca94e5a1c7134b1898bb1a,recon_installment_interest,"sold 36.46 vs paid 38.94 BRL, gap 2.48",low,20180808,SP
1172,data_quality,orders,15979,722551f92737b15702800d3c63dcda10,722551f92737b15702800d3c63dcda10,carrier_before_approval,handed to carrier 2018-07-05 12:23:00 before approval 2018-07-05 16:23:18,low,20180704,DF
2337,data_quality,orders,91550,55471a53555cb61d9cd2ff895a278033,55471a53555cb61d9cd2ff895a278033,carrier_before_approval,handed to carrier 2018-07-05 14:33:00 before approval 2018-07-05 16:09:39,low,20180702,SP
3433,reconciliation,reconciliation,86696,af9f47d85cb6d0717a873ddb331a1b6b,af9f47d85cb6d0717a873ddb331a1b6b,recon_installment_interest,"sold 47.03 vs paid 47.40 BRL, gap 0.37",low,20180405,CE
2154,data_quality,orders,81169,b7d6c506d31d5537a7abea4378a1a7fb,b7d6c506d31d5537a7abea4378a1a7fb,carrier_before_approval,handed to carrier 2018-04-23 19:36:27 before approval 2018-04-24 19:24:18,low,20180422,SP
1868,data_quality,orders,61087,a771d79ec4b8d059bfb6e773f290cc1d,a771d79ec4b8d059bfb6e773f290cc1d,carrier_before_approval,handed to carrier 2018-07-24 15:52:00 before approval 2018-07-26 23:32:34,low,20180721,TO
2858,reconciliation,reconciliation,35624,4154bf1348caac78152fe76e3e9c4af8,4154bf1348caac78152fe76e3e9c4af8,recon_untracked_discount,"sold 165.26 vs paid 150.27 BRL, gap -14.99",medium,20180823,SP
1650,data_quality,orders,46820,941638a41a3674d12166261747988666,941638a41a3674d12166261747988666,carrier_before_approval,handed to carrier 2018-07-05 11:13:00 before approval 2018-07-05 16:30:45,low,20180705,MG
2347,data_quality,orders,92633,36fa9568947553fb83c9ad0726737a12,36fa9568947553fb83c9ad0726737a12,carrier_before_approval,handed to carrier 2018-07-04 14:48:00 before approval 2018-07-05 16:32:54,low,20180703,SC
977,data_quality,orders,4104,c0567ba9f6736e00d05c404aac7c9430,c0567ba9f6736e00d05c404aac7c9430,carrier_before_approval,handed to carrier 2018-07-04 14:07:00 before approval 2018-07-05 16:21:30,low,20180703,SP
1796,data_quality,orders,56289,31827c49aa741fe6dc05ad3f63fef4e6,31827c49aa741fe6dc05ad3f63fef4e6,carrier_before_approval,handed to carrier 2018-07-05 15:26:00 before approval 2018-07-05 16:19:40,low,20180705,SP
3138,reconciliation,reconciliation,62279,2240d9349c55949c40dbfcc98ece280c,2240d9349c55949c40dbfcc98ece280c,recon_voucher_related,"sold 94.59 vs paid 94.95 BRL, gap 0.36",medium,20170502,MT
1288,data_quality,orders,23567,fe857b5ac310b06adabd0e18af932cc5,fe857b5ac310b06adabd0e18af932cc5,carrier_before_approval,handed to carrier 2018-04-23 18:37:43 before approval 2018-04-24 18:53:22,low,20180422,SP
1411,data_quality,orders,31104,e8a9b36dea36cc9c246000b8c7cca976,e8a9b36dea36cc9c246000b8c7cca976,carrier_before_approval,handed to carrier 2018-04-24 17:32:27 before approval 2018-04-24 17:36:01,low,20180423,SP
1471,data_quality,orders,35601,8f83b7fcba464b677274cb8fcf22eef8,8f83b7fcba464b677274cb8fcf22eef8,carrier_before_approval,handed to carrier 2018-04-23 20:38:35 before approval 2018-04-24 19:19:39,low,20180421,SP
1144,data_quality,orders,14235,67d53222525b2b5b1e913487b953e2db,67d53222525b2b5b1e913487b953e2db,carrier_before_approval,handed to carrier 2018-02-15 19:25:54 before approval 2018-02-16 14:29:50,low,20180214,BA
2086,data_quality,orders,75687,4b6e439f8ebc7348898173190aec97e0,4b6e439f8ebc7348898173190aec97e0,carrier_before_approval,handed to carrier 2018-07-04 15:09:00 before approval 2018-07-05 16:33:04,low,20180703,SP
1591,data_quality,orders,43496,3fce76a41d913dedb8f211a38fa0a8b8,3fce76a41d913dedb8f211a38fa0a8b8,carrier_before_approval,handed to carrier 2017-05-03 16:10:14 before approval 2017-05-06 21:33:35,low,20170501,SP
1162,data_quality,orders,15468,2222dbaded2c9c8406d1cbdeae118948,2222dbaded2c9c8406d1cbdeae118948,carrier_before_approval,handed to carrier 2018-07-05 13:25:00 before approval 2018-07-05 16:32:56,low,20180703,SP
2186,data_quality,orders,82952,f62d2e0e462fb59c81df0b389e883027,f62d2e0e462fb59c81df0b389e883027,carrier_before_approval,handed to carrier 2018-04-20 22:48:39 before approval 2018-04-24 19:06:19,low,20180420,SP
2909,reconciliation,reconciliation,40097,b8b3f1a93f6899699c4cfab3f0cb85e0,b8b3f1a93f6899699c4cfab3f0cb85e0,recon_installment_interest,"sold 108.86 vs paid 125.74 BRL, gap 16.88",low,20170908,RS
3503,reconciliation,reconciliation,95069,4f7e7db8a14c1448fb17c00bcf1b8564,4f7e7db8a14c1448fb17c00bcf1b8564,recon_installment_interest,"sold 58.22 vs paid 61.59 BRL, gap 3.37",low,20180327,PR
55,data_quality,order_payments,59977,305f4f2afe70d838e381fb7a3c973838|2,305f4f2afe70d838e381fb7a3c973838,payment_sequence_gap,payment_sequential jumps from 0 to 2,low,20180609,PI
1986,data_quality,orders,69389,d26e5113b124c2bf24274139cf339a8b,d26e5113b124c2bf24274139cf339a8b,carrier_before_approval,handed to carrier 2018-07-04 10:44:00 before approval 2018-07-05 16:11:40,low,20180703,CE
1561,data_quality,orders,41593,8554cb37f7158cb0b082a841d24a4589,8554cb37f7158cb0b082a841d24a4589,carrier_before_approval,handed to carrier 2017-09-04 19:12:19 before approval 2017-09-13 21:58:04,low,20170901,CE
1004,data_quality,orders,5430,b0ddd4ac01604bb4ae094a307a06ccc9,b0ddd4ac01604bb4ae094a307a06ccc9,carrier_before_approval,handed to carrier 2018-07-05 12:12:00 before approval 2018-07-05 16:14:54,low,20180704,SP
1524,data_quality,orders,39208,7344c860833e7ea5b676e4575b225d6c,7344c860833e7ea5b676e4575b225d6c,carrier_before_approval,handed to carrier 2018-04-23 23:56:52 before approval 2018-04-24 17:14:31,low,20180422,MG
1338,data_quality,orders,26519,b86f93410aa7fe320e029d576bf7bb71,b86f93410aa7fe320e029d576bf7bb71,carrier_before_approval,handed to carrier 2018-08-09 14:12:00 before approval 2018-08-09 14:26:08,low,20180809,MG
1686,data_quality,orders,48841,076f1fe978468db6b826f40f714da65f,076f1fe978468db6b826f40f714da65f,carrier_before_approval,handed to carrier 2018-06-05 13:59:00 before approval 2018-06-05 14:31:31,low,20180605,BA
1596,data_quality,orders,43808,f32ac9e04d057c043017dc54d5fcd9da,f32ac9e04d057c043017dc54d5fcd9da,carrier_before_approval,handed to carrier 2018-04-24 18:41:36 before approval 2018-04-24 19:24:34,low,20180423,SC
1955,data_quality,orders,67665,fa01cb3e41fcdf8cf3c55e01a5477d46,fa01cb3e41fcdf8cf3c55e01a5477d46,carrier_before_approval,handed to carrier 2018-07-05 14:02:00 before approval 2018-07-05 16:35:04,low,20180704,SP
2814,reconciliation,reconciliation,31439,c8bedae351d76a3163c9840172c1285f,c8bedae351d76a3163c9840172c1285f,recon_untracked_discount,"sold 37.37 vs paid 34.38 BRL, gap -2.99",medium,20180823,SP
1959,data_quality,orders,67938,890e7120b669f8e79df87610b80b3b91,890e7120b669f8e79df87610b80b3b91,carrier_before_approval,handed to carrier 2018-07-04 14:55:00 before approval 2018-07-05 16:32:45,low,20180703,SP
2543,reconciliation,reconciliation,6059,91fe2d042bdf1fb8d6f2fc33f209ec04,91fe2d042bdf1fb8d6f2fc33f209ec04,recon_installment_interest,"sold 54.14 vs paid 61.19 BRL, gap 7.05",low,20170628,AL
1434,data_quality,orders,32986,fae3a27fae556e4943abf630277a6efc,fae3a27fae556e4943abf630277a6efc,carrier_before_approval,handed to carrier 2018-04-23 19:31:45 before approval 2018-04-24 19:22:00,low,20180420,RJ
1834,data_quality,orders,59469,3464107c541f0583d599cc7d335cb9c7,3464107c541f0583d599cc7d335cb9c7,carrier_before_approval,handed to carrier 2017-04-27 11:53:10 before approval 2017-04-27 13:33:18,low,20170425,SP
1654,data_quality,orders,46980,6898d4e2dad0e7d07e74cbbff0a796e3,6898d4e2dad0e7d07e74cbbff0a796e3,carrier_before_approval,handed to carrier 2018-07-04 08:41:00 before approval 2018-07-05 16:10:30,low,20180703,RS
2325,data_quality,orders,91169,4e5d55d40118f10ac43d483e9094246a,4e5d55d40118f10ac43d483e9094246a,carrier_before_approval,handed to carrier 2018-07-05 12:34:00 before approval 2018-07-05 16:15:43,low,20180704,SP
1287,data_quality,orders,23503,d8fb797beb3bc5099a065c4db4a4d8fa,d8fb797beb3bc5099a065c4db4a4d8fa,carrier_before_approval,handed to carrier 2018-04-24 16:22:37 before approval 2018-04-24 18:59:06,low,20180423,SP
1096,data_quality,orders,10983,a605e090234561f97bea7da842220f0d,a605e090234561f97bea7da842220f0d,carrier_before_approval,handed to carrier 2018-07-05 15:51:00 before approval 2018-07-05 16:21:51,low,20180702,SC
1880,data_quality,orders,62011,e57c5c4eb04e271f8cb3de347b910287,e57c5c4eb04e271f8cb3de347b910287,carrier_before_approval,handed to carrier 2018-07-31 15:50:00 before approval 2018-07-31 17:00:17,low,20180731,SC
2361,data_quality,orders,93489,229f074fb0a6ffde943458174b4ada63,229f074fb0a6ffde943458174b4ada63,carrier_before_approval,handed to carrier 2018-04-23 23:12:05 before approval 2018-04-24 17:26:59,low,20180420,PR
1425,data_quality,orders,32127,27cccab59c02b5c742ec003898dfabec,27cccab59c02b5c742ec003898dfabec,carrier_before_approval,handed to carrier 2018-07-24 14:57:00 before approval 2018-07-28 23:31:04,low,20180723,MG
1521,data_quality,orders,39072,bd9629bd5c3db3606ff891c6314be67a,bd9629bd5c3db3606ff891c6314be67a,carrier_before_approval,handed to carrier 2018-06-15 10:27:00 before approval 2018-06-15 10:39:38,low,20180615,RJ
1310,data_quality,orders,24984,adff109236fcf060cf7989c67c4280a5,adff109236fcf060cf7989c67c4280a5,carrier_before_approval,handed to carrier 2018-04-24 17:12:53 before approval 2018-04-24 19:06:50,low,20180421,RJ
1512,data_quality,orders,38669,8ac52bf45b719c91c665c11e5696f199,8ac52bf45b719c91c665c11e5696f199,carrier_before_approval,handed to carrier 2018-04-23 19:38:19 before approval 2018-04-24 18:08:28,low,20180422,BA
1901,data_quality,orders,63432,a62edb6b5312cdc742089aa7c336718c,a62edb6b5312cdc742089aa7c336718c,carrier_before_approval,handed to carrier 2018-07-05 12:42:00 before approval 2018-07-05 16:14:55,low,20180702,MT
926,data_quality,orders,1215,0fe8aad910ff05e73b0ddb0a89e61b21,0fe8aad910ff05e73b0ddb0a89e61b21,carrier_before_approval,handed to carrier 2018-07-03 10:21:00 before approval 2018-07-05 16:02:47,low,20180701,PR
2409,data_quality,orders,96263,929ccb6e3021ed4afe8860fe50791967,929ccb6e3021ed4afe8860fe50791967,carrier_before_approval,handed to carrier 2018-07-04 15:16:00 before approval 2018-07-05 16:32:36,low,20180704,RJ
1100,data_quality,orders,11319,4895f8a5926847fbac7dd72661f60dd0,4895f8a5926847fbac7dd72661f60dd0,carrier_before_approval,handed to carrier 2018-07-31 14:05:00 before approval 2018-08-01 16:31:37,low,20180730,SP
1963,data_quality,orders,68135,1809078b655469f11b429102fb296998,1809078b655469f11b429102fb296998,carrier_before_approval,handed to carrier 2018-04-23 18:18:27 before approval 2018-04-24 19:10:37,low,20180420,SP
2489,reconciliation,reconciliation,868,bb2e64c3040ceb9b7ca2bfc602adca08,bb2e64c3040ceb9b7ca2bfc602adca08,recon_rounding,"sold 257.36 vs paid 257.34 BRL, gap -0.02",low,20171103,SP
1337,data_quality,orders,26484,61b199f09f9de7776b875cce7c71e649,61b199f09f9de7776b875cce7c71e649,carrier_before_approval,handed to carrier 2018-04-23 23:37:52 before approval 2018-04-24 18:22:23,low,20180423,PR
2405,data_quality,orders,96099,ac4e638ca3146139f9857a73b20f6277,ac4e638ca3146139f9857a73b20f6277,carrier_before_approval,handed to carrier 2018-07-05 14:32:00 before approval 2018-07-05 16:23:38,low,20180704,MG
2014,data_quality,orders,71139,a3270f2613a807c71433dada7bf3876a,a3270f2613a807c71433dada7bf3876a,carrier_before_approval,handed to carrier 2018-07-04 12:06:00 before approval 2018-07-05 16:16:37,low,20180703,SP
2919,reconciliation,reconciliation,40822,77411858d5ea9f0dec6b071cec64349f,77411858d5ea9f0dec6b071cec64349f,recon_installment_interest,"sold 28.22 vs paid 31.89 BRL, gap 3.67",low,20180618,RJ
3386,reconciliation,reconciliation,83029,e576bdc500f0c1c9a1b2a3ccce7000fb,e576bdc500f0c1c9a1b2a3ccce7000fb,recon_installment_interest,"sold 53.38 vs paid 60.35 BRL, gap 6.97",low,20171221,BA
82,data_quality,order_payments,84638,0a7d898c6305101e69e9f5a05cd0130d|2,0a7d898c6305101e69e9f5a05cd0130d,payment_sequence_gap,payment_sequential jumps from 0 to 2,low,20180612,RJ
986,data_quality,orders,4467,69a236fbbc4a603ebfa4468a3bdcb140,69a236fbbc4a603ebfa4468a3bdcb140,carrier_before_approval,handed to carrier 2017-04-26 09:11:44 before approval 2017-04-27 10:32:00,low,20170425,MT
1011,data_quality,orders,5723,8dcdf2ba21745811aaad2fd3ebfc0360,8dcdf2ba21745811aaad2fd3ebfc0360,carrier_before_approval,handed to carrier 2018-07-05 13:43:00 before approval 2018-07-05 16:08:45,low,20180704,AM
1978,data_quality,orders,68632,fe1a5360c2abc136a4ff63ddb09a33b4,fe1a5360c2abc136a4ff63ddb09a33b4,carrier_before_approval,handed to carrier 2018-07-30 15:34:00 before approval 2018-08-01 16:31:44,low,20180729,SP
2746,reconciliation,reconciliation,24699,e393acae9e64be5b2a7d48ef2ae87710,e393acae9e64be5b2a7d48ef2ae87710,recon_installment_interest,"sold 47.38 vs paid 47.73 BRL, gap 0.35",low,20180316,SP
2285,data_quality,orders,89160,5fdc93e450ccb779c5d594b36f99bc04,5fdc93e450ccb779c5d594b36f99bc04,carrier_before_approval,handed to carrier 2018-07-05 12:42:00 before approval 2018-07-05 16:32:53,low,20180704,SP
2424,data_quality,orders,97354,766033ca0a01f26b46dfccd2ee59cf9c,766033ca0a01f26b46dfccd2ee59cf9c,carrier_before_approval,handed to carrier 2018-07-04 15:49:00 before approval 2018-07-05 16:23:37,low,20180703,RJ
1817,data_quality,orders,57736,4036f899610ca6b249129cf1b59ae8f5,4036f899610ca6b249129cf1b59ae8f5,carrier_before_approval,handed to carrier 2018-07-31 13:42:00 before approval 2018-07-31 14:04:26,low,20180731,RS
2083,data_quality,orders,75387,06b709d62777971bc95e6c32886f3ddc,06b709d62777971bc95e6c32886f3ddc,carrier_before_approval,handed to carrier 2018-04-23 17:49:42 before approval 2018-04-24 19:28:15,low,20180420,RJ
95,data_quality,order_reviews,3318,3242cc306a9218d0377831e175d62fbf,,duplicate_key,key (review_id) appears 2 times; this is copy 2,medium,,
96,data_quality,order_reviews,5720,308316408775d1600dad81bd3184556d,,duplicate_key,key (review_id) appears 3 times; this is copy 2,medium,,
97,data_quality,order_reviews,7214,8ee90ac383cf825bb7f4756130d4e74a,,duplicate_key,key (review_id) appears 2 times; this is copy 2,medium,,
98,data_quality,order_reviews,7806,d433c252647c51309432ca0b763f969b,,duplicate_key,key (review_id) appears 2 times; this is copy 2,medium,,
99,data_quality,order_reviews,9014,03a6a25db577d0689440933055111897,,duplicate_key,key (review_id) appears 2 times; this is copy 2,medium,,
100,data_quality,order_reviews,9388,7168439a7228c5684a494116c1c8da5f,,duplicate_key,key (review_id) appears 2 times; this is copy 2,medium,,
101,data_quality,order_reviews,9875,e74f725def896ab2694ac05b8af4f78e,,duplicate_key,key (review_id) appears 2 times; this is copy 2,medium,,
102,data_quality,order_reviews,10113,ddc52555ca27b0fe67d5255147682d2d,,duplicate_key,key (review_id) appears 3 times; this is copy 2,medium,,
103,data_quality,order_reviews,10118,1f97f75959fdde611d52fde0a4ef310c,,duplicate_key,key (review_id) appears 2 times; this is copy 2,medium,,
104,data_quality,order_reviews,10853,1c0c84f0e3132c3af0a17f0aa4987879,,duplicate_key,key (review_id) appears 2 times; this is copy 2,medium,,
105,data_quality,order_reviews,11624,1708c3eec64152cb52fe56bb3abcf257,,duplicate_key,key (review_id) appears 2 times; this is copy 2,medium,,
106,data_quality,order_reviews,12207,5b2f15f365071176921ab2edbac6382b,,duplicate_key,key (review_id) appears 2 times; this is copy 2,medium,,
107,data_quality,order_reviews,12474,6b1de94de0f4bd84dfc4136818242faa,,duplicate_key,key (review_id) appears 2 times; this is copy 2,medium,,
108,data_quality,order_reviews,12847,dee99e8f4e061e8691d64d525bf3dbf4,,duplicate_key,key (review_id) appears 2 times; this is copy 2,medium,,
109,data_quality,order_reviews,13396,6a3fba82de14232496691b56554a7cc9,,duplicate_key,key (review_id) appears 2 times; this is copy 2,medium,,
110,data_quality,order_reviews,13879,5d1f78d752c653e019bd07cc48106300,,duplicate_key,key (review_id) appears 2 times; this is copy 2,medium,,
111,data_quality,order_reviews,13983,72a1098d5b410ae50fbc0509d26daeb9,,duplicate_key,key (review_id) appears 2 times; this is copy 2,medium,,
112,data_quality,order_reviews,14207,1f5aa5d7c3ee7895e4d223797b5a5f2d,,duplicate_key,key (review_id) appears 2 times; this is copy 2,medium,,
113,data_quality,order_reviews,14801,9216f81424452eb18e3ad1bb6f4a5028,,duplicate_key,key (review_id) appears 2 times; this is copy 2,medium,,
114,data_quality,order_reviews,15216,5fbdc041e0938773613c1a6fbbf7b62a,,duplicate_key,key (review_id) appears 2 times; this is copy 2,medium,,
115,data_quality,order_reviews,15470,4d0e6dd087008d1f992d25ef6e1f619f,,duplicate_key,key (review_id) appears 3 times; this is copy 2,medium,,
116,data_quality,order_reviews,15723,168b708c0e1d90f89c9737b1160121d6,,duplicate_key,key (review_id) appears 2 times; this is copy 2,medium,,
117,data_quality,order_reviews,15732,5395e388be6105b6a76ddcce4557356f,,duplicate_key,key (review_id) appears 2 times; this is copy 2,medium,,
118,data_quality,order_reviews,16603,dc73cfa11ed97e1cbf8f4c6d627cd07f,,duplicate_key,key (review_id) appears 2 times; this is copy 2,medium,,
119,data_quality,order_reviews,17725,4ba5b0ecd10c4a46a58493b5ab2547f6,,duplicate_key,key (review_id) appears 2 times; this is copy 2,medium,,
120,data_quality,order_reviews,17976,af15656eeba4c78a74c5c24acaf4bdf8,,duplicate_key,key (review_id) appears 2 times; this is copy 2,medium,,
121,data_quality,order_reviews,18909,e18443b78ee9f058912366f8a01c397a,,duplicate_key,key (review_id) appears 2 times; this is copy 2,medium,,
122,data_quality,order_reviews,19220,93f58f5b658e3b49be2cd83f02a01a9c,,duplicate_key,key (review_id) appears 2 times; this is copy 2,medium,,
123,data_quality,order_reviews,19291,e8ea3d83611914b5a445adbdd5c37072,,duplicate_key,key (review_id) appears 2 times; this is copy 2,medium,,
124,data_quality,order_reviews,20217,58f1655df206a9a40482b929b81ee671,,duplicate_key,key (review_id) appears 2 times; this is copy 2,medium,,
125,data_quality,order_reviews,20521,c141e288b3722caeb717911e52fee32f,,duplicate_key,key (review_id) appears 2 times; this is copy 2,medium,,
126,data_quality,order_reviews,20546,98a3d398350fe29005e23133e52dbe46,,duplicate_key,key (review_id) appears 2 times; this is copy 2,medium,,
127,data_quality,order_reviews,20898,29aeeca2ed21aedc552cc21421eeb983,,duplicate_key,key (review_id) appears 2 times; this is copy 2,medium,,
128,data_quality,order_reviews,21068,91e35f707b1826ab431e01cdbf99c499,,duplicate_key,key (review_id) appears 2 times; this is copy 2,medium,,
129,data_quality,order_reviews,21080,7f7241edd813156265f1fc98b45c1a34,,duplicate_key,key (review_id) appears 2 times; this is copy 2,medium,,
130,data_quality,order_reviews,21386,e7525e7024b45b94e8717a443bca7c80,,duplicate_key,key (review_id) appears 2 times; this is copy 2,medium,,
131,data_quality,order_reviews,21541,b10bf5bceb43b520dd47eb94e0543618,,duplicate_key,key (review_id) appears 2 times; this is copy 2,medium,,
132,data_quality,order_reviews,21575,7608bd14fa5ab97454ee5bd300859d49,,duplicate_key,key (review_id) appears 2 times; this is copy 2,medium,,
133,data_quality,order_reviews,21695,f157e7b51b9b8b49472e0021999c50e3,,duplicate_key,key (review_id) appears 2 times; this is copy 2,medium,,
134,data_quality,order_reviews,22165,e7fe983abe23c4a31196a9f48576e1da,,duplicate_key,key (review_id) appears 2 times; this is copy 2,medium,,
135,data_quality,order_reviews,22424,2a74b0559eb58fc1ff842ecc999594cb,,duplicate_key,key (review_id) appears 2 times; this is copy 2,medium,,
136,data_quality,order_reviews,22441,5c4bd938f98283c5d7145a9d25a89c3e,,duplicate_key,key (review_id) appears 2 times; this is copy 2,medium,,
137,data_quality,order_reviews,22605,dbcd48d3ff3e8bc81c542ba3e20049cf,,duplicate_key,key (review_id) appears 2 times; this is copy 2,medium,,
138,data_quality,order_reviews,23174,3ccaf62c97a552b72296f6c84d6ecf22,,duplicate_key,key (review_id) appears 2 times; this is copy 2,medium,,
139,data_quality,order_reviews,23401,443fb044ca5f287b04747fb17799dbc1,,duplicate_key,key (review_id) appears 2 times; this is copy 2,medium,,
140,data_quality,order_reviews,23430,0ad57b9e68d4d34814464772b6de54fe,,duplicate_key,key (review_id) appears 2 times; this is copy 2,medium,,
141,data_quality,order_reviews,23448,4704512417853a7c4d671e2053fbff60,,duplicate_key,key (review_id) appears 2 times; this is copy 2,medium,,
142,data_quality,order_reviews,24016,17592266cd3216a98665ebfd6365843a,,duplicate_key,key (review_id) appears 2 times; this is copy 2,medium,,
143,data_quality,order_reviews,24328,5683a7ab773b86997d721db935349af7,,duplicate_key,key (review_id) appears 2 times; this is copy 2,medium,,
144,data_quality,order_reviews,24469,1ce9388b1a3ad76f5f1a64f208a90fce,,duplicate_key,key (review_id) appears 2 times; this is copy 2,medium,,
145,data_quality,order_reviews,24902,0467560f511c516ddaa54a60edb0c291,,duplicate_key,key (review_id) appears 2 times; this is copy 2,medium,,
146,data_quality,order_reviews,25542,4a6317eb7a62f385f1202165b7837f99,,duplicate_key,key (review_id) appears 2 times; this is copy 2,medium,,
147,data_quality,order_reviews,25711,d2e082eed93b61c9b12bea55541b2e70,,duplicate_key,key (review_id) appears 2 times; this is copy 2,medium,,
148,data_quality,order_reviews,26468,8fc3ad1229b19f354e7996b447111458,,duplicate_key,key (review_id) appears 2 times; this is copy 2,medium,,
149,data_quality,order_reviews,26472,b118cdef6c3c167e2c6b4db66a80c9f6,,duplicate_key,key (review_id) appears 2 times; this is copy 2,medium,,
150,data_quality,order_reviews,26928,38c0403dd24d46978ae5d66045015c20,,duplicate_key,key (review_id) appears 2 times; this is copy 2,medium,,
151,data_quality,order_reviews,27357,a0a641414ff718ca079b3967ef5c2495,,duplicate_key,key (review_id) appears 2 times; this is copy 2,medium,,
152,data_quality,order_reviews,27667,2d6ac45f859465b5c185274a1c929637,,duplicate_key,key (review_id) appears 3 times; this is copy 2,medium,,
153,data_quality,order_reviews,27868,6e84fd239446f313d8f4edba164a4d3b,,duplicate_key,key (review_id) appears 2 times; this is copy 2,medium,,
154,data_quality,order_reviews,28135,a8b63e1292141b8158d2f87355b15686,,duplicate_key,key (review_id) appears 2 times; this is copy 2,medium,,
155,data_quality,order_reviews,28228,ce03164d2a5dab475d695861cfda24ac,,duplicate_key,key (review_id) appears 2 times; this is copy 2,medium,,
156,data_quality,order_reviews,28285,39b4603793c1c7f5f36d809b4a218664,,duplicate_key,key (review_id) appears 3 times; this is copy 2,medium,,
157,data_quality,order_reviews,28480,dbcd301b59c7e85e61c10afd146e68ad,,duplicate_key,key (review_id) appears 2 times; this is copy 2,medium,,
158,data_quality,order_reviews,28493,5fd4f9ee064426dbf060c2d18b0afe59,,duplicate_key,key (review_id) appears 2 times; this is copy 2,medium,,
159,data_quality,order_reviews,28599,2172867fd5b1a55f98fe4608e1547b4b,,duplicate_key,key (review_id) appears 3 times; this is copy 2,medium,,
160,data_quality,order_reviews,29083,a6af20bc9e7fdd6740c3f9f335589bd5,,duplicate_key,key (review_id) appears 2 times; this is copy 2,medium,,
161,data_quality,order_reviews,29315,c7528903f66f3c8400f50ae8525e77f6,,duplicate_key,key (review_id) appears 2 times; this is copy 2,medium,,
162,data_quality,order_reviews,29699,4994fe478b3f3ebda4db5988f417b6a4,,duplicate_key,key (review_id) appears 2 times; this is copy 2,medium,,
163,data_quality,order_reviews,30025,53bc8e44d08f9b9422623f05b80557eb,,duplicate_key,key (review_id) appears 2 times; this is copy 2,medium,,
164,data_quality,order_reviews,30426,aa193e76d35950c4ae988237bb36ed2b,,duplicate_key,key (review_id) appears 2 times; this is copy 2,medium,,
165,data_quality,order_reviews,30603,1b5dc3da2372e9bb5518cd37cd9a9354,,duplicate_key,key (review_id) appears 2 times; this is copy 2,medium,,
166,data_quality,order_reviews,30654,4b260124c37fa1631a516b19eeee2558,,duplicate_key,key (review_id) appears 2 times; this is copy 2,medium,,
167,data_quality,order_reviews,30798,32e2c7e889f7a185d462265398ee3631,,duplicate_key,key (review_id) appears 2 times; this is copy 2,medium,,
168,data_quality,order_reviews,30912,938a61beb270ef1e023813b73378f65a,,duplicate_key,key (review_id) appears 2 times; this is copy 2,medium,,
169,data_quality,order_reviews,31000,eb82f6647ce6827e2951492213ca4306,,duplicate_key,key (review_id) appears 2 times; this is copy 2,medium,,
170,data_quality,order_reviews,31234,7acb6477e7025fa71787fb54e99a4609,,duplicate_key,key (review_id) appears 2 times; this is copy 2,medium,,
171,data_quality,order_reviews,31580,ab0abebc25981f01b696983460927f44,,duplicate_key,key (review_id) appears 2 times; this is copy 2,medium,,
172,data_quality,order_reviews,31841,fb962e0e8c73e6e359ce7d34de8571ed,,duplicate_key,key (review_id) appears 2 times; this is copy 2,medium,,
173,data_quality,order_reviews,32138,957011305e7a4b6c8a266eeeb8e0316d,,duplicate_key,key (review_id) appears 2 times; this is copy 2,medium,,
174,data_quality,order_reviews,32265,6689aabfeb781e9fc59aceb91b5de579,,duplicate_key,key (review_id) appears 2 times; this is copy 2,medium,,
175,data_quality,order_reviews,32314,34f483bf183f8b73aa2d672913bf2665,,duplicate_key,key (review_id) appears 2 times; this is copy 2,medium,,
176,data_quality,order_reviews,32369,277f94dbeb08157d18262e06d71d9fd6,,duplicate_key,key (review_id) appears 2 times; this is copy 2,medium,,
177,data_quality,order_reviews,32979,3d635999da844a3b3e463959a0aff863,,duplicate_key,key (review_id) appears 2 times; this is copy 2,medium,,
178,data_quality,order_reviews,33009,0c0b58839bdc7b7d49396ddf94a3dbf7,,duplicate_key,key (review_id) appears 2 times; this is copy 2,medium,,
179,data_quality,order_reviews,33046,61bb221369ffa0c6b0df900f97c5062b,,duplicate_key,key (review_id) appears 2 times; this is copy 2,medium,,
180,data_quality,order_reviews,33345,ef60daa08e71f279bffca277370f205f,,duplicate_key,key (review_id) appears 2 times; this is copy 2,medium,,
181,data_quality,order_reviews,33487,09534ea272eea99209ff37c5c348ceb1,,duplicate_key,key (review_id) appears 2 times; this is copy 2,medium,,
182,data_quality,order_reviews,33514,67e4e1e5a5f1e9f133b7e92eff1509de,,duplicate_key,key (review_id) appears 2 times; this is copy 2,medium,,
183,data_quality,order_reviews,33520,8fca97544a1d5a56a7077b1b9f9c6df7,,duplicate_key,key (review_id) appears 2 times; this is copy 2,medium,,
184,data_quality,order_reviews,33558,3225ad63cdb1fe7eac9ab4430b078729,,duplicate_key,key (review_id) appears 2 times; this is copy 2,medium,,
185,data_quality,order_reviews,33585,eb8d43b4f99e45d3c7a08abd8ef1ff41,,duplicate_key,key (review_id) appears 2 times; this is copy 2,medium,,
186,data_quality,order_reviews,33630,0c76e7a547a531e7bf9f0b99cba071c1,,duplicate_key,key (review_id) appears 3 times; this is copy 2,medium,,
187,data_quality,order_reviews,33784,da8e936bc2f1b52ec626f8aa41f3df44,,duplicate_key,key (review_id) appears 2 times; this is copy 2,medium,,
188,data_quality,order_reviews,33839,38edbd0493567c84669b17cf6f7eda43,,duplicate_key,key (review_id) appears 2 times; this is copy 2,medium,,
189,data_quality,order_reviews,33872,6fbd8ef5367bd723d426167e479c7326,,duplicate_key,key (review_id) appears 2 times; this is copy 2,medium,,
190,data_quality,order_reviews,34379,1bda8c20e199f7c2e9a342600031518b,,duplicate_key,key (review_id) appears 2 times; this is copy 2,medium,,
191,data_quality,order_reviews,35053,38821b5c496b678cf91acc34892805ad,,duplicate_key,key (review_id) appears 3 times; this is copy 2,medium,,
192,data_quality,order_reviews,35169,ad3f9e9799311af6791551c7eef23c3f,,duplicate_key,key (review_id) appears 2 times; this is copy 2,medium,,
193,data_quality,order_reviews,35314,3d0cc61574522a451f6e5b477ca09e8b,,duplicate_key,key (review_id) appears 2 times; this is copy 2,medium,,
194,data_quality,order_reviews,36019,b06f6882b1c0bc82ddf057b58b86fe50,,duplicate_key,key (review_id) appears 2 times; this is copy 2,medium,,
195,data_quality,order_reviews,36085,9dc50077272395ec4c7dcf0ff89be4fa,,duplicate_key,key (review_id) appears 2 times; this is copy 2,medium,,
196,data_quality,order_reviews,36202,45166fd675ed78120b1498e4d7c2f333,,duplicate_key,key (review_id) appears 2 times; this is copy 2,medium,,
197,data_quality,order_reviews,36238,87765b23585f0c7389fd2c0b7cf512eb,,duplicate_key,key (review_id) appears 2 times; this is copy 2,medium,,
198,data_quality,order_reviews,36303,3415c9f764e478409e8e0660ae816dd2,,duplicate_key,key (review_id) appears 3 times; this is copy 2,medium,,
199,data_quality,order_reviews,36316,5b5d6671a9a749006c26373a40707158,,duplicate_key,key (review_id) appears 2 times; this is copy 2,medium,,
200,data_quality,order_reviews,36368,4812973f7fb59a488cb5fcbafe275581,,duplicate_key,key (review_id) appears 2 times; this is copy 2,medium,,
201,data_quality,order_reviews,36454,a169c853a5ba10abfccb9c9afb06aa60,,duplicate_key,key (review_id) appears 2 times; this is copy 2,medium,,
202,data_quality,order_reviews,36724,a415eb02f75f3d58656205abe002362a,,duplicate_key,key (review_id) appears 2 times; this is copy 2,medium,,
203,data_quality,order_reviews,36890,ce1c2770d9a0f9e3742fc266bd52f4ff,,duplicate_key,key (review_id) appears 2 times; this is copy 2,medium,,
204,data_quality,order_reviews,37057,7828e22ec7f3dd35459e18424c08e4ae,,duplicate_key,key (review_id) appears 2 times; this is copy 2,medium,,
205,data_quality,order_reviews,37166,79dcf23d0e5af84254760b5e8af526fa,,duplicate_key,key (review_id) appears 2 times; this is copy 2,medium,,
206,data_quality,order_reviews,37222,33763e6ea36a4a0087d02e5945ff2ac5,,duplicate_key,key (review_id) appears 2 times; this is copy 2,medium,,
207,data_quality,order_reviews,37244,4f01834baa95e8393c109248cc1fdcf9,,duplicate_key,key (review_id) appears 2 times; this is copy 2,medium,,
208,data_quality,order_reviews,37248,5f35bbde2b32b8617aab15b7a9a0ae24,,duplicate_key,key (review_id) appears 2 times; this is copy 2,medium,,
209,data_quality,order_reviews,37351,34fd85f78afc5ef394e8c14630a9975b,,duplicate_key,key (review_id) appears 2 times; this is copy 2,medium,,
210,data_quality,order_reviews,37490,65d0c6182ac939c3f1bd8fa7b988d84c,,duplicate_key,key (review_id) appears 2 times; this is copy 2,medium,,
211,data_quality,order_reviews,37693,1ed134d3e8e587c1589c338712516757,,duplicate_key,key (review_id) appears 2 times; this is copy 2,medium,,
212,data_quality,order_reviews,37863,83d90d9dd2cc90dc50094208d8b29ad7,,duplicate_key,key (review_id) appears 2 times; this is copy 2,medium,,
213,data_quality,order_reviews,37922,6a6275671468d945f74a45201293fdf6,,duplicate_key,key (review_id) appears 2 times; this is copy 2,medium,,
214,data_quality,order_reviews,38206,41db81cd434405d8fbaa0d80ec2d0d75,,duplicate_key,key (review_id) appears 2 times; this is copy 2,medium,,
215,data_quality,order_reviews,38538,95a3135743556b117d888cc8c6e12e11,,duplicate_key,key (review_id) appears 2 times; this is copy 2,medium,,
216,data_quality,order_reviews,38684,34869475882b0744a95d4e899b36b47a,,duplicate_key,key (review_id) appears 2 times; this is copy 2,medium,,
217,data_quality,order_reviews,38972,fc906850133b4a339e3aad7b79dbfa7a,,duplicate_key,key (review_id) appears 2 times; this is copy 2,medium,,
218,data_quality,order_reviews,38994,832acec9bbf4efe65c3fb6423d8b4ed7,,duplicate_key,key (review_id) appears 3 times; this is copy 2,medium,,
219,data_quality,order_reviews,39208,5a7142e97f58c992e5c19043f70ac1c5,,duplicate_key,key (review_id) appears 2 times; this is copy 2,medium,,
220,data_quality,order_reviews,39237,c6ed72f40a24e23a3f2defb72238d1f9,,duplicate_key,key (review_id) appears 2 times; this is copy 2,medium,,
221,data_quality,order_reviews,39304,724539bf8668b7cf318df67996dc8718,,duplicate_key,key (review_id) appears 2 times; this is copy 2,medium,,
222,data_quality,order_reviews,39366,ac24486e719028c654916b3aa2419a50,,duplicate_key,key (review_id) appears 2 times; this is copy 2,medium,,
223,data_quality,order_reviews,39456,d8949cc65047d1fb816ac8c2500ad4b1,,duplicate_key,key (review_id) appears 2 times; this is copy 2,medium,,
224,data_quality,order_reviews,39631,2e19e3dd6600cd67f04d70845b6f6994,,duplicate_key,key (review_id) appears 2 times; this is copy 2,medium,,
225,data_quality,order_reviews,39746,60b24f8ff7973a143b7a780ef137d9d2,,duplicate_key,key (review_id) appears 2 times; this is copy 2,medium,,
226,data_quality,order_reviews,39772,ee98027b0a42bbca147223bc9e82a436,,duplicate_key,key (review_id) appears 2 times; this is copy 2,medium,,
227,data_quality,order_reviews,39869,b8fdaa6fa509bd1405ee9cdb71258f64,,duplicate_key,key (review_id) appears 2 times; this is copy 2,medium,,
228,data_quality,order_reviews,39892,bff91b51121145df3db3813f460ef27c,,duplicate_key,key (review_id) appears 2 times; this is copy 2,medium,,
229,data_quality,order_reviews,39951,08528f70f579f0c830189efc523d2182,,duplicate_key,key (review_id) appears 3 times; this is copy 2,medium,,
230,data_quality,order_reviews,39959,867f7f9b39b491fac595bc4590a182de,,duplicate_key,key (review_id) appears 2 times; this is copy 2,medium,,
231,data_quality,order_reviews,40025,10398bad17ab17c451c39a0b2c47464c,,duplicate_key,key (review_id) appears 2 times; this is copy 2,medium,,
232,data_quality,order_reviews,40169,dcecf8e3ba584a9ebe49439490a914bb,,duplicate_key,key (review_id) appears 2 times; this is copy 2,medium,,
233,data_quality,order_reviews,40379,fe5c833752953fed3209646f1f63b53c,,duplicate_key,key (review_id) appears 2 times; this is copy 2,medium,,
234,data_quality,order_reviews,40538,561fea58ddff8654c7f076c4d1e91454,,duplicate_key,key (review_id) appears 2 times; this is copy 2,medium,,
235,data_quality,order_reviews,40636,3742fa4653c19fba02ef5d76e593659f,,duplicate_key,key (review_id) appears 2 times; this is copy 2,medium,,
236,data_quality,order_reviews,40647,ddacc3ef27deefcbf5c3d7565a1e6270,,duplicate_key,key (review_id) appears 2 times; this is copy 2,medium,,
237,data_quality,order_reviews,40720,a20c24976e5130fdc8ac993ecd6b649b,,duplicate_key,key (review_id) appears 2 times; this is copy 2,medium,,
238,data_quality,order_reviews,40810,699b21c7a26472e4032adf124631dc04,,duplicate_key,key (review_id) appears 2 times; this is copy 2,medium,,
239,data_quality,order_reviews,41098,0f45a7a6cab5ac1c9cc25ce1eb2357d2,,duplicate_key,key (review_id) appears 2 times; this is copy 2,medium,,
240,data_quality,order_reviews,41171,71c578d79c27a6b55335ac05d30f0cd5,,duplicate_key,key (review_id) appears 2 times; this is copy 2,medium,,
241,data_quality,order_reviews,41736,f24e1946d658c13928818f1a73b6d899,,duplicate_key,key (review_id) appears 2 times; this is copy 2,medium,,
242,data_quality,order_reviews,41752,8e82db2cf69e84e85e7d15e888d0790a,,duplicate_key,key (review_id) appears 2 times; this is copy 2,medium,,
243,data_quality,order_reviews,41877,25bcfebfae00729120768fd9654048ae,,duplicate_key,key (review_id) appears 2 times; this is copy 2,medium,,
244,data_quality,order_reviews,41955,64180c2c7916ed488bcb592f0f4b4921,,duplicate_key,key (review_id) appears 2 times; this is copy 2,medium,,
245,data_quality,order_reviews,42145,93b68340651eee033046dcdd7520d70e,,duplicate_key,key (review_id) appears 2 times; this is copy 2,medium,,
246,data_quality,order_reviews,42178,9da0796858da97acd8b67578388a3241,,duplicate_key,key (review_id) appears 2 times; this is copy 2,medium,,
247,data_quality,order_reviews,42501,39b4603793c1c7f5f36d809b4a218664,,duplicate_key,key (review_id) appears 3 times; this is copy 3,medium,,
248,data_quality,order_reviews,42636,167b40b617e650de2c473d70baae2e65,,duplicate_key,key (review_id) appears 2 times; this is copy 2,medium,,
249,data_quality,order_reviews,42690,58f9cb8d071bee7afeed8f986ca6dcc7,,duplicate_key,key (review_id) appears 2 times; this is copy 2,medium,,
250,data_quality,order_reviews,42693,ce78834d279d1ef82c477f40ce51fdb7,,duplicate_key,key (review_id) appears 2 times; this is copy 2,medium,,
251,data_quality,order_reviews,42871,f56e0a08e5f3df2afdc49b16eb4393db,,duplicate_key,key (review_id) appears 2 times; this is copy 2,medium,,
252,data_quality,order_reviews,43006,ad5b5b2868cf74d9d9718095c982a341,,duplicate_key,key (review_id) appears 2 times; this is copy 2,medium,,
253,data_quality,order_reviews,43081,90367ad2293f2aa1e402c2f98e14c774,,duplicate_key,key (review_id) appears 2 times; this is copy 2,medium,,
254,data_quality,order_reviews,43201,cc0866defe6eebb3092f368f9b057758,,duplicate_key,key (review_id) appears 2 times; this is copy 2,medium,,
255,data_quality,order_reviews,43484,eb2b5d41303bf3618fab48f50a521cd0,,duplicate_key,key (review_id) appears 2 times; this is copy 2,medium,,
256,data_quality,order_reviews,43592,9d7b240dff5539983f5def389e2c1bf7,,duplicate_key,key (review_id) appears 2 times; this is copy 2,medium,,
257,data_quality,order_reviews,43898,c444278834184f72b1484dfe47de7f97,,duplicate_key,key (review_id) appears 3 times; this is copy 2,medium,,
258,data_quality,order_reviews,43971,ac1c3843ce235505ac4e69b5f343afc7,,duplicate_key,key (review_id) appears 2 times; this is copy 2,medium,,
259,data_quality,order_reviews,44132,5f903b17c605fe524ddd11b30d1c5ca6,,duplicate_key,key (review_id) appears 2 times; this is copy 2,medium,,
260,data_quality,order_reviews,45027,7d1a556b31dc7aac846bb8d3fae643c1,,duplicate_key,key (review_id) appears 2 times; this is copy 2,medium,,
261,data_quality,order_reviews,45087,258dc67e9f3802ef26a0ac367bbd8159,,duplicate_key,key (review_id) appears 2 times; this is copy 2,medium,,
262,data_quality,order_reviews,45391,24a60a24e0fd528dc4386386310a90cb,,duplicate_key,key (review_id) appears 2 times; this is copy 2,medium,,
263,data_quality,order_reviews,45435,ddc52555ca27b0fe67d5255147682d2d,,duplicate_key,key (review_id) appears 3 times; this is copy 3,medium,,
264,data_quality,order_reviews,45491,f655b6e860fd2fca8dc258549c5d2a7c,,duplicate_key,key (review_id) appears 2 times; this is copy 2,medium,,
265,data_quality,order_reviews,45867,3c6c87497f43589617a026ffffda58b0,,duplicate_key,key (review_id) appears 2 times; this is copy 2,medium,,
266,data_quality,order_reviews,45914,6588d98c89e1f7c5b64c20e8cc2c53df,,duplicate_key,key (review_id) appears 2 times; this is copy 2,medium,,
267,data_quality,order_reviews,46166,da8cfde4680e1c20dbf6bdea4a3f83b1,,duplicate_key,key (review_id) appears 2 times; this is copy 2,medium,,
268,data_quality,order_reviews,46260,b2f4b8113f63fac9a23ed52aaf8705ad,,duplicate_key,key (review_id) appears 2 times; this is copy 2,medium,,
269,data_quality,order_reviews,46506,50134208a6947de1580ed3f0106ea24e,,duplicate_key,key (review_id) appears 2 times; this is copy 2,medium,,
270,data_quality,order_reviews,46679,00130cbe1f9d422698c812ed8ded1919,,duplicate_key,key (review_id) appears 2 times; this is copy 2,medium,,
271,data_quality,order_reviews,46863,c880f17947402374c0312bea411a7e18,,duplicate_key,key (review_id) appears 2 times; this is copy 2,medium,,
272,data_quality,order_reviews,46885,13cc14a5f7a442a1ecce8f32b463e242,,duplicate_key,key (review_id) appears 2 times; this is copy 2,medium,,
273,data_quality,order_reviews,47199,1fb4ddc969e6bea80e38deec00393a6f,,duplicate_key,key (review_id) appears 3 times; this is copy 2,medium,,
274,data_quality,order_reviews,47258,1b8df55d40e129a4003858afb671129c,,duplicate_key,key (review_id) appears 2 times; this is copy 2,medium,,
275,data_quality,order_reviews,47269,c5976a5a98e854fb23d7e03c6754ae60,,duplicate_key,key (review_id) appears 2 times; this is copy 2,medium,,
276,data_quality,order_reviews,47347,1fb4ddc969e6bea80e38deec00393a6f,,duplicate_key,key (review_id) appears 3 times; this is copy 3,medium,,
277,data_quality,order_reviews,47442,13d45c97ae78e0ef1361835b8944b7b0,,duplicate_key,key (review_id) appears 2 times; this is copy 2,medium,,
278,data_quality,order_reviews,47477,5e728b72bbe8e793ad1c12e93a9fe9aa,,duplicate_key,key (review_id) appears 2 times; this is copy 2,medium,,
279,data_quality,order_reviews,47624,873a5bc219517a3b5cde7782127cd823,,duplicate_key,key (review_id) appears 2 times; this is copy 2,medium,,
280,data_quality,order_reviews,47651,46162122dd7ecd5f596287bccd249574,,duplicate_key,key (review_id) appears 2 times; this is copy 2,medium,,
281,data_quality,order_reviews,47677,5710a8cfcb822bc6f62ece1753b11786,,duplicate_key,key (review_id) appears 2 times; this is copy 2,medium,,
282,data_quality,order_reviews,47826,e80e9b305e64fd907e9a8e2eae389d9a,,duplicate_key,key (review_id) appears 2 times; this is copy 2,medium,,
283,data_quality,order_reviews,47891,e8f7dfaf855afb7c0bbc3b55c25d31e3,,duplicate_key,key (review_id) appears 2 times; this is copy 2,medium,,
284,data_quality,order_reviews,48120,d80901b6ca88bfc45aaf3778c12ca200,,duplicate_key,key (review_id) appears 2 times; this is copy 2,medium,,
285,data_quality,order_reviews,48181,5f05184cbcf379ca2baee7dba663e3f5,,duplicate_key,key (review_id) appears 2 times; this is copy 2,medium,,
286,data_quality,order_reviews,48240,e44840754f12fad2b8646712121b349a,,duplicate_key,key (review_id) appears 3 times; this is copy 2,medium,,
287,data_quality,order_reviews,48442,a9e7240e60a23808017a3fee4a521584,,duplicate_key,key (review_id) appears 2 times; this is copy 2,medium,,
288,data_quality,order_reviews,48447,2cef8ea456a6210da27879af5b05a82b,,duplicate_key,key (review_id) appears 2 times; this is copy 2,medium,,
289,data_quality,order_reviews,48451,601798aaf8bd13bdb3b80732a36b13c8,,duplicate_key,key (review_id) appears 2 times; this is copy 2,medium,,
290,data_quality,order_reviews,48492,260893353c2400249d80dcd57f34b1cb,,duplicate_key,key (review_id) appears 2 times; this is copy 2,medium,,
291,data_quality,order_reviews,48655,d8a302244615111a0399d88db9916fd2,,duplicate_key,key (review_id) appears 2 times; this is copy 2,medium,,
292,data_quality,order_reviews,48712,74b70fca2be61f4bd1b016aa2c3666a7,,duplicate_key,key (review_id) appears 2 times; this is copy 2,medium,,
293,data_quality,order_reviews,48745,aaa5fba9e8840f7ea9a68f4e2c6efa0e,,duplicate_key,key (review_id) appears 2 times; this is copy 2,medium,,
294,data_quality,order_reviews,48920,85c3fab7771ced653dbe847f5aeff215,,duplicate_key,key (review_id) appears 2 times; this is copy 2,medium,,
295,data_quality,order_reviews,48989,503f74ff295077771fc38f47e8d2764d,,duplicate_key,key (review_id) appears 2 times; this is copy 2,medium,,
296,data_quality,order_reviews,49074,dc7a14d3e1984bfc11b484b841697096,,duplicate_key,key (review_id) appears 2 times; this is copy 2,medium,,
297,data_quality,order_reviews,49099,ca8e5e40f55fbffaa631de686b627dde,,duplicate_key,key (review_id) appears 2 times; this is copy 2,medium,,
298,data_quality,order_reviews,49112,7047658ce9534af36e44e0c0f8b8af04,,duplicate_key,key (review_id) appears 2 times; this is copy 2,medium,,
299,data_quality,order_reviews,49198,aa12009c1431a5e767b682c2a8a4d6e4,,duplicate_key,key (review_id) appears 2 times; this is copy 2,medium,,
300,data_quality,order_reviews,49262,f3b4c0f29e58c71d20f64876f5099617,,duplicate_key,key (review_id) appears 2 times; this is copy 2,medium,,
301,data_quality,order_reviews,49538,dbdf1ea31790c8ecfcc6750525661a9b,,duplicate_key,key (review_id) appears 3 times; this is copy 2,medium,,
302,data_quality,order_reviews,49604,b0f9a0e44435051de426b180a630a0b4,,duplicate_key,key (review_id) appears 2 times; this is copy 2,medium,,
303,data_quality,order_reviews,49654,355e9ba6b4c5e50226766fd394a0382c,,duplicate_key,key (review_id) appears 2 times; this is copy 2,medium,,
304,data_quality,order_reviews,50090,830636803620cdf8b6ffaf1b2f6e92b2,,duplicate_key,key (review_id) appears 2 times; this is copy 2,medium,,
305,data_quality,order_reviews,50203,4d0e6dd087008d1f992d25ef6e1f619f,,duplicate_key,key (review_id) appears 3 times; this is copy 3,medium,,
306,data_quality,order_reviews,50287,d6d5c4f6a64c5fccf2c3b7bbbe6143b2,,duplicate_key,key (review_id) appears 2 times; this is copy 2,medium,,
307,data_quality,order_reviews,50518,0655af56f10bc3ef8e3810610828f294,,duplicate_key,key (review_id) appears 2 times; this is copy 2,medium,,
308,data_quality,order_reviews,50646,f0b3200e9e35b724fcee709f7a98a1c4,,duplicate_key,key (review_id) appears 2 times; this is copy 2,medium,,
309,data_quality,order_reviews,50723,260ee32afa3b7b9ed9bc283449dfab75,,duplicate_key,key (review_id) appears 2 times; this is copy 2,medium,,
310,data_quality,order_reviews,50829,83b255536c31bd6ce651d89102b19b0a,,duplicate_key,key (review_id) appears 2 times; this is copy 2,medium,,
311,data_quality,order_reviews,50923,78fec6121d6f0d54bcbb5369004a09ab,,duplicate_key,key (review_id) appears 2 times; this is copy 2,medium,,
312,data_quality,order_reviews,50989,f70f402d86f92d77041149794ef636a5,,duplicate_key,key (review_id) appears 2 times; this is copy 2,medium,,
313,data_quality,order_reviews,50993,a6f0d222db54744afc8e7cc7c9c2bbc5,,duplicate_key,key (review_id) appears 2 times; this is copy 2,medium,,
314,data_quality,order_reviews,51208,6666d0fe60543025207c2b0abd2f8b71,,duplicate_key,key (review_id) appears 2 times; this is copy 2,medium,,
315,data_quality,order_reviews,51414,bda4a8bc609d9404fcea8b8b28a507eb,,duplicate_key,key (review_id) appears 2 times; this is copy 2,medium,,
316,data_quality,order_reviews,51451,5cf2a701def88cbc0317b30c867cd457,,duplicate_key,key (review_id) appears 2 times; this is copy 2,medium,,
317,data_quality,order_reviews,51528,f4bb9d6dd4fb6dcc2298f0e7b17b8e1e,,duplicate_key,key (review_id) appears 3 times; this is copy 2,medium,,
318,data_quality,order_reviews,51713,d7396fb0a95a02954cbbd5c26fb02694,,duplicate_key,key (review_id) appears 2 times; this is copy 2,medium,,
319,data_quality,order_reviews,51778,4c296fc936ca8810d2b488cb1b712626,,duplicate_key,key (review_id) appears 2 times; this is copy 2,medium,,
320,data_quality,order_reviews,51913,6c1811c8b159a48818c8740ec1ef5ad8,,duplicate_key,key (review_id) appears 2 times; this is copy 2,medium,,
321,data_quality,order_reviews,51944,6b79162437780349e0bb95bd45b46b32,,duplicate_key,key (review_id) appears 2 times; this is copy 2,medium,,
322,data_quality,order_reviews,51946,11912dbae5f169782098a20fc51c0b33,,duplicate_key,key (review_id) appears 2 times; this is copy 2,medium,,
323,data_quality,order_reviews,52022,047fd109ced39e02296f6aeb74f6a6f1,,duplicate_key,key (review_id) appears 2 times; this is copy 2,medium,,
324,data_quality,order_reviews,52206,4316ba70446b0a1872c4a6659000dbe6,,duplicate_key,key (review_id) appears 2 times; this is copy 2,medium,,
325,data_quality,order_reviews,52340,6c06ac3750df49afd530abd1115cbf11,,duplicate_key,key (review_id) appears 2 times; this is copy 2,medium,,
326,data_quality,order_reviews,52797,4091fc400610482d68bc9ff4d030c9b6,,duplicate_key,key (review_id) appears 2 times; this is copy 2,medium,,
327,data_quality,order_reviews,52864,6e9bca18453897350cc1ad6c1bed49ef,,duplicate_key,key (review_id) appears 2 times; this is copy 2,medium,,
328,data_quality,order_reviews,53000,f7de3065e38d82bac9dcbd4929ddf722,,duplicate_key,key (review_id) appears 2 times; this is copy 2,medium,,
329,data_quality,order_reviews,53058,94a66e984d861076b3fba9a0902682a5,,duplicate_key,key (review_id) appears 2 times; this is copy 2,medium,,
330,data_quality,order_reviews,53099,a652d5461dfe27702887c38d372885a3,,duplicate_key,key (review_id) appears 2 times; this is copy 2,medium,,
331,data_quality,order_reviews,53102,e23230ec5f20c52dc6b9f7b26b791c4b,,duplicate_key,key (review_id) appears 2 times; this is copy 2,medium,,
332,data_quality,order_reviews,53433,95cfb15ad3477fec574b561d1daea972,,duplicate_key,key (review_id) appears 2 times; this is copy 2,medium,,
333,data_quality,order_reviews,53466,08a86da22498172adb6cefaa99fdfaf7,,duplicate_key,key (review_id) appears 2 times; this is copy 2,medium,,
334,data_quality,order_reviews,53468,d0c190673c5fa9787fe3aca7d88002e6,,duplicate_key,key (review_id) appears 2 times; this is copy 2,medium,,
335,data_quality,order_reviews,53662,308316408775d1600dad81bd3184556d,,duplicate_key,key (review_id) appears 3 times; this is copy 3,medium,,
336,data_quality,order_reviews,53741,b29c2e66b40603d57bf2ea07a7757b71,,duplicate_key,key (review_id) appears 2 times; this is copy 2,medium,,
337,data_quality,order_reviews,53955,c0e575f814bb8935cf171e3d84abe63b,,duplicate_key,key (review_id) appears 2 times; this is copy 2,medium,,
338,data_quality,order_reviews,53959,2172867fd5b1a55f98fe4608e1547b4b,,duplicate_key,key (review_id) appears 3 times; this is copy 3,medium,,
339,data_quality,order_reviews,53963,5476dd0eaee7c4e2725cafb011aa758c,,duplicate_key,key (review_id) appears 2 times; this is copy 2,medium,,
340,data_quality,order_reviews,54212,0ffae99e57188428340c206afb957a1c,,duplicate_key,key (review_id) appears 2 times; this is copy 2,medium,,
341,data_quality,order_reviews,54403,4f8d13f64ba0eeeeaac793133f265048,,duplicate_key,key (review_id) appears 2 times; this is copy 2,medium,,
342,data_quality,order_reviews,54513,73ee4a22d6266774e108026515180a22,,duplicate_key,key (review_id) appears 2 times; this is copy 2,medium,,
343,data_quality,order_reviews,54547,b5c66480c76e304e904cf9c16a883113,,duplicate_key,key (review_id) appears 2 times; this is copy 2,medium,,
344,data_quality,order_reviews,54557,bfed2e1c78028675ccb4a4dfbb8d5335,,duplicate_key,key (review_id) appears 2 times; this is copy 2,medium,,
345,data_quality,order_reviews,54660,6ad82d4d9d77c0fd2585930d8c2382e5,,duplicate_key,key (review_id) appears 2 times; this is copy 2,medium,,
346,data_quality,order_reviews,54757,a334abcb91df2132f817e0ae76ee5d55,,duplicate_key,key (review_id) appears 2 times; this is copy 2,medium,,
347,data_quality,order_reviews,54797,3390d5f386750545dba5deea21fbde3b,,duplicate_key,key (review_id) appears 2 times; this is copy 2,medium,,
348,data_quality,order_reviews,54836,4f224f6675cdf8c9bb07d4d6d6927e24,,duplicate_key,key (review_id) appears 2 times; this is copy 2,medium,,
349,data_quality,order_reviews,54920,7eeb2cbff212e6c311994d274bc1a149,,duplicate_key,key (review_id) appears 2 times; this is copy 2,medium,,
350,data_quality,order_reviews,55047,0c76e7a547a531e7bf9f0b99cba071c1,,duplicate_key,key (review_id) appears 3 times; this is copy 3,medium,,
351,data_quality,order_reviews,55138,61fe4e7d1ae801bbe169eb67b86c6eda,,duplicate_key,key (review_id) appears 2 times; this is copy 2,medium,,
352,data_quality,order_reviews,55153,c90c495e88650f64aca79bbb2daac46c,,duplicate_key,key (review_id) appears 2 times; this is copy 2,medium,,
353,data_quality,order_reviews,55263,be96880817b432a0cc5fd6083d521c10,,duplicate_key,key (review_id) appears 2 times; this is copy 2,medium,,
354,data_quality,order_reviews,55286,3fb33c49be4d375ddb15913bbb8c0f73,,duplicate_key,key (review_id) appears 2 times; this is copy 2,medium,,
355,data_quality,order_reviews,55336,4219a80ab469e3fc9901437b73da3f75,,duplicate_key,key (review_id) appears 3 times; this is copy 2,medium,,
356,data_quality,order_reviews,55354,6447da841aa7e2d0b57dc07ba53a713a,,duplicate_key,key (review_id) appears 2 times; this is copy 2,medium,,
357,data_quality,order_reviews,55432,a71726d518ede586d51efacfeb2ade2c,,duplicate_key,key (review_id) appears 2 times; this is copy 2,medium,,
358,data_quality,order_reviews,55522,3f8bb859f2d7024bc419b489a3fcfd56,,duplicate_key,key (review_id) appears 2 times; this is copy 2,medium,,
359,data_quality,order_reviews,55965,832acec9bbf4efe65c3fb6423d8b4ed7,,duplicate_key,key (review_id) appears 3 times; this is copy 3,medium,,
360,data_quality,order_reviews,56157,a05a89a9daa1ef53175c02ff565ce0b5,,duplicate_key,key (review_id) appears 2 times; this is copy 2,medium,,
361,data_quality,order_reviews,56287,9a07cb8136a1792e7984d827e2336d60,,duplicate_key,key (review_id) appears 2 times; this is copy 2,medium,,
362,data_quality,order_reviews,56331,44e9f871226d8a130de3fc39dfbdf0c5,,duplicate_key,key (review_id) appears 3 times; this is copy 2,medium,,
363,data_quality,order_reviews,56478,9b0e89862fcb8419c30f3f290e770db1,,duplicate_key,key (review_id) appears 2 times; this is copy 2,medium,,
364,data_quality,order_reviews,56573,8e6867391ed88ac3c579b4e73ff72ce9,,duplicate_key,key (review_id) appears 2 times; this is copy 2,medium,,
365,data_quality,order_reviews,56782,a555fec0a2d54ccb104762e54f058603,,duplicate_key,key (review_id) appears 2 times; this is copy 2,medium,,
366,data_quality,order_reviews,56793,cb7fd7328a7dee3004454e7d05e25b8c,,duplicate_key,key (review_id) appears 2 times; this is copy 2,medium,,
367,data_quality,order_reviews,56858,ed42ec3f63f7ff98ae6fc1562d61d1fe,,duplicate_key,key (review_id) appears 2 times; this is copy 2,medium,,
368,data_quality,order_reviews,57211,193d73d33b656807084215db91b23b8c,,duplicate_key,key (review_id) appears 2 times; this is copy 2,medium,,
369,data_quality,order_reviews,57477,b6a4180ee3b8988ed0e5048c261837a2,,duplicate_key,key (review_id) appears 2 times; this is copy 2,medium,,
370,data_quality,order_reviews,57507,64fc883de1994b70450ffbb93c3b2fd2,,duplicate_key,key (review_id) appears 2 times; this is copy 2,medium,,
371,data_quality,order_reviews,57544,beccbb4090fe3922b02416ec4f1c6280,,duplicate_key,key (review_id) appears 2 times; this is copy 2,medium,,
372,data_quality,order_reviews,57621,a0689adf80eece4d3db0378bdc14949b,,duplicate_key,key (review_id) appears 2 times; this is copy 2,medium,,
373,data_quality,order_reviews,57849,e460d305de9d3cad98ce337c56706a71,,duplicate_key,key (review_id) appears 2 times; this is copy 2,medium,,
374,data_quality,order_reviews,57873,61e68b9000600c1edcb7a3e62c8a51fc,,duplicate_key,key (review_id) appears 2 times; this is copy 2,medium,,
375,data_quality,order_reviews,57885,868c4827b9ab7272338ae1c95d192505,,duplicate_key,key (review_id) appears 2 times; this is copy 2,medium,,
376,data_quality,order_reviews,57918,ea1fbd19c48a016b08c92aa1daf658de,,duplicate_key,key (review_id) appears 2 times; this is copy 2,medium,,
377,data_quality,order_reviews,57978,771565a679ac71ae46630b961d32c827,,duplicate_key,key (review_id) appears 2 times; this is copy 2,medium,,
378,data_quality,order_reviews,58321,34e1fc15273c269b6fd0227340a23bc4,,duplicate_key,key (review_id) appears 2 times; this is copy 2,medium,,
379,data_quality,order_reviews,58371,15c9136f43468a8428316d9871eaf14d,,duplicate_key,key (review_id) appears 2 times; this is copy 2,medium,,
380,data_quality,order_reviews,58385,28d0d8241ef547ebff745da0b395e7cf,,duplicate_key,key (review_id) appears 2 times; this is copy 2,medium,,
381,data_quality,order_reviews,58386,28642ce6250b94cc72bc85960aec6c62,,duplicate_key,key (review_id) appears 2 times; this is copy 2,medium,,
382,data_quality,order_reviews,58460,f09eb55a7410e8624c0d538b856b9580,,duplicate_key,key (review_id) appears 2 times; this is copy 2,medium,,
383,data_quality,order_reviews,58630,54daab04440b00f318d2c9a0854aafc0,,duplicate_key,key (review_id) appears 2 times; this is copy 2,medium,,
384,data_quality,order_reviews,58743,b703764760e6e5d534a8940a12fca101,,duplicate_key,key (review_id) appears 2 times; this is copy 2,medium,,
385,data_quality,order_reviews,59209,09b871b3f4f85d3595cb37054a9105f1,,duplicate_key,key (review_id) appears 2 times; this is copy 2,medium,,
386,data_quality,order_reviews,59307,be73f1f6aa0093c8ab5706df396b31eb,,duplicate_key,key (review_id) appears 2 times; this is copy 2,medium,,
387,data_quality,order_reviews,59311,b3cd01e7b091cf09f9bd2fff507e7d7e,,duplicate_key,key (review_id) appears 2 times; this is copy 2,medium,,
388,data_quality,order_reviews,59334,2a42f23fc65654f83c9e6594f3ef2c23,,duplicate_key,key (review_id) appears 2 times; this is copy 2,medium,,
389,data_quality,order_reviews,59568,62e707cd3907d8766accf92b716e9edb,,duplicate_key,key (review_id) appears 2 times; this is copy 2,medium,,
390,data_quality,order_reviews,59581,7649f28b65ccbc21f948f7b2382e5c61,,duplicate_key,key (review_id) appears 2 times; this is copy 2,medium,,
391,data_quality,order_reviews,59680,6ca2937f94a03357106813cde7a695ac,,duplicate_key,key (review_id) appears 2 times; this is copy 2,medium,,
392,data_quality,order_reviews,59860,7b606b0d57b078384f0b58eac1d41d78,,duplicate_key,key (review_id) appears 3 times; this is copy 2,medium,,
393,data_quality,order_reviews,59899,a30109d4333a2f08c04b28036ad7d3df,,duplicate_key,key (review_id) appears 2 times; this is copy 2,medium,,
394,data_quality,order_reviews,60282,19194f53840fc6c2857dd8809972a209,,duplicate_key,key (review_id) appears 2 times; this is copy 2,medium,,
395,data_quality,order_reviews,60298,dce802e80645c005b51222c9948d9d89,,duplicate_key,key (review_id) appears 2 times; this is copy 2,medium,,
396,data_quality,order_reviews,60454,50268520bc6b08090e7130a5a75f9631,,duplicate_key,key (review_id) appears 2 times; this is copy 2,medium,,
397,data_quality,order_reviews,60564,0b51553f3cd2e9606b9c0f25667dc5bb,,duplicate_key,key (review_id) appears 2 times; this is copy 2,medium,,
398,data_quality,order_reviews,60575,3f70f5511ae8cb4e9427302bbabfc33b,,duplicate_key,key (review_id) appears 2 times; this is copy 2,medium,,
399,data_quality,order_reviews,60632,f43bee5a4c4b6941e7e30904b112b79e,,duplicate_key,key (review_id) appears 2 times; this is copy 2,medium,,
400,data_quality,order_reviews,60640,1f997992c19d44fe5049ec91f13ccd34,,duplicate_key,key (review_id) appears 2 times; this is copy 2,medium,,
401,data_quality,order_reviews,60809,4b17beb9e003b44fdd0a773763cdaec4,,duplicate_key,key (review_id) appears 2 times; this is copy 2,medium,,
402,data_quality,order_reviews,61013,554fed6e87087688e811a612cf136cd3,,duplicate_key,key (review_id) appears 2 times; this is copy 2,medium,,
403,data_quality,order_reviews,61070,7b606b0d57b078384f0b58eac1d41d78,,duplicate_key,key (review_id) appears 3 times; this is copy 3,medium,,
404,data_quality,order_reviews,61087,e4e50748d2d683f0d3de0b2089265b22,,duplicate_key,key (review_id) appears 2 times; this is copy 2,medium,,
405,data_quality,order_reviews,61257,74090c1156e2919231690c770e7cd572,,duplicate_key,key (review_id) appears 2 times; this is copy 2,medium,,
406,data_quality,order_reviews,61329,667dd2be07177cdc16741b47c0ca0311,,duplicate_key,key (review_id) appears 2 times; this is copy 2,medium,,
407,data_quality,order_reviews,61353,948654feaf0ba06f55958dc75fe2ac1d,,duplicate_key,key (review_id) appears 2 times; this is copy 2,medium,,
408,data_quality,order_reviews,61387,7c69fcbd86399d432e0241dff0224dd5,,duplicate_key,key (review_id) appears 2 times; this is copy 2,medium,,
409,data_quality,order_reviews,61403,c9aaeea201b5f1797c3d247225e68082,,duplicate_key,key (review_id) appears 2 times; this is copy 2,medium,,
410,data_quality,order_reviews,61546,b1216c817224d380bc7c9ff415f6dad3,,duplicate_key,key (review_id) appears 2 times; this is copy 2,medium,,
411,data_quality,order_reviews,61610,9a93eaf9096a3c50bba848e77b786743,,duplicate_key,key (review_id) appears 2 times; this is copy 2,medium,,
412,data_quality,order_reviews,61762,59d160f8ce92172828b257462f39f390,,duplicate_key,key (review_id) appears 2 times; this is copy 2,medium,,
413,data_quality,order_reviews,61933,86004cb6e64c8f6cc98265483f8c5720,,duplicate_key,key (review_id) appears 2 times; this is copy 2,medium,,
414,data_quality,order_reviews,62087,29c55c384cbf612e098a1734a42592d4,,duplicate_key,key (review_id) appears 2 times; this is copy 2,medium,,
415,data_quality,order_reviews,62172,f6a856dbc72d2a8bb09d860da9215545,,duplicate_key,key (review_id) appears 2 times; this is copy 2,medium,,
416,data_quality,order_reviews,62262,28749be4e9f00ad1305d70a22faa6938,,duplicate_key,key (review_id) appears 2 times; this is copy 2,medium,,
417,data_quality,order_reviews,62369,4fea089659b78b233489192ca88d8448,,duplicate_key,key (review_id) appears 2 times; this is copy 2,medium,,
418,data_quality,order_reviews,62538,d2b8f267fe502fdce6f7ab281769a641,,duplicate_key,key (review_id) appears 2 times; this is copy 2,medium,,
419,data_quality,order_reviews,62746,8c0c496d0c714edad925f4e35a084979,,duplicate_key,key (review_id) appears 2 times; this is copy 2,medium,,
420,data_quality,order_reviews,62911,d66026595671c84a6ed9385f6f498e97,,duplicate_key,key (review_id) appears 2 times; this is copy 2,medium,,
421,data_quality,order_reviews,62982,135df63f4871bf893d89ca67df0f921c,,duplicate_key,key (review_id) appears 2 times; this is copy 2,medium,,
422,data_quality,order_reviews,63155,875d4ac395bbe012ffeb7259b08aaa00,,duplicate_key,key (review_id) appears 2 times; this is copy 2,medium,,
423,data_quality,order_reviews,63411,ac8f8a5e7ad241234b96b3ece57f3c2a,,duplicate_key,key (review_id) appears 2 times; this is copy 2,medium,,
424,data_quality,order_reviews,63592,22a299893c5cee48be41d8fab8804e6e,,duplicate_key,key (review_id) appears 2 times; this is copy 2,medium,,
425,data_quality,order_reviews,63705,4219a80ab469e3fc9901437b73da3f75,,duplicate_key,key (review_id) appears 3 times; this is copy 3,medium,,
426,data_quality,order_reviews,63750,b40b91ab8b5268a02d4730ccb79404c5,,duplicate_key,key (review_id) appears 2 times; this is copy 2,medium,,
427,data_quality,order_reviews,64047,19d60869413aa63834affc9ecc9d9f90,,duplicate_key,key (review_id) appears 2 times; this is copy 2,medium,,
428,data_quality,order_reviews,64119,ad0c2be55c28135fa823e4ae454e6426,,duplicate_key,key (review_id) appears 2 times; this is copy 2,medium,,
429,data_quality,order_reviews,64192,35ea4812defd2237d95634c55355d5a0,,duplicate_key,key (review_id) appears 2 times; this is copy 2,medium,,
430,data_quality,order_reviews,64501,f7cfd38ee57d29c706a4733c5b7ffb00,,duplicate_key,key (review_id) appears 2 times; this is copy 2,medium,,
431,data_quality,order_reviews,64511,2d6ac45f859465b5c185274a1c929637,,duplicate_key,key (review_id) appears 3 times; this is copy 3,medium,,
432,data_quality,order_reviews,64732,f3e832f728482bddb2d328f95e386d45,,duplicate_key,key (review_id) appears 2 times; this is copy 2,medium,,
433,data_quality,order_reviews,64995,0a3caf6324edd5158b342ee5a0886271,,duplicate_key,key (review_id) appears 2 times; this is copy 2,medium,,
434,data_quality,order_reviews,65265,70509c441d994fa03d6c1457930c9024,,duplicate_key,key (review_id) appears 3 times; this is copy 2,medium,,
435,data_quality,order_reviews,65267,ebe731fd857c94fa522bf0e9f4562b71,,duplicate_key,key (review_id) appears 2 times; this is copy 2,medium,,
436,data_quality,order_reviews,65373,cc05dbaa1995d902ed3e5962cb9b3ef2,,duplicate_key,key (review_id) appears 2 times; this is copy 2,medium,,
437,data_quality,order_reviews,65520,a44acf223e58ab562c8b328873229823,,duplicate_key,key (review_id) appears 2 times; this is copy 2,medium,,
438,data_quality,order_reviews,65552,7598ed9deff447145b4565d21582aabd,,duplicate_key,key (review_id) appears 2 times; this is copy 2,medium,,
439,data_quality,order_reviews,65584,bb5133a6e7416948f906293bd631a348,,duplicate_key,key (review_id) appears 2 times; this is copy 2,medium,,
440,data_quality,order_reviews,65591,316278ed8c88717c6bab557484f06d7b,,duplicate_key,key (review_id) appears 2 times; this is copy 2,medium,,
441,data_quality,order_reviews,65634,c09929329da4aeeb24a45c0b6f6613ab,,duplicate_key,key (review_id) appears 2 times; this is copy 2,medium,,
442,data_quality,order_reviews,65678,a8ffb30c74397c7cf37ab595d3c1662e,,duplicate_key,key (review_id) appears 2 times; this is copy 2,medium,,
443,data_quality,order_reviews,65695,ea6b61bd3a7a9721897bd347ff35bbd6,,duplicate_key,key (review_id) appears 2 times; this is copy 2,medium,,
444,data_quality,order_reviews,65735,d30a303de458190ca6dc446b7ce68ca2,,duplicate_key,key (review_id) appears 2 times; this is copy 2,medium,,
445,data_quality,order_reviews,66048,a6746b91845b359b55fc7993c30560d9,,duplicate_key,key (review_id) appears 2 times; this is copy 2,medium,,
446,data_quality,order_reviews,66133,2a3937850183a3c2fb90ed6a8ae9514c,,duplicate_key,key (review_id) appears 2 times; this is copy 2,medium,,
447,data_quality,order_reviews,66175,0bb958acd9e40d9348635c75013f7b19,,duplicate_key,key (review_id) appears 2 times; this is copy 2,medium,,
448,data_quality,order_reviews,66273,f144ac1998474653203c861be02fd31f,,duplicate_key,key (review_id) appears 2 times; this is copy 2,medium,,
449,data_quality,order_reviews,66492,b862141e62ede6da3cb894b414ec715a,,duplicate_key,key (review_id) appears 2 times; this is copy 2,medium,,
450,data_quality,order_reviews,66525,36ec7beab972a0bd81e25c048195342f,,duplicate_key,key (review_id) appears 2 times; this is copy 2,medium,,
451,data_quality,order_reviews,66681,6e4344680dbd30c75f78394e0dcfffdf,,duplicate_key,key (review_id) appears 2 times; this is copy 2,medium,,
452,data_quality,order_reviews,66776,b61a27573983d8c2d335fefbd283e533,,duplicate_key,key (review_id) appears 2 times; this is copy 2,medium,,
453,data_quality,order_reviews,66953,0501aab2f381486c36bf0f071442c0c2,,duplicate_key,key (review_id) appears 2 times; this is copy 2,medium,,
454,data_quality,order_reviews,67076,dfb5e52018aa9f1927a51d2039d25d38,,duplicate_key,key (review_id) appears 2 times; this is copy 2,medium,,
455,data_quality,order_reviews,67170,3c37ba02da70e7b97b472dabbb75ea3e,,duplicate_key,key (review_id) appears 2 times; this is copy 2,medium,,
456,data_quality,order_reviews,67183,41cfb3737b4d3a3790f4f56f95dd6cc4,,duplicate_key,key (review_id) appears 2 times; this is copy 2,medium,,
457,data_quality,order_reviews,67355,327dd7532064a959eaf7d8d4ac565b0b,,duplicate_key,key (review_id) appears 2 times; this is copy 2,medium,,
458,data_quality,order_reviews,67388,f3544b47fdfb4bdd2092131d3c403ae9,,duplicate_key,key (review_id) appears 2 times; this is copy 2,medium,,
459,data_quality,order_reviews,67551,a2a33763a53c33c8f07e58d55855dc77,,duplicate_key,key (review_id) appears 2 times; this is copy 2,medium,,
460,data_quality,order_reviews,67624,fbb7c6f69326ad5bf986c099bedefdb4,,duplicate_key,key (review_id) appears 2 times; this is copy 2,medium,,
461,data_quality,order_reviews,67678,35f99f8617e335ae7b1abb02b68ceb64,,duplicate_key,key (review_id) appears 2 times; this is copy 2,medium,,
462,data_quality,order_reviews,67750,6c3c56231c45f130228a386e4d9b124a,,duplicate_key,key (review_id) appears 2 times; this is copy 2,medium,,
463,data_quality,order_reviews,67934,3536bc6a9be06fa6423255ff54d9a8f4,,duplicate_key,key (review_id) appears 2 times; this is copy 2,medium,,
464,data_quality,order_reviews,67950,eb2e7f397d9e41b7d911fd73e92f3d0c,,duplicate_key,key (review_id) appears 2 times; this is copy 2,medium,,
465,data_quality,order_reviews,68266,a72c3fb46328e9ea412242d1ca351d94,,duplicate_key,key (review_id) appears 2 times; this is copy 2,medium,,
466,data_quality,order_reviews,68287,1775bd097716d67420d128df008252eb,,duplicate_key,key (review_id) appears 2 times; this is copy 2,medium,,
467,data_quality,order_reviews,68449,77650be7f386f52dc4b545971cc74a8d,,duplicate_key,key (review_id) appears 2 times; this is copy 2,medium,,
468,data_quality,order_reviews,68481,8b8f495d30fca09fdc8312e96de1bc47,,duplicate_key,key (review_id) appears 2 times; this is copy 2,medium,,
469,data_quality,order_reviews,68509,886021e9a8eaa7a323171dd82ea2f3bb,,duplicate_key,key (review_id) appears 2 times; this is copy 2,medium,,
470,data_quality,order_reviews,68535,239fd569e8da19db25053b848f2d24e4,,duplicate_key,key (review_id) appears 2 times; this is copy 2,medium,,
471,data_quality,order_reviews,68586,cf007e6d8f2179ea8d8c5a065bc62c4b,,duplicate_key,key (review_id) appears 2 times; this is copy 2,medium,,
472,data_quality,order_reviews,68627,69a1068c3128a14994e3e422e4539e04,,duplicate_key,key (review_id) appears 3 times; this is copy 2,medium,,
473,data_quality,order_reviews,68634,73413b847f63e02bc752b364f6d05ee9,,duplicate_key,key (review_id) appears 2 times; this is copy 2,medium,,
474,data_quality,order_reviews,68650,1f1702781508ddd2fc0020f6c691d600,,duplicate_key,key (review_id) appears 2 times; this is copy 2,medium,,
475,data_quality,order_reviews,68661,5ae22ba2627f403bf84b91efa5545349,,duplicate_key,key (review_id) appears 2 times; this is copy 2,medium,,
476,data_quality,order_reviews,68915,7c5259bcd85c4114cd5eddef2b4089aa,,duplicate_key,key (review_id) appears 2 times; this is copy 2,medium,,
477,data_quality,order_reviews,69131,a183a68b4c4fa3df2e107be10c94b7bd,,duplicate_key,key (review_id) appears 2 times; this is copy 2,medium,,
478,data_quality,order_reviews,69173,b370661a9286b652f0ee547c13cb03d1,,duplicate_key,key (review_id) appears 2 times; this is copy 2,medium,,
479,data_quality,order_reviews,69354,686eece1abf58531d6f183ce10905c95,,duplicate_key,key (review_id) appears 2 times; this is copy 2,medium,,
480,data_quality,order_reviews,69493,70678fb29fe6b6dbfc67a1ef9ce3e81c,,duplicate_key,key (review_id) appears 2 times; this is copy 2,medium,,
481,data_quality,order_reviews,69534,cdaf2794e96fd94fa8bdfb57b7115797,,duplicate_key,key (review_id) appears 2 times; this is copy 2,medium,,
482,data_quality,order_reviews,69595,d6de9b9a11c919860b73e5b421d1ec46,,duplicate_key,key (review_id) appears 2 times; this is copy 2,medium,,
483,data_quality,order_reviews,69738,780a8cfddeb7d1a875af9b7d0eb1aecc,,duplicate_key,key (review_id) appears 2 times; this is copy 2,medium,,
484,data_quality,order_reviews,69979,0ad87184dc47c36db717b98e8baca9cc,,duplicate_key,key (review_id) appears 2 times; this is copy 2,medium,,
485,data_quality,order_reviews,70095,0e249472bec47b0c4b88a8e8bfa8d241,,duplicate_key,key (review_id) appears 2 times; this is copy 2,medium,,
486,data_quality,order_reviews,70108,c5f404138d9568bebb5dde204d15b25f,,duplicate_key,key (review_id) appears 2 times; this is copy 2,medium,,
487,data_quality,order_reviews,70313,b85476ba79cb6e9994f1d86a60d645f8,,duplicate_key,key (review_id) appears 2 times; this is copy 2,medium,,
488,data_quality,order_reviews,70314,fde2e6abaf5bb64f7407a44741c24dec,,duplicate_key,key (review_id) appears 2 times; this is copy 2,medium,,
489,data_quality,order_reviews,70338,59294cb7699ef93d259c880d02b00ec1,,duplicate_key,key (review_id) appears 2 times; this is copy 2,medium,,
490,data_quality,order_reviews,70350,baae768ad05f6070e4fed9c3cd512908,,duplicate_key,key (review_id) appears 2 times; this is copy 2,medium,,
491,data_quality,order_reviews,70361,23b4bc2bed27abb066272d560caa7c5b,,duplicate_key,key (review_id) appears 2 times; this is copy 2,medium,,
492,data_quality,order_reviews,70386,4f615f8e23d04485efdc97e3af4b9012,,duplicate_key,key (review_id) appears 2 times; this is copy 2,medium,,
493,data_quality,order_reviews,70405,43e5286eb9f62cabe4471ec1dff7142a,,duplicate_key,key (review_id) appears 2 times; this is copy 2,medium,,
494,data_quality,order_reviews,70497,8223b52119232884ffa39d94b7fa76db,,duplicate_key,key (review_id) appears 2 times; this is copy 2,medium,,
495,data_quality,order_reviews,70569,61e8c8014ccc7dc7450e602b8247293f,,duplicate_key,key (review_id) appears 2 times; this is copy 2,medium,,
496,data_quality,order_reviews,70614,06e327fb381850fdd69fba40ad61b2f2,,duplicate_key,key (review_id) appears 2 times; this is copy 2,medium,,
497,data_quality,order_reviews,70696,1f80ddc1e47fa27e028f8d94684375d8,,duplicate_key,key (review_id) appears 2 times; this is copy 2,medium,,
498,data_quality,order_reviews,70848,8a32bbfeffe9ba81e9830a67878d1398,,duplicate_key,key (review_id) appears 2 times; this is copy 2,medium,,
499,data_quality,order_reviews,70934,5afa153e3e9b62ff9ac53d9a8b0d2050,,duplicate_key,key (review_id) appears 2 times; this is copy 2,medium,,
500,data_quality,order_reviews,70963,ca2fb34d8c9fc880f0f94dde4b17e8e3,,duplicate_key,key (review_id) appears 2 times; this is copy 2,medium,,
501,data_quality,order_reviews,71071,ac6bae47e7d69b2cb2a469e1226e4618,,duplicate_key,key (review_id) appears 2 times; this is copy 2,medium,,
502,data_quality,order_reviews,71114,1c7e1a24358cea9db1eecc6987843a28,,duplicate_key,key (review_id) appears 2 times; this is copy 2,medium,,
503,data_quality,order_reviews,71135,a2d62a57e2b5e70a60997378ae059c07,,duplicate_key,key (review_id) appears 2 times; this is copy 2,medium,,
504,data_quality,order_reviews,71142,57658647ef3ab748aff92a5439ad04b8,,duplicate_key,key (review_id) appears 2 times; this is copy 2,medium,,
505,data_quality,order_reviews,71148,ad134dca6a26a91326f970a15e4c9cba,,duplicate_key,key (review_id) appears 2 times; this is copy 2,medium,,
506,data_quality,order_reviews,71350,66ce2c99a2a665de1e3952523d5a11d8,,duplicate_key,key (review_id) appears 2 times; this is copy 2,medium,,
507,data_quality,order_reviews,71365,8f5b66ebafa5c69767c42dfeacfb4c86,,duplicate_key,key (review_id) appears 2 times; this is copy 2,medium,,
508,data_quality,order_reviews,71398,32fdac426bf6f97f7cbd250cff7f1ee8,,duplicate_key,key (review_id) appears 2 times; this is copy 2,medium,,
509,data_quality,order_reviews,71429,105facb42b5b9147996f0b1b6fbf7b80,,duplicate_key,key (review_id) appears 2 times; this is copy 2,medium,,
510,data_quality,order_reviews,71507,3415c9f764e478409e8e0660ae816dd2,,duplicate_key,key (review_id) appears 3 times; this is copy 3,medium,,
511,data_quality,order_reviews,71522,471a7d853b152d77aefd43bc39f03d64,,duplicate_key,key (review_id) appears 2 times; this is copy 2,medium,,
512,data_quality,order_reviews,71550,f9306ef54d4adecf8cca0377b9b0f957,,duplicate_key,key (review_id) appears 2 times; this is copy 2,medium,,
513,data_quality,order_reviews,71627,789297e8410caf139434c34f73a879bc,,duplicate_key,key (review_id) appears 2 times; this is copy 2,medium,,
514,data_quality,order_reviews,71722,7d98f08a314d5c1264ee52694f2ded3d,,duplicate_key,key (review_id) appears 2 times; this is copy 2,medium,,
515,data_quality,order_reviews,71740,a87cf14c73eb6e6407afc3837389971d,,duplicate_key,key (review_id) appears 2 times; this is copy 2,medium,,
516,data_quality,order_reviews,71821,9e25d6e3025e9b9a0fc7f03588d33e2b,,duplicate_key,key (review_id) appears 3 times; this is copy 2,medium,,
517,data_quality,order_reviews,71852,b16d528a370bd6520af22b90107414ea,,duplicate_key,key (review_id) appears 2 times; this is copy 2,medium,,
518,data_quality,order_reviews,71869,20361385529351bec8dbcc659449cf2f,,duplicate_key,key (review_id) appears 2 times; this is copy 2,medium,,
519,data_quality,order_reviews,71891,a3081a4676a5126d8fc0bcbff9149708,,duplicate_key,key (review_id) appears 2 times; this is copy 2,medium,,
520,data_quality,order_reviews,71914,dc11af6fb17fe3f994a4184a86e87d84,,duplicate_key,key (review_id) appears 2 times; this is copy 2,medium,,
521,data_quality,order_reviews,72056,c05b74e77cde703943972816dbb27514,,duplicate_key,key (review_id) appears 2 times; this is copy 2,medium,,
522,data_quality,order_reviews,72099,176a37898b45f9db0b8de7641973bf53,,duplicate_key,key (review_id) appears 2 times; this is copy 2,medium,,
523,data_quality,order_reviews,72148,a7179f48b00daef07d592c991cb3b66a,,duplicate_key,key (review_id) appears 2 times; this is copy 2,medium,,
524,data_quality,order_reviews,72268,c3ffb954e20fbd88b6c5414d49c6ccee,,duplicate_key,key (review_id) appears 2 times; this is copy 2,medium,,
525,data_quality,order_reviews,72459,5ad27122555c26796d02523ee8274f51,,duplicate_key,key (review_id) appears 2 times; this is copy 2,medium,,
526,data_quality,order_reviews,72535,1ed01e8f777018a33227be5073a82e8d,,duplicate_key,key (review_id) appears 2 times; this is copy 2,medium,,
527,data_quality,order_reviews,72652,83cf3a96fd28237ec40e326adfc8c12a,,duplicate_key,key (review_id) appears 2 times; this is copy 2,medium,,
528,data_quality,order_reviews,72744,f45e3373e177f56944a549ff601f838b,,duplicate_key,key (review_id) appears 2 times; this is copy 2,medium,,
529,data_quality,order_reviews,72843,e06bce36254ded26a11fe556ef6e61ed,,duplicate_key,key (review_id) appears 2 times; this is copy 2,medium,,
530,data_quality,order_reviews,72885,a8cc3d21c7993265b58cd48376cf9ce3,,duplicate_key,key (review_id) appears 2 times; this is copy 2,medium,,
531,data_quality,order_reviews,72956,a3a174dbf8bf3e1ad821890ede142c99,,duplicate_key,key (review_id) appears 2 times; this is copy 2,medium,,
532,data_quality,order_reviews,72958,37143879ed397a8fcb2ed49b3ffa1e44,,duplicate_key,key (review_id) appears 2 times; this is copy 2,medium,,
533,data_quality,order_reviews,73065,f8486e968d32567be637dd415cce297b,,duplicate_key,key (review_id) appears 2 times; this is copy 2,medium,,
534,data_quality,order_reviews,73092,090aa2980b0aea78cd1ae73447d7d55b,,duplicate_key,key (review_id) appears 2 times; this is copy 2,medium,,
535,data_quality,order_reviews,73175,ac6938290c10c36fd64ed2f21b944399,,duplicate_key,key (review_id) appears 2 times; this is copy 2,medium,,
536,data_quality,order_reviews,73186,67e583780506d5a9e66ef4756d038251,,duplicate_key,key (review_id) appears 2 times; this is copy 2,medium,,
537,data_quality,order_reviews,73194,5bdf704ce1edc91bc6c73abede903d1c,,duplicate_key,key (review_id) appears 2 times; this is copy 2,medium,,
538,data_quality,order_reviews,73278,e6acae33a98861be63cf635525330891,,duplicate_key,key (review_id) appears 2 times; this is copy 2,medium,,
539,data_quality,order_reviews,73297,775f84ba33ff35e67ca4c288347555ac,,duplicate_key,key (review_id) appears 2 times; this is copy 2,medium,,
540,data_quality,order_reviews,73360,56647f8fbe7430f42719c0510d99e636,,duplicate_key,key (review_id) appears 2 times; this is copy 2,medium,,
541,data_quality,order_reviews,73519,38821b5c496b678cf91acc34892805ad,,duplicate_key,key (review_id) appears 3 times; this is copy 3,medium,,
542,data_quality,order_reviews,73563,727ff1d8d18233c42bf31211f90bf461,,duplicate_key,key (review_id) appears 2 times; this is copy 2,medium,,
543,data_quality,order_reviews,73633,98ee53c394ad7d39a800e8b1c004b44a,,duplicate_key,key (review_id) appears 2 times; this is copy 2,medium,,
544,data_quality,order_reviews,73671,c1dd7c6a2154caaf1a6accd68842286f,,duplicate_key,key (review_id) appears 2 times; this is copy 2,medium,,
545,data_quality,order_reviews,73747,ceacd98e3e378eeef6f553c3056b401e,,duplicate_key,key (review_id) appears 2 times; this is copy 2,medium,,
546,data_quality,order_reviews,73865,11c94569cabc7d493a0aa1c5cd1dbfb4,,duplicate_key,key (review_id) appears 2 times; this is copy 2,medium,,
547,data_quality,order_reviews,73952,ffb8cff872a625632ac983eb1f88843c,,duplicate_key,key (review_id) appears 2 times; this is copy 2,medium,,
548,data_quality,order_reviews,74134,260b8badf10666253ac8a8eda99119f9,,duplicate_key,key (review_id) appears 2 times; this is copy 2,medium,,
549,data_quality,order_reviews,74247,8de4e497d8b04d638b0f09159c34afd2,,duplicate_key,key (review_id) appears 2 times; this is copy 2,medium,,
550,data_quality,order_reviews,74305,c557f1f8cc26c5d4acc80a7d850c1305,,duplicate_key,key (review_id) appears 2 times; this is copy 2,medium,,
551,data_quality,order_reviews,74309,af73e2ba5098ca6c02e8079aa82bfa78,,duplicate_key,key (review_id) appears 2 times; this is copy 2,medium,,
552,data_quality,order_reviews,74566,ce6eddef08f38a18733269af3f4a647b,,duplicate_key,key (review_id) appears 2 times; this is copy 2,medium,,
553,data_quality,order_reviews,74746,28ca1ef3654a32df2ec947b123a1385f,,duplicate_key,key (review_id) appears 2 times; this is copy 2,medium,,
554,data_quality,order_reviews,74821,08528f70f579f0c830189efc523d2182,,duplicate_key,key (review_id) appears 3 times; this is copy 3,medium,,
555,data_quality,order_reviews,74870,0e18d426420da859dfd6fb4beaba9efe,,duplicate_key,key (review_id) appears 2 times; this is copy 2,medium,,
556,data_quality,order_reviews,74943,5f5bcd53c9a6da0a1ec42979a53f7359,,duplicate_key,key (review_id) appears 2 times; this is copy 2,medium,,
557,data_quality,order_reviews,74999,bee3c76b6017ec9deaeef78bd5dbef21,,duplicate_key,key (review_id) appears 2 times; this is copy 2,medium,,
558,data_quality,order_reviews,75015,7f0a8cc1d2aa250b94c9bee424a69463,,duplicate_key,key (review_id) appears 2 times; this is copy 2,medium,,
559,data_quality,order_reviews,75145,98b82041d04be209faccad4c453ce72d,,duplicate_key,key (review_id) appears 2 times; this is copy 2,medium,,
560,data_quality,order_reviews,75231,ebafde0e0d7cc00d0af52d25a3ba12fd,,duplicate_key,key (review_id) appears 2 times; this is copy 2,medium,,
561,data_quality,order_reviews,75267,e4331570ac55d40e9b2b8d65056d63f8,,duplicate_key,key (review_id) appears 2 times; this is copy 2,medium,,
562,data_quality,order_reviews,75432,9979f9019b0fb7755be14008181a96be,,duplicate_key,key (review_id) appears 2 times; this is copy 2,medium,,
563,data_quality,order_reviews,75465,1c7b8b15de9a2eff8caac4ece3fc0f49,,duplicate_key,key (review_id) appears 2 times; this is copy 2,medium,,
564,data_quality,order_reviews,75533,87159a093663b2a1bb847dbb84879c41,,duplicate_key,key (review_id) appears 2 times; this is copy 2,medium,,
565,data_quality,order_reviews,75738,35d1e3a584c89873b94db44d6a212326,,duplicate_key,key (review_id) appears 2 times; this is copy 2,medium,,
566,data_quality,order_reviews,75789,f6fca12a2dae92684fefd38a8fe4d2a6,,duplicate_key,key (review_id) appears 2 times; this is copy 2,medium,,
567,data_quality,order_reviews,75878,393907d8e4b794865eff74489af712aa,,duplicate_key,key (review_id) appears 2 times; this is copy 2,medium,,
568,data_quality,order_reviews,75933,9e25d6e3025e9b9a0fc7f03588d33e2b,,duplicate_key,key (review_id) appears 3 times; this is copy 3,medium,,
569,data_quality,order_reviews,76105,e3cfc6716925dda5459bfa878bc1f7a1,,duplicate_key,key (review_id) appears 2 times; this is copy 2,medium,,
570,data_quality,order_reviews,76168,1d5b8cc3cac5888ebfc80a0dcd337f07,,duplicate_key,key (review_id) appears 2 times; this is copy 2,medium,,
571,data_quality,order_reviews,76229,e5b48a584cec8406e2722967491b4627,,duplicate_key,key (review_id) appears 2 times; this is copy 2,medium,,
572,data_quality,order_reviews,76296,d25026282e14fc531f0711246e121cc2,,duplicate_key,key (review_id) appears 2 times; this is copy 2,medium,,
573,data_quality,order_reviews,76477,9b8b92180c3df43693e67fd100605a9f,,duplicate_key,key (review_id) appears 2 times; this is copy 2,medium,,
574,data_quality,order_reviews,76579,8a020b6a9a58ad99616b28dd36581106,,duplicate_key,key (review_id) appears 2 times; this is copy 2,medium,,
575,data_quality,order_reviews,76614,f4bb9d6dd4fb6dcc2298f0e7b17b8e1e,,duplicate_key,key (review_id) appears 3 times; this is copy 3,medium,,
576,data_quality,order_reviews,76709,9a8884861c6d83bcab8cb26237a83c12,,duplicate_key,key (review_id) appears 2 times; this is copy 2,medium,,
577,data_quality,order_reviews,76734,e4f5fbbbf2fa8f259e02e0e529eeae26,,duplicate_key,key (review_id) appears 2 times; this is copy 2,medium,,
578,data_quality,order_reviews,76825,20dbd899791a670bf2dafabf0243f6ee,,duplicate_key,key (review_id) appears 2 times; this is copy 2,medium,,
579,data_quality,order_reviews,76902,44e1ef4675c1eba1f0cf43a36be612ef,,duplicate_key,key (review_id) appears 2 times; this is copy 2,medium,,
580,data_quality,order_reviews,76938,0efebc2c5add22c5b45867716919dcdd,,duplicate_key,key (review_id) appears 2 times; this is copy 2,medium,,
581,data_quality,order_reviews,76948,7c7d0a7bb5f4b7e668c4e00a931ccbf4,,duplicate_key,key (review_id) appears 2 times; this is copy 2,medium,,
582,data_quality,order_reviews,76981,c76d214753231e86d69154aca0bdfdda,,duplicate_key,key (review_id) appears 2 times; this is copy 2,medium,,
583,data_quality,order_reviews,76992,eb632ac43fa0e0b1455adde073a04d0f,,duplicate_key,key (review_id) appears 2 times; this is copy 2,medium,,
584,data_quality,order_reviews,77173,8236417ad9cf970573cf2dfdacec47ce,,duplicate_key,key (review_id) appears 2 times; this is copy 2,medium,,
585,data_quality,order_reviews,77276,4df65f02a2c0b23d6b74fccef84d1974,,duplicate_key,key (review_id) appears 2 times; this is copy 2,medium,,
586,data_quality,order_reviews,77295,b80a2066c15ae9f2d92836a92cfd8cc5,,duplicate_key,key (review_id) appears 2 times; this is copy 2,medium,,
587,data_quality,order_reviews,77308,b6a02a8de3d5169e1429b84ebe4cd8c0,,duplicate_key,key (review_id) appears 2 times; this is copy 2,medium,,
588,data_quality,order_reviews,77359,90514cec532749be9a0a0f16d21e4ab5,,duplicate_key,key (review_id) appears 2 times; this is copy 2,medium,,
589,data_quality,order_reviews,77368,d01f8861801088198e20d318cb4e370e,,duplicate_key,key (review_id) appears 2 times; this is copy 2,medium,,
590,data_quality,order_reviews,77422,10bca0461c36ef14701fa28971d0cdb5,,duplicate_key,key (review_id) appears 2 times; this is copy 2,medium,,
591,data_quality,order_reviews,77431,abbfacb2964f74f6487c9c10ac46daa6,,duplicate_key,key (review_id) appears 3 times; this is copy 2,medium,,
592,data_quality,order_reviews,77488,668f6174de19065eff87c66b58c5f213,,duplicate_key,key (review_id) appears 2 times; this is copy 2,medium,,
593,data_quality,order_reviews,77797,2c264ab8b6507895fa712c330da4fdc0,,duplicate_key,key (review_id) appears 2 times; this is copy 2,medium,,
594,data_quality,order_reviews,77839,c4cab6d06a9bca48ce665aec3fa340d4,,duplicate_key,key (review_id) appears 2 times; this is copy 2,medium,,
595,data_quality,order_reviews,78176,27707bdab4a7b6bb49a2c3bcdf41e995,,duplicate_key,key (review_id) appears 2 times; this is copy 2,medium,,
596,data_quality,order_reviews,78243,6efce984242ca6456d74750810733a03,,duplicate_key,key (review_id) appears 2 times; this is copy 2,medium,,
597,data_quality,order_reviews,78284,a8618e617f23ff1f98349417726fe06a,,duplicate_key,key (review_id) appears 2 times; this is copy 2,medium,,
598,data_quality,order_reviews,78425,7b36905f84d4f18f84aa570b0b54f0db,,duplicate_key,key (review_id) appears 2 times; this is copy 2,medium,,
599,data_quality,order_reviews,78561,b57d0eba62250faf6bbb49afc360bdb0,,duplicate_key,key (review_id) appears 2 times; this is copy 2,medium,,
600,data_quality,order_reviews,78589,0ec0f24aa34a9b25fb0f7b32034965ce,,duplicate_key,key (review_id) appears 2 times; this is copy 2,medium,,
601,data_quality,order_reviews,78607,9e0105eb18952aab3e7178ad7e41de62,,duplicate_key,key (review_id) appears 2 times; this is copy 2,medium,,
602,data_quality,order_reviews,78656,c991e01d089faa3e408dba9f448f7dc1,,duplicate_key,key (review_id) appears 2 times; this is copy 2,medium,,
603,data_quality,order_reviews,78740,9840563f4c2189d0a14431a79cd92b16,,duplicate_key,key (review_id) appears 2 times; this is copy 2,medium,,
604,data_quality,order_reviews,78792,c99a4b57e816d8512107ba7e22595cc7,,duplicate_key,key (review_id) appears 2 times; this is copy 2,medium,,
605,data_quality,order_reviews,78863,ef5a41c50217f8e2b9296db3ba78f11e,,duplicate_key,key (review_id) appears 2 times; this is copy 2,medium,,
606,data_quality,order_reviews,78936,17939259ccc419f355fb4a148151fb00,,duplicate_key,key (review_id) appears 2 times; this is copy 2,medium,,
607,data_quality,order_reviews,79025,e66678cd6fa7d290355ae47145eea32e,,duplicate_key,key (review_id) appears 2 times; this is copy 2,medium,,
608,data_quality,order_reviews,79042,72906dc18cd7aaed26be40c859613c65,,duplicate_key,key (review_id) appears 2 times; this is copy 2,medium,,
609,data_quality,order_reviews,79353,68f285829ce3d732e6f8b97c60f306cb,,duplicate_key,key (review_id) appears 2 times; this is copy 2,medium,,
610,data_quality,order_reviews,79358,43a8434857dbf1118c88adfd7773f67b,,duplicate_key,key (review_id) appears 2 times; this is copy 2,medium,,
611,data_quality,order_reviews,79380,fd53ace363f9af2bc44ae028b2e926d6,,duplicate_key,key (review_id) appears 2 times; this is copy 2,medium,,
612,data_quality,order_reviews,79384,22fef74f256389ce01a0886104f0c490,,duplicate_key,key (review_id) appears 2 times; this is copy 2,medium,,
613,data_quality,order_reviews,79448,206ac3e1651d98d3a5b41e6b83409168,,duplicate_key,key (review_id) appears 2 times; this is copy 2,medium,,
614,data_quality,order_reviews,79522,6733d21b15f72ff8b0a708dd7543db96,,duplicate_key,key (review_id) appears 2 times; this is copy 2,medium,,
615,data_quality,order_reviews,79532,15daa9db89623052d7b25d96ed14686d,,duplicate_key,key (review_id) appears 2 times; this is copy 2,medium,,
616,data_quality,order_reviews,79703,a9d69ec14c122f4fe7c6de431811debe,,duplicate_key,key (review_id) appears 2 times; this is copy 2,medium,,
617,data_quality,order_reviews,79782,b02a40c3ff2dd7ebdc31e625788c50ee,,duplicate_key,key (review_id) appears 2 times; this is copy 2,medium,,
618,data_quality,order_reviews,79793,5f9f0747bde2127b2ba70b7a24efaefd,,duplicate_key,key (review_id) appears 2 times; this is copy 2,medium,,
619,data_quality,order_reviews,79890,48f315adb0fcfc986321083d894884a6,,duplicate_key,key (review_id) appears 2 times; this is copy 2,medium,,
620,data_quality,order_reviews,79937,88dce7f8594f6d0a01adb5108c281f60,,duplicate_key,key (review_id) appears 2 times; this is copy 2,medium,,
621,data_quality,order_reviews,79947,8dcd88913fda5d43918241b61f467262,,duplicate_key,key (review_id) appears 2 times; this is copy 2,medium,,
622,data_quality,order_reviews,80009,62c7722239b976d943ec0d430cfe890e,,duplicate_key,key (review_id) appears 2 times; this is copy 2,medium,,
623,data_quality,order_reviews,80165,ec631e163f9b436499fd8fcda6ea3b03,,duplicate_key,key (review_id) appears 2 times; this is copy 2,medium,,
624,data_quality,order_reviews,80231,2b7b61d0f37a3b5fc2d61a7cc8424b95,,duplicate_key,key (review_id) appears 2 times; this is copy 2,medium,,
625,data_quality,order_reviews,80243,baa56bf0b94ee6f09cd85fba21271c86,,duplicate_key,key (review_id) appears 2 times; this is copy 2,medium,,
626,data_quality,order_reviews,80259,47ce9f3f6c89ce50db02a897ebb7148a,,duplicate_key,key (review_id) appears 2 times; this is copy 2,medium,,
627,data_quality,order_reviews,80309,d70b9aa33dad62363fdda2d758373314,,duplicate_key,key (review_id) appears 2 times; this is copy 2,medium,,
628,data_quality,order_reviews,80330,ee9bde038f146b5ece0d9a859cc2a795,,duplicate_key,key (review_id) appears 2 times; this is copy 2,medium,,
629,data_quality,order_reviews,80426,452c58e6ab8609f53592745a76557ca8,,duplicate_key,key (review_id) appears 2 times; this is copy 2,medium,,
630,data_quality,order_reviews,80632,c509f8b367ee5227700c29fcc76a097a,,duplicate_key,key (review_id) appears 2 times; this is copy 2,medium,,
631,data_quality,order_reviews,80659,70be3f25177bd0d08ab572e9c6a2281a,,duplicate_key,key (review_id) appears 2 times; this is copy 2,medium,,
632,data_quality,order_reviews,80825,db90ab0ea5d97cbfa75cb66ea71013cc,,duplicate_key,key (review_id) appears 2 times; this is copy 2,medium,,
633,data_quality,order_reviews,80943,0a3b875d00f437f25215e0ac942efca2,,duplicate_key,key (review_id) appears 2 times; this is copy 2,medium,,
634,data_quality,order_reviews,81057,8a90511249a72061a421c9bbb7a6f45f,,duplicate_key,key (review_id) appears 2 times; this is copy 2,medium,,
635,data_quality,order_reviews,81095,034528cb00b6bc981847acafbdf2ae0b,,duplicate_key,key (review_id) appears 2 times; this is copy 2,medium,,
636,data_quality,order_reviews,81108,50159be3324818783d2662534eb31484,,duplicate_key,key (review_id) appears 2 times; this is copy 2,medium,,
637,data_quality,order_reviews,81163,44364d486716935567b860f5e4cf71a9,,duplicate_key,key (review_id) appears 2 times; this is copy 2,medium,,
638,data_quality,order_reviews,81216,6d5aba762fb3b8b6c5e0245c904e8ce8,,duplicate_key,key (review_id) appears 2 times; this is copy 2,medium,,
639,data_quality,order_reviews,81252,3a1b330608c1b5b631b506a0bc463905,,duplicate_key,key (review_id) appears 2 times; this is copy 2,medium,,
640,data_quality,order_reviews,81497,f6e05a3f6dbc3bdb1ec3068725c67677,,duplicate_key,key (review_id) appears 2 times; this is copy 2,medium,,
641,data_quality,order_reviews,81542,e0a7f4be6133b5e6e7830bb55a5b9c77,,duplicate_key,key (review_id) appears 2 times; this is copy 2,medium,,
642,data_quality,order_reviews,81568,f4870fa4839bbc586c475dc6a020467c,,duplicate_key,key (review_id) appears 2 times; this is copy 2,medium,,
643,data_quality,order_reviews,81877,dd43a798c9e8baf7b69297bb076c517d,,duplicate_key,key (review_id) appears 2 times; this is copy 2,medium,,
644,data_quality,order_reviews,81896,7809e9182263f632c86c4a8264830c06,,duplicate_key,key (review_id) appears 2 times; this is copy 2,medium,,
645,data_quality,order_reviews,82096,9282f8481d3fff93b5fc444eb5c934e2,,duplicate_key,key (review_id) appears 2 times; this is copy 2,medium,,
646,data_quality,order_reviews,82116,12476f0c366e9de86c46fbced6372d92,,duplicate_key,key (review_id) appears 2 times; this is copy 2,medium,,
647,data_quality,order_reviews,82216,3c13b1bfbeb1111f4842bdc89f3e54f1,,duplicate_key,key (review_id) appears 2 times; this is copy 2,medium,,
648,data_quality,order_reviews,82268,c9a406d3076559e35f713ec82223d39c,,duplicate_key,key (review_id) appears 2 times; this is copy 2,medium,,
649,data_quality,order_reviews,82269,84e1b02ff4ed50cc9823db1ce911e879,,duplicate_key,key (review_id) appears 2 times; this is copy 2,medium,,
650,data_quality,order_reviews,82394,26c7339968774f98c7b496b924e97913,,duplicate_key,key (review_id) appears 2 times; this is copy 2,medium,,
651,data_quality,order_reviews,82447,f44e22203e35c5ebeef4c6f18004698f,,duplicate_key,key (review_id) appears 2 times; this is copy 2,medium,,
652,data_quality,order_reviews,82510,f1cba0ac840dac58e4b619bd3424f443,,duplicate_key,key (review_id) appears 2 times; this is copy 2,medium,,
653,data_quality,order_reviews,82522,ff2fc9e68f8aabfbe18d710b83aabd30,,duplicate_key,key (review_id) appears 2 times; this is copy 2,medium,,
654,data_quality,order_reviews,82526,202b5f44d09cd3cfc0d6bd12f01b044c,,duplicate_key,key (review_id) appears 2 times; this is copy 2,medium,,
655,data_quality,order_reviews,82552,3371a4d073e685a2661e0be3fd6d75b9,,duplicate_key,key (review_id) appears 2 times; this is copy 2,medium,,
656,data_quality,order_reviews,82771,97611a5acbeac2d3adb5a731bad57eb2,,duplicate_key,key (review_id) appears 2 times; this is copy 2,medium,,
657,data_quality,order_reviews,82828,ef4767983d3b56ce5eeefec96a50c488,,duplicate_key,key (review_id) appears 2 times; this is copy 2,medium,,
658,data_quality,order_reviews,82862,edc2b953f59278ef8fafdd70309051e2,,duplicate_key,key (review_id) appears 2 times; this is copy 2,medium,,
659,data_quality,order_reviews,82876,3cd0cdb556ae14cfc2d463954c86aff4,,duplicate_key,key (review_id) appears 2 times; this is copy 2,medium,,
660,data_quality,order_reviews,82951,70509c441d994fa03d6c1457930c9024,,duplicate_key,key (review_id) appears 3 times; this is copy 3,medium,,
661,data_quality,order_reviews,82990,771654d19b26b9108952856b225ad105,,duplicate_key,key (review_id) appears 2 times; this is copy 2,medium,,
662,data_quality,order_reviews,83145,69a1068c3128a14994e3e422e4539e04,,duplicate_key,key (review_id) appears 3 times; this is copy 3,medium,,
663,data_quality,order_reviews,83225,d8e8c42271c8fb67b9dad95d98c8ff80,,duplicate_key,key (review_id) appears 2 times; this is copy 2,medium,,
664,data_quality,order_reviews,83238,d7135cb8e54b0f5c3280903da08d2e6c,,duplicate_key,key (review_id) appears 2 times; this is copy 2,medium,,
665,data_quality,order_reviews,83323,6b53b5ee362ec284dcaca9a653645b58,,duplicate_key,key (review_id) appears 2 times; this is copy 2,medium,,
666,data_quality,order_reviews,83389,e17c3b2f8e99c2094d21a3998b671448,,duplicate_key,key (review_id) appears 2 times; this is copy 2,medium,,
667,data_quality,order_reviews,83491,896868ccab0573ea9bebcb28a306788f,,duplicate_key,key (review_id) appears 2 times; this is copy 2,medium,,
668,data_quality,order_reviews,83699,b4dffda6cbf1a5a615b2a8f146bdbddd,,duplicate_key,key (review_id) appears 2 times; this is copy 2,medium,,
669,data_quality,order_reviews,83717,477e76574f03b3e13f734bf24e3a17b5,,duplicate_key,key (review_id) appears 2 times; this is copy 2,medium,,
670,data_quality,order_reviews,83795,bc2f89d98cee993d05d92e66984a32db,,duplicate_key,key (review_id) appears 2 times; this is copy 2,medium,,
671,data_quality,order_reviews,83856,18071cb247f057c348988037fa94a0cd,,duplicate_key,key (review_id) appears 2 times; this is copy 2,medium,,
672,data_quality,order_reviews,83933,1ef17c31c6a710e3cee7853fb387dcc3,,duplicate_key,key (review_id) appears 2 times; this is copy 2,medium,,
673,data_quality,order_reviews,84061,5fd19c3d05229eb9a93bc839b2536488,,duplicate_key,key (review_id) appears 2 times; this is copy 2,medium,,
674,data_quality,order_reviews,84146,44cc3ff63b7074e53cb78bb7c940a85a,,duplicate_key,key (review_id) appears 2 times; this is copy 2,medium,,
675,data_quality,order_reviews,84223,abbfacb2964f74f6487c9c10ac46daa6,,duplicate_key,key (review_id) appears 3 times; this is copy 3,medium,,
676,data_quality,order_reviews,84326,e13128391a71b69596a2d644a2ad0948,,duplicate_key,key (review_id) appears 2 times; this is copy 2,medium,,
677,data_quality,order_reviews,84348,e0e2cc5f759ce5f71bca81393629177d,,duplicate_key,key (review_id) appears 2 times; this is copy 2,medium,,
678,data_quality,order_reviews,84449,1c7a92108afc9782646581517fbb2808,,duplicate_key,key (review_id) appears 2 times; this is copy 2,medium,,
679,data_quality,order_reviews,84457,cc3b29e7467a6675cc6c751127e43e29,,duplicate_key,key (review_id) appears 2 times; this is copy 2,medium,,
680,data_quality,order_reviews,84536,882ca0d267d584ea804cdc36edf9307d,,duplicate_key,key (review_id) appears 2 times; this is copy 2,medium,,
681,data_quality,order_reviews,84557,ecbaf1fce7d2c09bfab46f89065afeaf,,duplicate_key,key (review_id) appears 2 times; this is copy 2,medium,,
682,data_quality,order_reviews,84624,40bb722a8b4a84fae3d5d45dfe0fa631,,duplicate_key,key (review_id) appears 2 times; this is copy 2,medium,,
683,data_quality,order_reviews,84644,87c13a40ddb9333c0818f8f6745af183,,duplicate_key,key (review_id) appears 2 times; this is copy 2,medium,,
684,data_quality,order_reviews,84832,8090efcb22d6a077e3b2307f8bcb7a31,,duplicate_key,key (review_id) appears 2 times; this is copy 2,medium,,
685,data_quality,order_reviews,84850,8600c6c8b100296750e056f4d4f04f08,,duplicate_key,key (review_id) appears 2 times; this is copy 2,medium,,
686,data_quality,order_reviews,84858,c6dbd92da12d8e4bcb5511bdbce042e1,,duplicate_key,key (review_id) appears 2 times; this is copy 2,medium,,
687,data_quality,order_reviews,84945,e5e754c5f1711d0616e9073bc59db5a9,,duplicate_key,key (review_id) appears 2 times; this is copy 2,medium,,
688,data_quality,order_reviews,85039,0c1f10775ef729e60b56d9c6dcc47736,,duplicate_key,key (review_id) appears 2 times; this is copy 2,medium,,
689,data_quality,order_reviews,85139,0a2d1206f8b2473cd3ddf69b51bca98a,,duplicate_key,key (review_id) appears 2 times; this is copy 2,medium,,
690,data_quality,order_reviews,85150,cef772b5081d5ad5d8599ce359ffa364,,duplicate_key,key (review_id) appears 2 times; this is copy 2,medium,,
691,data_quality,order_reviews,85268,a46a4abee1cb1ec1cc2470db9ea73de9,,duplicate_key,key (review_id) appears 2 times; this is copy 2,medium,,
692,data_quality,order_reviews,85397,8b925ef92d48c9d0114ff75e42f166e0,,duplicate_key,key (review_id) appears 2 times; this is copy 2,medium,,
693,data_quality,order_reviews,85606,66168c22d5a5df09165ed9fea941bfd7,,duplicate_key,key (review_id) appears 2 times; this is copy 2,medium,,
694,data_quality,order_reviews,85677,94abc85a970d230e11ee2bf1c1071d47,,duplicate_key,key (review_id) appears 2 times; this is copy 2,medium,,
695,data_quality,order_reviews,85790,466783cc2c97a17f9753dca6a1d24b4a,,duplicate_key,key (review_id) appears 2 times; this is copy 2,medium,,
696,data_quality,order_reviews,85801,3d163199153af414059e6cfabc09a0fd,,duplicate_key,key (review_id) appears 2 times; this is copy 2,medium,,
697,data_quality,order_reviews,85965,be875debcda2c703ea8ab250824860f1,,duplicate_key,key (review_id) appears 2 times; this is copy 2,medium,,
698,data_quality,order_reviews,85973,4fbb4e5b3b7b2f3c67aadac7f11a0fb6,,duplicate_key,key (review_id) appears 2 times; this is copy 2,medium,,
699,data_quality,order_reviews,86088,e5442b735666e05119129509ddab5602,,duplicate_key,key (review_id) appears 2 times; this is copy 2,medium,,
700,data_quality,order_reviews,86103,e7452eb647855255b2045780c7e90097,,duplicate_key,key (review_id) appears 2 times; this is copy 2,medium,,
701,data_quality,order_reviews,86112,875f18c7bc42c18b45a34270e327102b,,duplicate_key,key (review_id) appears 2 times; this is copy 2,medium,,
702,data_quality,order_reviews,86206,6f2e9596573264a560ea177107cca3ac,,duplicate_key,key (review_id) appears 2 times; this is copy 2,medium,,
703,data_quality,order_reviews,86238,320df18288c1491cc16a1f628f5a88f7,,duplicate_key,key (review_id) appears 2 times; this is copy 2,medium,,
704,data_quality,order_reviews,86274,8971d0d95ef7f2fd30556b3447f24f58,,duplicate_key,key (review_id) appears 2 times; this is copy 2,medium,,
705,data_quality,order_reviews,86287,268d71995d6c0c472faf0f13b442a00e,,duplicate_key,key (review_id) appears 2 times; this is copy 2,medium,,
706,data_quality,order_reviews,86434,73c709570d1dfcb3f732dec67e15e294,,duplicate_key,key (review_id) appears 2 times; this is copy 2,medium,,
707,data_quality,order_reviews,86552,988f510e4dc95095d23bd3eecd9087bc,,duplicate_key,key (review_id) appears 2 times; this is copy 2,medium,,
708,data_quality,order_reviews,86679,27577255e325253c41747b9f89ba0322,,duplicate_key,key (review_id) appears 2 times; this is copy 2,medium,,
709,data_quality,order_reviews,86763,ec3817f305c65d0e88b6d5a00253e625,,duplicate_key,key (review_id) appears 2 times; this is copy 2,medium,,
710,data_quality,order_reviews,86817,ed50e2b4f052ff24cec8d6d4c050a5fc,,duplicate_key,key (review_id) appears 2 times; this is copy 2,medium,,
711,data_quality,order_reviews,86857,d723ed1c62eb4a87f7935b823cecad07,,duplicate_key,key (review_id) appears 2 times; this is copy 2,medium,,
712,data_quality,order_reviews,86890,edafdd48374104b52e9a45f1c290fa2a,,duplicate_key,key (review_id) appears 2 times; this is copy 2,medium,,
713,data_quality,order_reviews,86908,348f6373b7a445885d64a4d8dc9d5c21,,duplicate_key,key (review_id) appears 2 times; this is copy 2,medium,,
714,data_quality,order_reviews,86932,bee62df4971660d173dc75562129886e,,duplicate_key,key (review_id) appears 2 times; this is copy 2,medium,,
715,data_quality,order_reviews,86986,ba4e95c64d295dbe2abc0a589e552e1e,,duplicate_key,key (review_id) appears 2 times; this is copy 2,medium,,
716,data_quality,order_reviews,87030,9a0bb4f51bdc2568e43a1e47457bd8a4,,duplicate_key,key (review_id) appears 2 times; this is copy 2,medium,,
717,data_quality,order_reviews,87254,4509268e73002d14328d37b8f43ab3c4,,duplicate_key,key (review_id) appears 2 times; this is copy 2,medium,,
718,data_quality,order_reviews,87274,6f3ae5a43a1ce5f0c23a640be902525c,,duplicate_key,key (review_id) appears 2 times; this is copy 2,medium,,
719,data_quality,order_reviews,87398,4e9a141db068cf6856ce85ce8c3ef682,,duplicate_key,key (review_id) appears 2 times; this is copy 2,medium,,
720,data_quality,order_reviews,87441,b86b60b19d7ff8f19b2e7998ab14f5ca,,duplicate_key,key (review_id) appears 2 times; this is copy 2,medium,,
721,data_quality,order_reviews,87649,943539772eec674741b3a45d6dcf23b9,,duplicate_key,key (review_id) appears 2 times; this is copy 2,medium,,
722,data_quality,order_reviews,87700,33904eb082710bbb2db537483596adc4,,duplicate_key,key (review_id) appears 2 times; this is copy 2,medium,,
723,data_quality,order_reviews,87768,c6f4222c8531ce5bb67e8da07b3e1402,,duplicate_key,key (review_id) appears 2 times; this is copy 2,medium,,
724,data_quality,order_reviews,88012,a161c704cfc720444aa3a4492f2fb4f8,,duplicate_key,key (review_id) appears 2 times; this is copy 2,medium,,
725,data_quality,order_reviews,88045,ae9ac61bd78536846abaf469731237d6,,duplicate_key,key (review_id) appears 2 times; this is copy 2,medium,,
726,data_quality,order_reviews,88056,47f9abdf9bff2e35b757a67e46569ddb,,duplicate_key,key (review_id) appears 2 times; this is copy 2,medium,,
727,data_quality,order_reviews,88199,737455140423254b61e58cf0ac78844e,,duplicate_key,key (review_id) appears 2 times; this is copy 2,medium,,
728,data_quality,order_reviews,88336,6413878714ae36e3be4b63a827029b94,,duplicate_key,key (review_id) appears 2 times; this is copy 2,medium,,
729,data_quality,order_reviews,88389,82473e05c5914d11febd344166d93976,,duplicate_key,key (review_id) appears 2 times; this is copy 2,medium,,
730,data_quality,order_reviews,88410,e8f500e8052dd5fac20fee5a8c880367,,duplicate_key,key (review_id) appears 2 times; this is copy 2,medium,,
731,data_quality,order_reviews,88472,8de59983eadc752efaf5e7c5b4b46787,,duplicate_key,key (review_id) appears 2 times; this is copy 2,medium,,
732,data_quality,order_reviews,88566,3295dbb1b074d724e79ef4c08482b92c,,duplicate_key,key (review_id) appears 2 times; this is copy 2,medium,,
733,data_quality,order_reviews,88623,5ac791169055b4994a395a442e3956f6,,duplicate_key,key (review_id) appears 2 times; this is copy 2,medium,,
734,data_quality,order_reviews,88625,36ce47fb903bec726f89c65eac26dc9f,,duplicate_key,key (review_id) appears 2 times; this is copy 2,medium,,
735,data_quality,order_reviews,88700,a0caeb49360c7afacbd5dc0e64d96b93,,duplicate_key,key (review_id) appears 2 times; this is copy 2,medium,,
736,data_quality,order_reviews,88706,87907dcffd28bd5bfad86965165460b9,,duplicate_key,key (review_id) appears 2 times; this is copy 2,medium,,
737,data_quality,order_reviews,88781,94b9eac694c93fb28d6e2fae6426cda9,,duplicate_key,key (review_id) appears 2 times; this is copy 2,medium,,
738,data_quality,order_reviews,88802,500ee08591e89f9a89561aa6b5f720d1,,duplicate_key,key (review_id) appears 2 times; this is copy 2,medium,,
739,data_quality,order_reviews,88838,37680aaaa05c4feca6dc54850acc4bda,,duplicate_key,key (review_id) appears 2 times; this is copy 2,medium,,
740,data_quality,order_reviews,88856,f72dc5627bd78fb840c136295ae345f5,,duplicate_key,key (review_id) appears 2 times; this is copy 2,medium,,
741,data_quality,order_reviews,88909,89681f3111ee025da22b32af792e771d,,duplicate_key,key (review_id) appears 2 times; this is copy 2,medium,,
742,data_quality,order_reviews,89115,d2c5265e58f029d12c5cd37590fd5b60,,duplicate_key,key (review_id) appears 2 times; this is copy 2,medium,,
743,data_quality,order_reviews,89129,2aff17b27e1fa4125d6d9e9800b22d07,,duplicate_key,key (review_id) appears 2 times; this is copy 2,medium,,
744,data_quality,order_reviews,89187,c1f6424ccdc7843778dc7ee81113f762,,duplicate_key,key (review_id) appears 2 times; this is copy 2,medium,,
745,data_quality,order_reviews,89208,5c99f6ff0f883ea3b283853720266109,,duplicate_key,key (review_id) appears 2 times; this is copy 2,medium,,
746,data_quality,order_reviews,89361,fb96ea2ef8cce1c888f4d45c8e22b793,,duplicate_key,key (review_id) appears 2 times; this is copy 2,medium,,
747,data_quality,order_reviews,89454,0c2915e69ee09c18b9c15b8035bdc5ff,,duplicate_key,key (review_id) appears 2 times; this is copy 2,medium,,
748,data_quality,order_reviews,89481,a16ff2e678beac3fdcab12056e24a2da,,duplicate_key,key (review_id) appears 2 times; this is copy 2,medium,,
749,data_quality,order_reviews,89567,58b4629d5cf0507f7f8b9ae84c146544,,duplicate_key,key (review_id) appears 2 times; this is copy 2,medium,,
750,data_quality,order_reviews,89570,28ab5f5b112efe2a2f4582bf4d070485,,duplicate_key,key (review_id) appears 2 times; this is copy 2,medium,,
751,data_quality,order_reviews,89756,55d37f60f12bd5af8b2185dda9ef6dea,,duplicate_key,key (review_id) appears 2 times; this is copy 2,medium,,
752,data_quality,order_reviews,89889,0c8e7347f1cdd2aede37371543e3d163,,duplicate_key,key (review_id) appears 2 times; this is copy 2,medium,,
753,data_quality,order_reviews,89933,e0f92bd0f01d2e1bfd90d13862217b11,,duplicate_key,key (review_id) appears 2 times; this is copy 2,medium,,
754,data_quality,order_reviews,89963,1a6be4c794d5e3da242a364f6a98163f,,duplicate_key,key (review_id) appears 2 times; this is copy 2,medium,,
755,data_quality,order_reviews,90045,59168ad031faf4d695bd0b532c8dc8c9,,duplicate_key,key (review_id) appears 2 times; this is copy 2,medium,,
756,data_quality,order_reviews,90065,7c6ab3320d76d6d5170203e73d272e3d,,duplicate_key,key (review_id) appears 2 times; this is copy 2,medium,,
757,data_quality,order_reviews,90101,a961f72f8805e9e56ab2def010b6fac9,,duplicate_key,key (review_id) appears 2 times; this is copy 2,medium,,
758,data_quality,order_reviews,90188,d6096704b4ee25d0336dc056f119f70c,,duplicate_key,key (review_id) appears 2 times; this is copy 2,medium,,
759,data_quality,order_reviews,90217,85b0c36f463e19aa709b2ee1446513ce,,duplicate_key,key (review_id) appears 2 times; this is copy 2,medium,,
760,data_quality,order_reviews,90229,3a3c8a7cefc90bf9b10ac53451f4549e,,duplicate_key,key (review_id) appears 2 times; this is copy 2,medium,,
761,data_quality,order_reviews,90299,f4d74b17cd63ee35efa82cd2567de911,,duplicate_key,key (review_id) appears 2 times; this is copy 2,medium,,
762,data_quality,order_reviews,90317,b88c30d8714298dddb2cd56fb0fa4d57,,duplicate_key,key (review_id) appears 2 times; this is copy 2,medium,,
763,data_quality,order_reviews,90389,5d4b9d006f25dbfdcb801b524747b172,,duplicate_key,key (review_id) appears 2 times; this is copy 2,medium,,
764,data_quality,order_reviews,90426,9ee332340e369798b47cf243f1e3f99f,,duplicate_key,key (review_id) appears 2 times; this is copy 2,medium,,
765,data_quality,order_reviews,90449,dd58af2639fcadea69893ec0ff94bdd1,,duplicate_key,key (review_id) appears 2 times; this is copy 2,medium,,
766,data_quality,order_reviews,90493,3a5a10d592a6e639cdb9330c9e6d2a87,,duplicate_key,key (review_id) appears 2 times; this is copy 2,medium,,
767,data_quality,order_reviews,90553,e44840754f12fad2b8646712121b349a,,duplicate_key,key (review_id) appears 3 times; this is copy 3,medium,,
768,data_quality,order_reviews,90596,894b525b6e447029ee870124c0175c63,,duplicate_key,key (review_id) appears 2 times; this is copy 2,medium,,
769,data_quality,order_reviews,90624,a57234928196a67db08f6a41adbb26fe,,duplicate_key,key (review_id) appears 2 times; this is copy 2,medium,,
770,data_quality,order_reviews,90666,5ccf9e14796ecb4f98ce11d896e9f0c0,,duplicate_key,key (review_id) appears 2 times; this is copy 2,medium,,
771,data_quality,order_reviews,90678,0115633a9c298b6a98bcbe4eee75345f,,duplicate_key,key (review_id) appears 2 times; this is copy 2,medium,,
772,data_quality,order_reviews,90684,574eb8fce37a82e08574336beddd2d2c,,duplicate_key,key (review_id) appears 2 times; this is copy 2,medium,,
773,data_quality,order_reviews,90689,d672a3187b060908887a8ae9808cc02a,,duplicate_key,key (review_id) appears 2 times; this is copy 2,medium,,
774,data_quality,order_reviews,90752,45492b637a77865609f86bb4b99ed6d9,,duplicate_key,key (review_id) appears 2 times; this is copy 2,medium,,
775,data_quality,order_reviews,90865,a935b3d67f406bac4853776d80a05220,,duplicate_key,key (review_id) appears 2 times; this is copy 2,medium,,
776,data_quality,order_reviews,91009,67f300be4fddb206e5fad4e8a3bcda0c,,duplicate_key,key (review_id) appears 2 times; this is copy 2,medium,,
777,data_quality,order_reviews,91165,376c23240f8f0ed3279ce924b0d6a260,,duplicate_key,key (review_id) appears 2 times; this is copy 2,medium,,
778,data_quality,order_reviews,91248,d223527addf6e17b6978d2e9b982d26f,,duplicate_key,key (review_id) appears 2 times; this is copy 2,medium,,
779,data_quality,order_reviews,91321,ee40ec76a6566abad15cb95596544d9e,,duplicate_key,key (review_id) appears 2 times; this is copy 2,medium,,
780,data_quality,order_reviews,91335,08531aa0b3844944e7aeef53530f8598,,duplicate_key,key (review_id) appears 2 times; this is copy 2,medium,,
781,data_quality,order_reviews,91420,ed572527a5e73f537301486af48a9fe4,,duplicate_key,key (review_id) appears 2 times; this is copy 2,medium,,
782,data_quality,order_reviews,91487,5e78482ee783451be6026e5cf0c72de1,,duplicate_key,key (review_id) appears 2 times; this is copy 2,medium,,
783,data_quality,order_reviews,91585,161160f7f3602ec0de9cd583b62b3b15,,duplicate_key,key (review_id) appears 2 times; this is copy 2,medium,,
784,data_quality,order_reviews,91624,f00574b1fdbf8f0db6679e382a52fda6,,duplicate_key,key (review_id) appears 2 times; this is copy 2,medium,,
785,data_quality,order_reviews,91708,b74cba1fc2734020bb720f277821fbcc,,duplicate_key,key (review_id) appears 2 times; this is copy 2,medium,,
786,data_quality,order_reviews,91863,d966cc03b3a42b5d7b9a3a951ae97b76,,duplicate_key,key (review_id) appears 2 times; this is copy 2,medium,,
787,data_quality,order_reviews,91887,1442a23fe4555fda0f7c7eb7ba5ae3b1,,duplicate_key,key (review_id) appears 2 times; this is copy 2,medium,,
788,data_quality,order_reviews,92018,778826f9af6467ff6268bbcf436cd3c5,,duplicate_key,key (review_id) appears 2 times; this is copy 2,medium,,
789,data_quality,order_reviews,92049,8566d94f7bf3bedbb4ca6a29725fc382,,duplicate_key,key (review_id) appears 2 times; this is copy 2,medium,,
790,data_quality,order_reviews,92063,fd582f520c76d0b29106fcef19d868fc,,duplicate_key,key (review_id) appears 2 times; this is copy 2,medium,,
791,data_quality,order_reviews,92095,9bd0077d08645b60245d5f6b8896bbd7,,duplicate_key,key (review_id) appears 2 times; this is copy 2,medium,,
792,data_quality,order_reviews,92143,ae57754056fd9da5389d1b1a43ab0983,,duplicate_key,key (review_id) appears 2 times; this is copy 2,medium,,
793,data_quality,order_reviews,92198,bcab607c602aa2ebf22f6889eb896823,,duplicate_key,key (review_id) appears 2 times; this is copy 2,medium,,
794,data_quality,order_reviews,92217,a7bff3d04efb15f2623d790a97678437,,duplicate_key,key (review_id) appears 2 times; this is copy 2,medium,,
795,data_quality,order_reviews,92218,77d427beb34a26b489b34209b61bb974,,duplicate_key,key (review_id) appears 2 times; this is copy 2,medium,,
796,data_quality,order_reviews,92236,48198628b2d43ed394089750acc59c3f,,duplicate_key,key (review_id) appears 2 times; this is copy 2,medium,,
797,data_quality,order_reviews,92244,e9cf1b5368603de7222e94123cc1ceb5,,duplicate_key,key (review_id) appears 2 times; this is copy 2,medium,,
798,data_quality,order_reviews,92376,8ca5764890772ed8dca028e1c969d898,,duplicate_key,key (review_id) appears 2 times; this is copy 2,medium,,
799,data_quality,order_reviews,92388,f93a6332128cacfebb46d09e7357a498,,duplicate_key,key (review_id) appears 2 times; this is copy 2,medium,,
800,data_quality,order_reviews,92697,32415bbf6e341d5d517080a796f79b5c,,duplicate_key,key (review_id) appears 3 times; this is copy 2,medium,,
801,data_quality,order_reviews,92747,51f8d7ba9221dc818368c967e4beded3,,duplicate_key,key (review_id) appears 2 times; this is copy 2,medium,,
802,data_quality,order_reviews,92762,535b5d68bb93ef233eeb4797f2e95b7e,,duplicate_key,key (review_id) appears 2 times; this is copy 2,medium,,
803,data_quality,order_reviews,92769,4548534449b1f572e357211b90724f1b,,duplicate_key,key (review_id) appears 3 times; this is copy 2,medium,,
804,data_quality,order_reviews,92815,e78743b6742c4e169e34979c3693069c,,duplicate_key,key (review_id) appears 2 times; this is copy 2,medium,,
805,data_quality,order_reviews,92843,0546d398a833d4c33dec480bedeecfbd,,duplicate_key,key (review_id) appears 2 times; this is copy 2,medium,,
806,data_quality,order_reviews,92877,0174caf0ee5964646040cd94e15ac95e,,duplicate_key,key (review_id) appears 2 times; this is copy 2,medium,,
807,data_quality,order_reviews,93062,68a97595d96f3890eb24bd5bd2654339,,duplicate_key,key (review_id) appears 2 times; this is copy 2,medium,,
808,data_quality,order_reviews,93072,505271336a651e681deeac18807d4000,,duplicate_key,key (review_id) appears 2 times; this is copy 2,medium,,
809,data_quality,order_reviews,93076,bdc75c2855c909171095e470910d0421,,duplicate_key,key (review_id) appears 2 times; this is copy 2,medium,,
810,data_quality,order_reviews,93110,dc4744d42039931c560913a239cbcb73,,duplicate_key,key (review_id) appears 2 times; this is copy 2,medium,,
811,data_quality,order_reviews,93196,88e249eb87b104cce663479b3250e03a,,duplicate_key,key (review_id) appears 2 times; this is copy 2,medium,,
812,data_quality,order_reviews,93240,c08c3524a4910d037a89c59e174f6b33,,duplicate_key,key (review_id) appears 2 times; this is copy 2,medium,,
813,data_quality,order_reviews,93319,f592cda1f31fab0e13e67cbd638944d0,,duplicate_key,key (review_id) appears 2 times; this is copy 2,medium,,
814,data_quality,order_reviews,93328,72f6ccb4b4cf569f0c40e03e327d7aa2,,duplicate_key,key (review_id) appears 2 times; this is copy 2,medium,,
815,data_quality,order_reviews,93346,81b1b9877ab57bf13e0d8ffc2f550c1a,,duplicate_key,key (review_id) appears 2 times; this is copy 2,medium,,
816,data_quality,order_reviews,93362,f7c09559f529e0e8b2b5f4d0414a772f,,duplicate_key,key (review_id) appears 2 times; this is copy 2,medium,,
817,data_quality,order_reviews,93387,5838f546d8d940f8ec5ea405aa73571a,,duplicate_key,key (review_id) appears 2 times; this is copy 2,medium,,
818,data_quality,order_reviews,93531,12f2fd663de5670387805fd70ece2e21,,duplicate_key,key (review_id) appears 2 times; this is copy 2,medium,,
819,data_quality,order_reviews,93541,b3660036bce046fa596b3e7e45d2fa7b,,duplicate_key,key (review_id) appears 2 times; this is copy 2,medium,,
820,data_quality,order_reviews,93559,1c9023a88f4effba4abbf114c58bedba,,duplicate_key,key (review_id) appears 2 times; this is copy 2,medium,,
821,data_quality,order_reviews,93584,3052a79d76a1932ff98c990a59230f8d,,duplicate_key,key (review_id) appears 2 times; this is copy 2,medium,,
822,data_quality,order_reviews,93626,70f8739a689aa85ca0dcc8569b8ad5ca,,duplicate_key,key (review_id) appears 2 times; this is copy 2,medium,,
823,data_quality,order_reviews,93689,56de39acc5daeedb199812ed503a202a,,duplicate_key,key (review_id) appears 2 times; this is copy 2,medium,,
824,data_quality,order_reviews,93918,6ef5a72381dcf64b810abd382e254161,,duplicate_key,key (review_id) appears 2 times; this is copy 2,medium,,
825,data_quality,order_reviews,93995,4c4bc2df56b20a1bc3749622240a427f,,duplicate_key,key (review_id) appears 2 times; this is copy 2,medium,,
826,data_quality,order_reviews,94052,70a8116eca10985774c366724e7c57d4,,duplicate_key,key (review_id) appears 2 times; this is copy 2,medium,,
827,data_quality,order_reviews,94164,44e9f871226d8a130de3fc39dfbdf0c5,,duplicate_key,key (review_id) appears 3 times; this is copy 3,medium,,
828,data_quality,order_reviews,94228,3e01d982e5d8012af3a30bcb7b66645d,,duplicate_key,key (review_id) appears 2 times; this is copy 2,medium,,
829,data_quality,order_reviews,94333,1e3fb3520c0e1e9c12b0dc943f7d437b,,duplicate_key,key (review_id) appears 2 times; this is copy 2,medium,,
830,data_quality,order_reviews,94505,c56a88a404315a0d9e412c1472dda2c4,,duplicate_key,key (review_id) appears 2 times; this is copy 2,medium,,
831,data_quality,order_reviews,94579,0837bc8fa2cb75353513858b3bb5be1d,,duplicate_key,key (review_id) appears 2 times; this is copy 2,medium,,
832,data_quality,order_reviews,94597,8f88d933e21e08599ea3e88e6e63b2b9,,duplicate_key,key (review_id) appears 2 times; this is copy 2,medium,,
833,data_quality,order_reviews,94749,c6ee64e6e70385d1f3860943b8bc6d47,,duplicate_key,key (review_id) appears 2 times; this is copy 2,medium,,
834,data_quality,order_reviews,94811,ab33285d2a153d33faf0748cc512f496,,duplicate_key,key (review_id) appears 2 times; this is copy 2,medium,,
835,data_quality,order_reviews,94852,0288d42bef3dfe36930740c9588a570f,,duplicate_key,key (review_id) appears 2 times; this is copy 2,medium,,
836,data_quality,order_reviews,94862,854ce3274684322d2ad677b5246530c0,,duplicate_key,key (review_id) appears 2 times; this is copy 2,medium,,
837,data_quality,order_reviews,94999,30153632ebb19a673c80aa1b13e94c3d,,duplicate_key,key (review_id) appears 2 times; this is copy 2,medium,,
838,data_quality,order_reviews,95002,6793075d99f06d9d168e24e0d92822b7,,duplicate_key,key (review_id) appears 2 times; this is copy 2,medium,,
839,data_quality,order_reviews,95074,ea88898e75d153da5b7656e8e0d48fb8,,duplicate_key,key (review_id) appears 2 times; this is copy 2,medium,,
840,data_quality,order_reviews,95108,917cdadc1a5b4cf4c988d264992f23a9,,duplicate_key,key (review_id) appears 2 times; this is copy 2,medium,,
841,data_quality,order_reviews,95112,8ac33a30a6995a4fbffb0207db3c84c8,,duplicate_key,key (review_id) appears 2 times; this is copy 2,medium,,
842,data_quality,order_reviews,95149,13b2872ada20991c4f52ccb141cb1705,,duplicate_key,key (review_id) appears 2 times; this is copy 2,medium,,
843,data_quality,order_reviews,95209,ae8edfd6760a9a44409dea41ec266d5a,,duplicate_key,key (review_id) appears 2 times; this is copy 2,medium,,
844,data_quality,order_reviews,95403,4548534449b1f572e357211b90724f1b,,duplicate_key,key (review_id) appears 3 times; this is copy 3,medium,,
845,data_quality,order_reviews,95470,decad04fe281ccbc0afac15a9e867533,,duplicate_key,key (review_id) appears 2 times; this is copy 2,medium,,
846,data_quality,order_reviews,95479,6cc9ffe1e6e48b2196bef31822c3040f,,duplicate_key,key (review_id) appears 2 times; this is copy 2,medium,,
847,data_quality,order_reviews,95545,dbdf1ea31790c8ecfcc6750525661a9b,,duplicate_key,key (review_id) appears 3 times; this is copy 3,medium,,
848,data_quality,order_reviews,95559,bf796bbf98859accfb3e19189995b931,,duplicate_key,key (review_id) appears 2 times; this is copy 2,medium,,
849,data_quality,order_reviews,95604,c0d580d6aaa341ec6e9183896a03f656,,duplicate_key,key (review_id) appears 2 times; this is copy 2,medium,,
850,data_quality,order_reviews,95712,32bfc824c23129068e5261d3e850b0dd,,duplicate_key,key (review_id) appears 2 times; this is copy 2,medium,,
851,data_quality,order_reviews,95742,32415bbf6e341d5d517080a796f79b5c,,duplicate_key,key (review_id) appears 3 times; this is copy 3,medium,,
852,data_quality,order_reviews,95775,c444278834184f72b1484dfe47de7f97,,duplicate_key,key (review_id) appears 3 times; this is copy 3,medium,,
853,data_quality,order_reviews,95805,c210b6e904e3c7c34ff91fca84356431,,duplicate_key,key (review_id) appears 2 times; this is copy 2,medium,,
854,data_quality,order_reviews,95849,69228c9ea08f4e0d8b591cc2309f4a5d,,duplicate_key,key (review_id) appears 2 times; this is copy 2,medium,,
855,data_quality,order_reviews,95861,02aa7f5f75e964e3c7efa59a1f515281,,duplicate_key,key (review_id) appears 2 times; this is copy 2,medium,,
856,data_quality,order_reviews,95921,1961cafe1d1cbd4cc701c2f0160467ff,,duplicate_key,key (review_id) appears 2 times; this is copy 2,medium,,
857,data_quality,order_reviews,96000,89d6214895235bb95c50edd0a15f0c67,,duplicate_key,key (review_id) appears 2 times; this is copy 2,medium,,
858,data_quality,order_reviews,96047,b54d02f7f1520b3995f84b77ab0dacb3,,duplicate_key,key (review_id) appears 2 times; this is copy 2,medium,,
859,data_quality,order_reviews,96081,0254bd905dc677a6078990aad3331a36,,duplicate_key,key (review_id) appears 2 times; this is copy 2,medium,,
860,data_quality,order_reviews,96283,9ab0b4714556d539f954a0f1afa673e9,,duplicate_key,key (review_id) appears 2 times; this is copy 2,medium,,
861,data_quality,order_reviews,96305,1439640ba4905dc2f98188cad2a77154,,duplicate_key,key (review_id) appears 2 times; this is copy 2,medium,,
862,data_quality,order_reviews,96324,ada4308966378d943dcce63d15f385b6,,duplicate_key,key (review_id) appears 2 times; this is copy 2,medium,,
863,data_quality,order_reviews,96340,a163c2bb07914cd66030081de2399253,,duplicate_key,key (review_id) appears 2 times; this is copy 2,medium,,
864,data_quality,order_reviews,96403,f51c9e02992e0769176df80c50d9549e,,duplicate_key,key (review_id) appears 2 times; this is copy 2,medium,,
865,data_quality,order_reviews,96411,1dee9d450a2b8533d2085cef898ca4a2,,duplicate_key,key (review_id) appears 2 times; this is copy 2,medium,,
866,data_quality,order_reviews,96510,6902c7530ba05c8f2927697108f42732,,duplicate_key,key (review_id) appears 2 times; this is copy 2,medium,,
867,data_quality,order_reviews,96562,a2a57bf2fc42d185910f9881502faa18,,duplicate_key,key (review_id) appears 2 times; this is copy 2,medium,,
868,data_quality,order_reviews,96682,0498e9722f8757426c3c3ee0b91e666d,,duplicate_key,key (review_id) appears 2 times; this is copy 2,medium,,
869,data_quality,order_reviews,96806,4687cd3dc8cbaa6b8932ab101d02a937,,duplicate_key,key (review_id) appears 2 times; this is copy 2,medium,,
870,data_quality,order_reviews,96825,0b9af3c12843b743f612ca8abbc33e83,,duplicate_key,key (review_id) appears 2 times; this is copy 2,medium,,
871,data_quality,order_reviews,97044,81d042d1f892d33b08d2c58aea56f72c,,duplicate_key,key (review_id) appears 2 times; this is copy 2,medium,,
872,data_quality,order_reviews,97228,85110eedf5dc420ec905b72c2cee2432,,duplicate_key,key (review_id) appears 2 times; this is copy 2,medium,,
873,data_quality,order_reviews,97242,917a4b765108017eaac1d80971e8f1b7,,duplicate_key,key (review_id) appears 2 times; this is copy 2,medium,,
874,data_quality,order_reviews,97309,68eb847f85bc01081e3ce1d881cb16ce,,duplicate_key,key (review_id) appears 2 times; this is copy 2,medium,,
875,data_quality,order_reviews,97417,9a6903152df5382a641ed1a3bb093ed2,,duplicate_key,key (review_id) appears 2 times; this is copy 2,medium,,
876,data_quality,order_reviews,97456,b50b479cf97c8998967015fac6825c58,,duplicate_key,key (review_id) appears 2 times; this is copy 2,medium,,
877,data_quality,order_reviews,97467,e40c15ccebf9821ea0f3fe18cfb5fcfe,,duplicate_key,key (review_id) appears 2 times; this is copy 2,medium,,
878,data_quality,order_reviews,97511,9b88af6ae32a1454e91559508c33ab6e,,duplicate_key,key (review_id) appears 2 times; this is copy 2,medium,,
879,data_quality,order_reviews,97531,8e954c79dc2fc426d5f17035e9bb22dd,,duplicate_key,key (review_id) appears 2 times; this is copy 2,medium,,
880,data_quality,order_reviews,97544,bebd0c23d7791cb07b4eb3e459e5920b,,duplicate_key,key (review_id) appears 2 times; this is copy 2,medium,,
881,data_quality,order_reviews,97623,31ee4a2b86d784bc87859808b6f3daf3,,duplicate_key,key (review_id) appears 2 times; this is copy 2,medium,,
882,data_quality,order_reviews,97706,e8b0e8aa4aa6bc43fc936579da18787c,,duplicate_key,key (review_id) appears 2 times; this is copy 2,medium,,
883,data_quality,order_reviews,97747,183808dc516fab3df74b087310299cf0,,duplicate_key,key (review_id) appears 2 times; this is copy 2,medium,,
884,data_quality,order_reviews,97819,1258a603cc9e4897f7955ab218c83b8c,,duplicate_key,key (review_id) appears 2 times; this is copy 2,medium,,
885,data_quality,order_reviews,97820,9ea72755ef171e35b7b68ec0c8ed822c,,duplicate_key,key (review_id) appears 2 times; this is copy 2,medium,,
886,data_quality,order_reviews,97852,9487a43f29708b00c4b6ef5af2441d1f,,duplicate_key,key (review_id) appears 2 times; this is copy 2,medium,,
887,data_quality,order_reviews,97875,b34f4a786bf00b7c8486141ba482783b,,duplicate_key,key (review_id) appears 2 times; this is copy 2,medium,,
888,data_quality,order_reviews,98027,3f46e84c6219e517bfc5857a33e8ca52,,duplicate_key,key (review_id) appears 2 times; this is copy 2,medium,,
889,data_quality,order_reviews,98082,23a008b7ae9704e3b656a489d9da4681,,duplicate_key,key (review_id) appears 2 times; this is copy 2,medium,,
890,data_quality,order_reviews,98099,8b80c267f4defd196be570155c27178f,,duplicate_key,key (review_id) appears 2 times; this is copy 2,medium,,
891,data_quality,order_reviews,98140,770faa71525d4c7b82eefe9c90ab74a5,,duplicate_key,key (review_id) appears 2 times; this is copy 2,medium,,
892,data_quality,order_reviews,98185,c487103af542dc831f15ada65932a02b,,duplicate_key,key (review_id) appears 2 times; this is copy 2,medium,,
893,data_quality,order_reviews,98239,fde5986d35c89aa1b6ce4149de82a0d3,,duplicate_key,key (review_id) appears 2 times; this is copy 2,medium,,
894,data_quality,order_reviews,98317,76bea9c81fcf08bfb8e6c21e25a4976e,,duplicate_key,key (review_id) appears 2 times; this is copy 2,medium,,
895,data_quality,order_reviews,98498,870d856a4873d3a67252b0c51d79b950,,duplicate_key,key (review_id) appears 2 times; this is copy 2,medium,,
896,data_quality,order_reviews,98565,85089552b825fd51a0692a1fc8b47b2e,,duplicate_key,key (review_id) appears 2 times; this is copy 2,medium,,
897,data_quality,order_reviews,98613,d23bba9a2f1d16e5505a02e5968c1e68,,duplicate_key,key (review_id) appears 2 times; this is copy 2,medium,,
898,data_quality,order_reviews,98616,3d0746e0f8bf4bd55b7b3f3dd385b828,,duplicate_key,key (review_id) appears 2 times; this is copy 2,medium,,
899,data_quality,order_reviews,98661,289450935cf7a082af13e04160716ce5,,duplicate_key,key (review_id) appears 2 times; this is copy 2,medium,,
900,data_quality,order_reviews,98741,b2935d1afb8b664cdbaea09568e6e5e5,,duplicate_key,key (review_id) appears 2 times; this is copy 2,medium,,
901,data_quality,order_reviews,98888,63c51abb0488ed1346fe3215f1571f15,,duplicate_key,key (review_id) appears 2 times; this is copy 2,medium,,
902,data_quality,order_reviews,98990,dfb3db02188d809d5cd199496b6da87e,,duplicate_key,key (review_id) appears 2 times; this is copy 2,medium,,
903,data_quality,order_reviews,99086,0a6ec47c5d78509672e16b95efcff53b,,duplicate_key,key (review_id) appears 2 times; this is copy 2,medium,,
904,data_quality,order_reviews,99109,2c6c08892b83ba4c1be33037c2842294,,duplicate_key,key (review_id) appears 2 times; this is copy 2,medium,,
905,data_quality,order_reviews,99125,6ec93e77f444e0b1703740a69122e35d,,duplicate_key,key (review_id) appears 2 times; this is copy 2,medium,,
906,data_quality,order_reviews,99165,2afe63a67dfd99b3038f568fb47ee761,,duplicate_key,key (review_id) appears 2 times; this is copy 2,medium,,
907,data_quality,order_reviews,99168,017808d29fd1f942d97e50184dfb4c13,,duplicate_key,key (review_id) appears 2 times; this is copy 2,medium,,
908,data_quality,order_reviews,99179,44d1e9165ec54b1d89d33594856af859,,duplicate_key,key (review_id) appears 2 times; this is copy 2,medium,,
2471,data_quality,products,1629,0105b5323d24fc655f73052694dbbb3a,,orphan_foreign_key,product_category_name = 'pc_gamer' not found in category_translation.product_category_name,medium,,
2472,data_quality,products,5822,6fd83eb3e0799b775e4f946bd66657c0,,orphan_foreign_key,product_category_name = 'portateis_cozinha_e_preparadores_de_alimentos' not found in category_translation.product_category_name,medium,,
2473,data_quality,products,7326,5d923ead886c44b86845f69e50520c3e,,orphan_foreign_key,product_category_name = 'portateis_cozinha_e_preparadores_de_alimentos' not found in category_translation.product_category_name,medium,,
2474,data_quality,products,7479,6727051471a0fc4a0e7737b57bff2549,,orphan_foreign_key,product_category_name = 'pc_gamer' not found in category_translation.product_category_name,medium,,
2475,data_quality,products,8820,bed164d9d628cf0593003389c535c6e0,,orphan_foreign_key,product_category_name = 'portateis_cozinha_e_preparadores_de_alimentos' not found in category_translation.product_category_name,medium,,
2476,data_quality,products,11040,1220978a08a6b29a202bc015b18250e9,,orphan_foreign_key,product_category_name = 'portateis_cozinha_e_preparadores_de_alimentos' not found in category_translation.product_category_name,medium,,
2477,data_quality,products,14267,ae62bb0f95af63d64eae5f93dddea8d3,,orphan_foreign_key,product_category_name = 'portateis_cozinha_e_preparadores_de_alimentos' not found in category_translation.product_category_name,medium,,
2478,data_quality,products,16183,1954739d84629e7323a4295812a3e0ec,,orphan_foreign_key,product_category_name = 'portateis_cozinha_e_preparadores_de_alimentos' not found in category_translation.product_category_name,medium,,
2479,data_quality,products,16931,dbe520fb381ad695a7e1f2807d20c765,,orphan_foreign_key,product_category_name = 'pc_gamer' not found in category_translation.product_category_name,medium,,
2480,data_quality,products,17801,c7a3f1a7f9eef146cc499368b578b884,,orphan_foreign_key,product_category_name = 'portateis_cozinha_e_preparadores_de_alimentos' not found in category_translation.product_category_name,medium,,
2481,data_quality,products,18611,7afdd65f79f63819ff5bee328843fa37,,orphan_foreign_key,product_category_name = 'portateis_cozinha_e_preparadores_de_alimentos' not found in category_translation.product_category_name,medium,,
2482,data_quality,products,26891,a4756663d007b0cd1af865754d08d968,,orphan_foreign_key,product_category_name = 'portateis_cozinha_e_preparadores_de_alimentos' not found in category_translation.product_category_name,medium,,
2483,data_quality,products,29920,cb9d764f38ee4d0c00af64d5c388f837,,orphan_foreign_key,product_category_name = 'portateis_cozinha_e_preparadores_de_alimentos' not found in category_translation.product_category_name,medium,,
